{
"type": "FeatureCollection",
"name": "huc02_conus",
"crs": { "type": "name", "properties": { "name": "urn:ogc:def:crs:OGC:1.3:CRS84" } },
"features": [
{ "type": "Feature", "properties": { "huc2": "06", "name": "Tennessee Region" }, "geometry": { "type": "Polygon", "coordinates": [ [ [ -88.679476531593124, 36.966526041840766 ], [ -88.626830702994411, 37.084963789301213 ], [ -88.483340655203378, 37.035103652586187 ], [ -88.395123999925673, 37.110153326623184 ], [ -88.319005082388259, 37.11593206534554 ], [ -88.216770298956348, 36.97939555865036 ], [ -88.10246073945045, 36.939750182467357 ], [ -88.046907280986616, 36.710002132725599 ], [ -87.969306927315913, 36.600662255510358 ], [ -87.958976720953984, 36.475631732150816 ], [ -87.77165985515262, 36.362480149878571 ], [ -87.699157739885237, 36.250774410439888 ], [ -87.58953859897791, 36.214050324119803 ], [ -87.529220556592421, 36.093952194055348 ], [ -87.394462553756611, 36.099140174290291 ], [ -87.304954527776658, 35.953674335894824 ], [ -87.083709699827011, 35.876075706189972 ], [ -87.017669660822051, 35.797042838690267 ], [ -86.797218345584056, 35.795082095747183 ], [ -86.640731780303682, 35.703510314773716 ], [ -86.519599904224222, 35.712753259487776 ], [ -86.469703655639009, 35.644187958356689 ], [ -86.410011328027309, 35.656688715008414 ], [ -86.403373725845199, 35.618820150609132 ], [ -86.3425521785245, 35.664154012424682 ], [ -86.240875257948034, 35.627799984489762 ], [ -86.24659726721579, 35.687023188728482 ], [ -86.191970861842691, 35.701541858545262 ], [ -86.020721465495726, 35.579540280787235 ], [ -86.030471770723182, 35.551502245958304 ], [ -85.946403527549307, 35.481197351727936 ], [ -85.895477282265574, 35.478824579708245 ], [ -85.849998472796329, 35.431682603360677 ], [ -85.797721884963138, 35.446472188394424 ], [ -85.77339172820713, 35.352958715014168 ], [ -85.597541821730701, 35.358108525338622 ], [ -85.583229092345704, 35.313316334730601 ], [ -85.465484607830049, 35.41637803462919 ], [ -85.491615273639525, 35.528621696740473 ], [ -85.441726674083199, 35.576606741631842 ], [ -85.365158115484334, 35.523979193542537 ], [ -85.308128380064602, 35.545242341874719 ], [ -85.166114839871909, 35.711269356239363 ], [ -85.096351585857192, 35.742591897118345 ], [ -85.100975010698008, 35.872943876745595 ], [ -85.071800238348118, 35.907035818255167 ], [ -85.116050717917304, 35.913257555940675 ], [ -85.132698063227579, 36.018516534718792 ], [ -85.19249728867824, 36.053878804784418 ], [ -85.043876646433986, 36.182304344805523 ], [ -84.914802542756277, 36.18256758615518 ], [ -84.848854077777816, 36.254554750100098 ], [ -84.761276273410175, 36.237800622420302 ], [ -84.761993374004419, 36.195575744067881 ], [ -84.585807796615981, 36.234256720941879 ], [ -84.458587627002558, 36.18952560956582 ], [ -84.454635651145821, 36.118995671851856 ], [ -84.32477572494615, 36.104446383641331 ], [ -84.24791713696635, 36.149753573353202 ], [ -84.225494395349301, 36.217601805420905 ], [ -84.32669069250916, 36.424804687626271 ], [ -84.296951261297167, 36.436366992482569 ], [ -84.225158707234542, 36.376354196220269 ], [ -84.078491180922185, 36.454872122144231 ], [ -83.877769476854269, 36.473297107664592 ], [ -83.53033811304374, 36.666035325968558 ], [ -83.135245217715322, 36.742600327328724 ], [ -83.072781026130812, 36.854474639645936 ], [ -82.878452051224045, 36.889777726553675 ], [ -82.868291905108222, 36.976679474226643 ], [ -82.676808885422247, 37.061102873678337 ], [ -82.520458000254067, 36.993498266179948 ], [ -82.510000695296014, 36.942715177776336 ], [ -82.471242981428887, 36.991197220036327 ], [ -82.358951075286299, 36.955846970183778 ], [ -82.311030442044213, 37.007419185885531 ], [ -82.258047221073923, 36.98907703549974 ], [ -82.217562787576384, 37.030609435424083 ], [ -82.044672834326946, 37.046567429081264 ], [ -82.007923698754666, 37.119735477173812 ], [ -81.91453883338275, 37.130566515866207 ], [ -81.726302758498846, 37.240500804289489 ], [ -81.678115552217406, 37.201455223573781 ], [ -81.699401903063205, 37.161163761745868 ], [ -81.662429923262792, 37.117623019666823 ], [ -81.442302194305555, 37.214096787463191 ], [ -81.411739308212958, 37.122067131164954 ], [ -81.45332763455194, 37.10808902916402 ], [ -81.401306945652507, 37.116158674421996 ], [ -81.416586616839282, 37.081621522153313 ], [ -81.390208443025557, 37.055191659323057 ], [ -81.27072951454484, 37.06882862773876 ], [ -81.261118422386801, 37.031719456608329 ], [ -81.372682682225744, 36.963927998201335 ], [ -81.285578217716406, 36.885419576587822 ], [ -81.391107917181316, 36.81021467591551 ], [ -81.336206223089405, 36.739656187154665 ], [ -81.544557091465819, 36.701815181666937 ], [ -81.53904420393259, 36.665323231631483 ], [ -81.67237094331341, 36.592700930025622 ], [ -81.707962054050327, 36.536170985941652 ], [ -81.695289655039616, 36.467330930077296 ], [ -81.741844210707001, 36.410888664718144 ], [ -81.705253583504401, 36.341453562878215 ], [ -81.737919080589307, 36.269332768075898 ], [ -81.699404074857185, 36.233615707436591 ], [ -81.718673188672867, 36.121366976221992 ], [ -81.875645768150889, 36.124973972760863 ], [ -81.896604555442977, 36.063431874884024 ], [ -81.942805519850467, 36.060975815589714 ], [ -81.963662199902231, 36.013187866398688 ], [ -81.95446491138874, 35.926917021575704 ], [ -81.980187877102964, 35.885250639076588 ], [ -82.099555876429122, 35.851458827182782 ], [ -82.193594783536952, 35.734793384900826 ], [ -82.289229288071027, 35.696008103839681 ], [ -82.265008889003568, 35.61392148193832 ], [ -82.342674783047727, 35.568932523065875 ], [ -82.314073598813849, 35.505819666324129 ], [ -82.371882355987836, 35.480088718925892 ], [ -82.312770730107147, 35.454324587177155 ], [ -82.345729892998165, 35.408623458634921 ], [ -82.310632634556185, 35.377905757128808 ], [ -82.370704529301179, 35.343543401680172 ], [ -82.429154828162893, 35.246650093615813 ], [ -82.539556587346496, 35.229505760414142 ], [ -82.58006555706838, 35.14150083608159 ], [ -82.681367026134041, 35.128047520446316 ], [ -82.774608345583431, 35.064591647564917 ], [ -82.849580110864849, 35.12208481876425 ], [ -82.906166630800499, 35.102492066817064 ], [ -82.927352510184193, 35.172069512292296 ], [ -82.996649905438417, 35.163523516939456 ], [ -82.978815771578724, 35.130052131798827 ], [ -83.066323246151072, 35.162363434746482 ], [ -83.146789389493705, 35.113261982610389 ], [ -83.186394834205871, 35.039938576845287 ], [ -83.285776467118168, 35.037090170849709 ], [ -83.299692822016667, 34.965524916344599 ], [ -83.367855409070643, 34.906126890734882 ], [ -83.457546613673259, 34.920596036798358 ], [ -83.486456507826276, 34.998556195088305 ], [ -83.559316879152092, 35.038555946050778 ], [ -83.602045214784113, 34.989786026988874 ], [ -83.595150987892396, 34.917378847863624 ], [ -83.656376026997691, 34.87872261106866 ], [ -83.667015613062631, 34.806440635417673 ], [ -83.712102096725403, 34.79060018969308 ], [ -83.794913191362184, 34.824645555432653 ], [ -83.840908979983865, 34.724915519031235 ], [ -83.940245580970796, 34.740805342290358 ], [ -84.036989924825178, 34.641778781349004 ], [ -84.126551980319263, 34.66456332384849 ], [ -84.185482039693881, 34.629726885293429 ], [ -84.278538372508393, 34.721228552264904 ], [ -84.341410602808082, 34.736632699640893 ], [ -84.31210617675697, 34.781404813737751 ], [ -84.343844694188391, 34.823126202040044 ], [ -84.330096816884122, 34.867716011125843 ], [ -84.487653083958421, 34.812514349761692 ], [ -84.523551960476112, 34.996574374317944 ], [ -84.566650401744667, 35.027587892906631 ], [ -84.631156944999844, 35.011486078999411 ], [ -84.854789725132036, 35.151412930074628 ], [ -84.91049197923698, 35.052524537012872 ], [ -84.950271567406531, 35.043857600188737 ], [ -84.962181992953319, 34.955556890340418 ], [ -85.078427857354839, 34.706205409901578 ], [ -85.224495990519372, 34.707754769090805 ], [ -85.246802759462568, 34.78581166622606 ], [ -85.30134317399137, 34.781020760417924 ], [ -85.45539644278368, 34.605466089894939 ], [ -85.485240163306713, 34.616349722261262 ], [ -85.466379973343223, 34.709600041410468 ], [ -85.517980127683373, 34.694550012883916 ], [ -85.587872101906001, 34.583414773970773 ], [ -85.661550253275124, 34.592089878879335 ], [ -85.826169988618958, 34.435830025280985 ], [ -86.05500024237304, 34.145379913646508 ], [ -86.107319969560947, 34.150349901561988 ], [ -86.110329932952013, 34.111869966390927 ], [ -86.1518899044721, 34.15299984101911 ], [ -86.149410085555999, 34.233849995074465 ], [ -86.1984043806263, 34.254489099804708 ], [ -86.377240010147545, 34.248639884682007 ], [ -86.489479862782176, 34.123249875461411 ], [ -86.516189850627185, 34.135279985080643 ], [ -86.510059985127995, 34.184889988141613 ], [ -86.441729848196942, 34.28797008563604 ], [ -86.490230006457878, 34.324520007990209 ], [ -86.596459906745153, 34.309999854309289 ], [ -86.608490572232895, 34.280506966005504 ], [ -86.721339767530864, 34.291419911764983 ], [ -86.756895197121807, 34.327813595208291 ], [ -86.864239752408992, 34.240830040540565 ], [ -86.933239884203203, 34.256430059994706 ], [ -86.988679792848316, 34.311560029466058 ], [ -87.07883801559511, 34.300173272933421 ], [ -87.13511013974302, 34.344849881167605 ], [ -87.230389790803372, 34.343950031677764 ], [ -87.31071540006802, 34.384818372105663 ], [ -87.33721001085884, 34.435290111241031 ], [ -87.382969911948038, 34.398200052936083 ], [ -87.501890075565967, 34.390089864535412 ], [ -87.55919990128055, 34.255590084646869 ], [ -87.621899951777209, 34.228460079303879 ], [ -87.721969824434879, 34.247840172669619 ], [ -87.744809883151305, 34.219439924415958 ], [ -88.199204705518355, 34.463964402420892 ], [ -88.230171126945862, 34.577231160839823 ], [ -88.206948664647669, 34.633974863734856 ], [ -88.257834427802294, 34.706157055557149 ], [ -88.282420433662523, 34.725369441562144 ], [ -88.349843570433222, 34.683565937972269 ], [ -88.410819117982257, 34.762455945826403 ], [ -88.412255214867542, 34.851296244803031 ], [ -88.444122691863001, 34.877204035401491 ], [ -88.429676198696882, 34.930793854475304 ], [ -88.498146055868204, 35.014331808796975 ], [ -88.477455138082064, 35.055564842772341 ], [ -88.49875643072275, 35.202022525697579 ], [ -88.543205288741589, 35.260139438799655 ], [ -88.435569749766202, 35.512371034335274 ], [ -88.439002961931266, 35.569545756314731 ], [ -88.486434934898199, 35.598896000442842 ], [ -88.449752788286673, 35.735660584834207 ], [ -88.479980503739014, 35.784656532804618 ], [ -88.450958275538213, 35.79515455028271 ], [ -88.435127230862733, 35.900958995129407 ], [ -88.326942470977656, 35.921615594828289 ], [ -88.339324948656781, 35.9716834681116 ], [ -88.30610657353084, 36.051052060646825 ], [ -88.328636155880957, 36.202327766158923 ], [ -88.357673666526807, 36.230777718538612 ], [ -88.321342445981514, 36.284152974925959 ], [ -88.388618455884469, 36.313514701957843 ], [ -88.289405853722016, 36.382926926186833 ], [ -88.343978905554252, 36.479099300195273 ], [ -88.393707243930137, 36.476390800202587 ], [ -88.452784886094463, 36.521952207273863 ], [ -88.436057225217382, 36.594904093346372 ], [ -88.520464927301191, 36.668307304147739 ], [ -88.510289371745486, 36.705891924003481 ], [ -88.587864660317692, 36.753992841505379 ], [ -88.627399113876891, 36.897119814270532 ], [ -88.679476531593124, 36.966526041840766 ] ] ] } },
{ "type": "Feature", "properties": { "huc2": "13", "name": "Rio Grande Region" }, "geometry": { "type": "Polygon", "coordinates": [ [ [ -109.023405317277465, 30.973940529714895 ], [ -108.946601847866361, 31.031261414957264 ], [ -108.86677553582814, 31.011266694031583 ], [ -108.83541104957223, 31.03605270088751 ], [ -108.856666541159001, 31.127441410380371 ], [ -108.79821010818732, 31.196870788775147 ], [ -108.811180123633051, 31.245475793787683 ], [ -108.744433975990333, 31.359917301669338 ], [ -108.785624310210551, 31.555019396165374 ], [ -108.695268908220086, 31.545108628022813 ], [ -108.658789761207629, 31.610558972442107 ], [ -108.71500076050711, 31.62094693332622 ], [ -108.662983818884982, 31.695030189431971 ], [ -108.727351501111499, 31.893003542624239 ], [ -108.677171293995983, 31.981748366200065 ], [ -108.709591372189678, 32.099021227852333 ], [ -108.558460310359337, 32.099502513497981 ], [ -108.441718839037549, 31.953081821821723 ], [ -108.338541907431477, 31.994601559893319 ], [ -108.222078234667507, 32.00148866475282 ], [ -108.186837558905836, 31.972064373457034 ], [ -108.204582111831144, 32.002604845074117 ], [ -108.171708160989994, 32.035235068129538 ], [ -108.224614462411523, 32.103617189784551 ], [ -108.203273126459749, 32.309392977822775 ], [ -108.23811187352338, 32.384838289691807 ], [ -108.408497105766529, 32.51403182205091 ], [ -108.431836188720339, 32.590723903439013 ], [ -108.342803933619521, 32.654460099485547 ], [ -108.32329156458583, 32.7883671465963 ], [ -108.353951383514925, 32.832182336598002 ], [ -108.229485161649691, 32.85489977816173 ], [ -108.163784112193923, 32.919601682766874 ], [ -108.103055471406705, 32.922981757462857 ], [ -108.098755188288379, 32.961451379210885 ], [ -107.963517944956408, 33.100270771115014 ], [ -107.854501873094065, 33.142625471045832 ], [ -107.840372188060542, 33.182881631095306 ], [ -107.869927231472573, 33.205355462319041 ], [ -107.818763851004221, 33.287056708957778 ], [ -107.845085802570111, 33.32601906196615 ], [ -107.815475278999514, 33.369954644963762 ], [ -107.869585903222429, 33.448300260793033 ], [ -107.802176591038858, 33.520304278650833 ], [ -107.794583195758506, 33.596814440764462 ], [ -107.83003468313845, 33.635943522104668 ], [ -107.785090651708316, 33.700781383628879 ], [ -107.835202666183477, 33.72892364712358 ], [ -108.010677374330271, 33.741241654906659 ], [ -108.003791663449476, 33.685866044157166 ], [ -108.238305730797137, 33.661314154272262 ], [ -108.40525753624074, 33.55570417516418 ], [ -108.518490750462036, 33.607036368334299 ], [ -108.427136840634276, 33.638453593611544 ], [ -108.492712083855224, 33.681463562197287 ], [ -108.438264787341296, 33.739883183825604 ], [ -108.487030945381676, 33.748574466826504 ], [ -108.474780031338852, 33.810030210831876 ], [ -108.418146998362559, 33.831899708533058 ], [ -108.459946865060118, 33.902405698526984 ], [ -108.403378388155261, 33.921400683627368 ], [ -108.42500257274186, 33.933525486879532 ], [ -108.410539905750426, 34.006093327806887 ], [ -108.257302405502799, 34.077233542333261 ], [ -108.102974958147655, 34.292911935325428 ], [ -108.036170399278348, 34.326534123769953 ], [ -108.159040092954911, 34.378825531361912 ], [ -108.189378484470481, 34.442956371551048 ], [ -108.23434914680756, 34.428140493853022 ], [ -108.289227948960402, 34.456401636538651 ], [ -108.314314631976103, 34.564299846505357 ], [ -108.410447907045366, 34.569698829439226 ], [ -108.41001091355345, 34.638459020358667 ], [ -108.377532623208822, 34.674409697014489 ], [ -108.3282457513331, 34.656079625079563 ], [ -108.312395348008152, 34.690930596184032 ], [ -108.323811910956337, 34.772125954127098 ], [ -108.226978850993646, 34.84067815955509 ], [ -108.217936873404398, 34.898018287654075 ], [ -108.145633790200876, 34.97826683790651 ], [ -108.077295283172234, 35.00983904439034 ], [ -108.157122907244855, 35.056868583006562 ], [ -108.190949108749791, 35.122701375177783 ], [ -108.370897292821169, 35.193962301898438 ], [ -108.363839011460001, 35.245553383757276 ], [ -108.390339996121156, 35.260001173973876 ], [ -108.365215002096576, 35.318809029528637 ], [ -108.393849611052161, 35.345725157222432 ], [ -108.244549318420894, 35.459561876557892 ], [ -108.176522767741972, 35.578005303176553 ], [ -108.024723845508476, 35.602422009807448 ], [ -107.972907877362246, 35.558618871639531 ], [ -107.918803115832333, 35.578177539070403 ], [ -107.794881147579559, 35.686859199009611 ], [ -107.774559144254894, 35.757655975286958 ], [ -107.498232286354295, 35.842954496204861 ], [ -107.347207468712796, 36.060368407879544 ], [ -107.15847429195027, 36.057278189360325 ], [ -107.062927027511634, 36.107217755067857 ], [ -107.02524930908055, 36.189239107374938 ], [ -106.957956950576047, 36.19986245093834 ], [ -106.950687395566106, 36.338040950088732 ], [ -107.018580337611951, 36.434379388879435 ], [ -106.959546886397163, 36.515029485174544 ], [ -106.999807012553532, 36.658638740742262 ], [ -106.94841648315716, 36.703981745467047 ], [ -106.937145477333658, 36.804553770134241 ], [ -106.873793699304997, 36.804816469943511 ], [ -106.701382724396368, 36.901127093578239 ], [ -106.733694770160938, 36.960299678657989 ], [ -106.691338999474226, 37.039291064356384 ], [ -106.630090103773995, 37.040267582145184 ], [ -106.626765603487812, 37.116311176008907 ], [ -106.588213338844696, 37.138342968514628 ], [ -106.594415691658924, 37.207895070503476 ], [ -106.694288495314183, 37.272326223636568 ], [ -106.663482468350153, 37.310843767702259 ], [ -106.707585335071997, 37.336213267031397 ], [ -106.641361872024632, 37.408822183209523 ], [ -106.660757560538954, 37.429554003814829 ], [ -106.873550763303328, 37.499336154044258 ], [ -106.887918377533353, 37.564779683574308 ], [ -107.077667147847322, 37.568908444456383 ], [ -107.152313929482631, 37.636962854892637 ], [ -107.23061591605196, 37.595142248610443 ], [ -107.289156442239801, 37.667399909283162 ], [ -107.269192278191227, 37.695965030012154 ], [ -107.374788049526813, 37.687598046868743 ], [ -107.461435105916181, 37.629373216187147 ], [ -107.537236485664408, 37.708300142194346 ], [ -107.554788605963154, 37.789609552105404 ], [ -107.494706159714639, 37.849686456925419 ], [ -107.347645849634688, 37.857328140290463 ], [ -107.267275065585608, 37.938037383199998 ], [ -107.008977213249963, 37.946466699910964 ], [ -106.967238109945697, 37.974842214580413 ], [ -106.871531108933752, 37.941717754364831 ], [ -106.816419839422181, 37.955717750150782 ], [ -106.767696606784753, 38.079153484307326 ], [ -106.685149172750357, 38.081281856861956 ], [ -106.610941423108912, 38.13426708549504 ], [ -106.504878348971019, 38.314903898300287 ], [ -106.434239032289241, 38.281850061889614 ], [ -106.338673046852279, 38.287001580890589 ], [ -106.31605890200612, 38.342621189360571 ], [ -106.161011863953703, 38.342675183993116 ], [ -106.058609605779807, 38.456654998422579 ], [ -106.019249379643512, 38.454381666751758 ], [ -105.673206178731505, 38.159074423458236 ], [ -105.584227136692988, 37.967338190352059 ], [ -105.530136548494184, 37.953171676440057 ], [ -105.429163974042922, 37.852466211816449 ], [ -105.492650036327603, 37.582496706334169 ], [ -105.297170292340894, 37.658106700801625 ], [ -105.187356986379029, 37.619441949289303 ], [ -105.218070030156326, 37.581912903762515 ], [ -105.129635644840263, 37.409493532857887 ], [ -105.168959566911823, 37.37547387241915 ], [ -105.166249130753258, 37.151863881548586 ], [ -105.23664724513695, 37.031331369439656 ], [ -105.200384134254634, 36.913572458088325 ], [ -105.224595925700967, 36.73383278386401 ], [ -105.31282994025679, 36.72351915601844 ], [ -105.370641013116895, 36.680767025676431 ], [ -105.348949725779946, 36.570873838348454 ], [ -105.377432290310253, 36.552247712436234 ], [ -105.318674364170008, 36.491635634525011 ], [ -105.357372877218367, 36.45093077155169 ], [ -105.327382507165382, 36.405248523512633 ], [ -105.327659794393171, 36.276929547327882 ], [ -105.409560148545268, 36.237169120906067 ], [ -105.396576055888175, 36.193620323463193 ], [ -105.456020039218004, 36.046462139669295 ], [ -105.557068945854567, 35.984367344178033 ], [ -105.487320906983115, 35.948522833036584 ], [ -105.533047027698601, 35.813402102975637 ], [ -105.445919318122463, 35.789508078649384 ], [ -105.410092824490661, 35.740497025525436 ], [ -105.099043479759999, 35.724985523238686 ], [ -105.034461865626028, 35.648662623408164 ], [ -105.05748162208323, 35.62183471936622 ], [ -104.995371696644924, 35.574972482736982 ], [ -105.012533335531216, 35.525306479994775 ], [ -104.953494090066059, 35.4693917962081 ], [ -104.904894250573022, 35.4684570513107 ], [ -104.876909830029945, 35.397526199869212 ], [ -104.819844992886587, 35.388732261296333 ], [ -104.797333590335768, 35.331744634162995 ], [ -104.842076662627122, 35.293743844733804 ], [ -104.79372547781982, 35.237207324793303 ], [ -104.698233832598945, 35.257960349187663 ], [ -104.622189276423953, 35.211605112173658 ], [ -104.57721428069479, 35.070316252272136 ], [ -104.493366950739485, 35.035328870868881 ], [ -104.41900704202078, 34.937230836488908 ], [ -104.077088689899654, 34.980916596919045 ], [ -104.051297217215577, 34.947038958087553 ], [ -104.068470566791433, 34.910007163146496 ], [ -103.957649910659356, 34.872050060487382 ], [ -103.915947055077481, 34.823789554077266 ], [ -103.750763600132032, 34.819154318914734 ], [ -103.666841372187704, 34.702377824885126 ], [ -103.599447748263103, 34.682343578419321 ], [ -103.668188872638268, 34.540844111877099 ], [ -103.744321361276207, 34.549242963042673 ], [ -103.827905881297767, 34.478500622237107 ], [ -103.870301731919866, 34.344791255549097 ], [ -103.838991748841764, 34.27275474810682 ], [ -103.868906992374306, 34.238938006742181 ], [ -103.79744690865212, 34.153858544533819 ], [ -103.792278056873329, 34.119860558286931 ], [ -103.829275964801681, 34.091465861621728 ], [ -103.781072322332946, 33.999261611352019 ], [ -103.796393632813675, 33.899609647612792 ], [ -103.735958819951534, 33.855033677136831 ], [ -103.687407593203318, 33.658178549082976 ], [ -103.629907993004053, 33.606586783327728 ], [ -103.697076890029322, 33.522309156129253 ], [ -103.680329892161168, 33.445213586127608 ], [ -103.718819577843945, 33.414285669277959 ], [ -103.760373567617307, 33.424227380142007 ], [ -103.740634046224059, 33.403003417157954 ], [ -103.805773568542435, 33.392869882644263 ], [ -103.837731871150979, 33.354145370662749 ], [ -103.793495508651404, 33.103441451150331 ], [ -103.863118409616632, 33.0229199966492 ], [ -103.580803237924357, 32.794352559763858 ], [ -103.371726620396331, 32.740387839541093 ], [ -103.138161042062123, 32.595582177287973 ], [ -103.069111945922486, 32.467237906080946 ], [ -102.943070041059158, 32.396045090810908 ], [ -102.96081094795629, 32.366798094478106 ], [ -102.922951266610582, 32.313279890859448 ], [ -102.831331068626199, 32.264255692283704 ], [ -102.835602062048935, 32.166131941203268 ], [ -102.771860114691506, 32.059136808588818 ], [ -102.837719537518154, 32.027518528169836 ], [ -102.847780868898838, 31.99153635476555 ], [ -102.565275932917757, 31.787353296075405 ], [ -102.540085537004003, 31.737785260552794 ], [ -102.301780505944663, 31.711232346908144 ], [ -102.247824485932369, 31.679502197238673 ], [ -102.237035293559671, 31.629719614229096 ], [ -102.154850020497392, 31.556820911960774 ], [ -102.171578014155372, 31.457726216221594 ], [ -102.147359727296632, 31.418754822819729 ], [ -101.939279945302161, 31.400399939290892 ], [ -101.911729981866785, 31.296919995357335 ], [ -101.83696001914339, 31.275090021956604 ], [ -101.760240000994358, 31.174850018624912 ], [ -101.708810007385864, 31.190270006901606 ], [ -101.582028668651489, 31.10007312672861 ], [ -101.377770504596228, 31.110137335997052 ], [ -101.280719842632081, 31.045252676666252 ], [ -101.217607588336492, 31.054007062246487 ], [ -101.136968169434809, 31.006884663539676 ], [ -100.924294923031226, 31.037961538661431 ], [ -100.896328274874506, 30.967843552679128 ], [ -100.613519778773281, 30.844048370624336 ], [ -100.602271414213973, 30.776308763316901 ], [ -100.53265179564788, 30.724252181412826 ], [ -100.487329729924724, 30.563258012293943 ], [ -100.500579278215767, 30.471711656652371 ], [ -100.466352085665321, 30.420011393464065 ], [ -100.481176420328012, 30.352694126221834 ], [ -100.451016820943607, 30.274421750666498 ], [ -100.493756888169003, 30.213515129097495 ], [ -100.409135297799949, 30.141253633992939 ], [ -100.554918188481125, 29.900734235510225 ], [ -100.563378982447105, 29.82500936932615 ], [ -100.484898708303348, 29.774579634919395 ], [ -100.512678506386891, 29.689455826065497 ], [ -100.432670952412892, 29.626140571218624 ], [ -100.429258162170214, 29.574644912487617 ], [ -100.461525188576843, 29.543771577723785 ], [ -100.366626260583914, 29.518005872845325 ], [ -100.304952973767058, 29.463607230874839 ], [ -100.319491074538703, 29.402917343112541 ], [ -100.389103713239962, 29.36797139854993 ], [ -100.406913709269148, 29.176884783273341 ], [ -100.377025025649687, 29.035042587881676 ], [ -100.338812748422342, 29.004655384231224 ], [ -100.400131592618962, 28.815784945216688 ], [ -100.384726187188349, 28.750158504618188 ], [ -100.239808837368997, 28.620725997782912 ], [ -100.184692041367896, 28.507225423993336 ], [ -100.068196676049681, 28.485479376811934 ], [ -100.020277565847266, 28.405455572440218 ], [ -99.973659122158566, 28.402843315764162 ], [ -99.919451176820345, 28.256027372827891 ], [ -99.930014693232621, 28.205172845811475 ], [ -99.892169203642453, 28.201899696505784 ], [ -99.882741615306202, 28.110426887993661 ], [ -99.813391897633338, 28.047141706388917 ], [ -99.608662128375556, 28.101174262270529 ], [ -99.551615442716596, 28.070300230683532 ], [ -99.520805521672585, 28.013816756449206 ], [ -99.533530707962115, 27.964894169252741 ], [ -99.468509757655752, 27.920377937686407 ], [ -99.455267088600266, 27.763125503972812 ], [ -99.298677099373933, 27.67034142471233 ], [ -99.282782230439551, 27.598717060495584 ], [ -99.186511903809148, 27.612953506410907 ], [ -99.092956330119534, 27.55606489196548 ], [ -98.960339118166814, 27.536817206697325 ], [ -98.992019551798592, 27.486956533229932 ], [ -98.992208024453745, 27.370698024268247 ], [ -98.859533528408605, 27.31462236268808 ], [ -98.840090681620708, 26.976953983852205 ], [ -98.748081043497038, 26.930782206175419 ], [ -98.638812842319325, 26.6139814900143 ], [ -98.540229658513894, 26.590906908135644 ], [ -98.426695802511361, 26.48618313371011 ], [ -98.462115279153792, 26.356944965007767 ], [ -98.424520020208774, 26.293310004826758 ], [ -98.431910021969813, 26.26600997133448 ], [ -98.471070044396569, 26.273009957702069 ], [ -98.476776401454742, 26.231915978297373 ], [ -98.345691163891999, 26.178369466078149 ], [ -98.308895166966295, 26.130915258379606 ], [ -98.257506964098724, 26.139410831340463 ], [ -98.273334266401704, 26.099348407912011 ], [ -98.247032382830952, 26.076073054283132 ], [ -97.663692748672986, 26.039842373373087 ], [ -97.520331898652245, 25.887288468868288 ], [ -97.463127408273948, 25.893707375942942 ], [ -97.432685663671535, 25.8587693048982 ], [ -97.37984148863012, 25.856760131119142 ], [ -97.342678866913843, 25.950878870491177 ], [ -97.091667358498924, 25.976094557043435 ], [ -97.105051920720527, 25.759932905175241 ], [ -97.151177801789601, 25.607480750111797 ], [ -97.255604824040248, 25.430265787606846 ], [ -97.39088248754453, 25.481586003126061 ], [ -97.459416386079582, 25.567759781389334 ], [ -97.518412814119273, 25.573077027441954 ], [ -97.80920285562344, 25.900131894730297 ], [ -98.272424874225379, 26.024136374993638 ], [ -98.390506088452369, 25.930671458770462 ], [ -98.490432858676797, 25.930825304281953 ], [ -98.495375634403487, 25.847906204686524 ], [ -98.528012564676075, 25.806405584542841 ], [ -98.57872048357487, 25.815859002632529 ], [ -98.617681115060819, 25.746417997666423 ], [ -98.708392367663933, 25.764838326769507 ], [ -98.734807541934373, 25.743331005617222 ], [ -98.788572762493231, 25.768904690159911 ], [ -98.806888759291908, 25.877514855620088 ], [ -98.866249057393446, 25.910812388204775 ], [ -98.838544364082125, 26.026540433807536 ], [ -98.854118306530523, 26.127929671303779 ], [ -98.798680591050314, 26.190533796487408 ], [ -98.853750018473264, 26.365023918905159 ], [ -98.923263550361128, 26.292680764659554 ], [ -99.013153038542342, 26.310781500089092 ], [ -99.072448721050066, 26.279821415727941 ], [ -99.119041412500948, 26.305395142473483 ], [ -99.193588258564148, 26.226532017099483 ], [ -99.27163980227931, 26.22951243995837 ], [ -99.278819721863059, 26.198113248935378 ], [ -99.35314945495864, 26.179611186813798 ], [ -99.417074376015051, 26.117942858248153 ], [ -99.50268550819942, 26.144788758455778 ], [ -99.732870197398057, 26.040335465971776 ], [ -99.907671151663436, 26.039000050987923 ], [ -99.969002713677838, 26.165320971967645 ], [ -99.964947239584461, 26.224723952558712 ], [ -100.001511778938664, 26.229331936204204 ], [ -100.049858708453414, 26.179794225496913 ], [ -100.171369085177275, 26.239409324341768 ], [ -100.197281913788373, 26.40193594386789 ], [ -100.040321333817275, 26.489955928249568 ], [ -99.705833403261181, 26.515594522997546 ], [ -99.605842593945752, 26.660602554079695 ], [ -99.538582156625708, 26.620769571774424 ], [ -99.45761871187068, 26.652193068136764 ], [ -99.422821050127922, 26.628761248026809 ], [ -99.381078435569705, 26.704860850483055 ], [ -99.301094035681146, 26.727893856937975 ], [ -99.304190195181562, 26.838373495672933 ], [ -99.403627665629173, 26.846108328700499 ], [ -99.615058877865934, 26.979570408387787 ], [ -99.679502034296846, 26.966072462814264 ], [ -99.876808159580762, 27.065261882756051 ], [ -99.946571325228206, 27.327888505584319 ], [ -99.936110142234085, 27.362327539222367 ], [ -99.871389780932944, 27.370380069337376 ], [ -99.887695279916684, 27.44756314991718 ], [ -99.949620134053873, 27.469138567715849 ], [ -100.001064083214899, 27.603933713526079 ], [ -100.061080938946006, 27.638416322067009 ], [ -100.108688373378499, 27.645929311832234 ], [ -100.147349558085068, 27.593373819758842 ], [ -100.238563240771214, 27.61093343834019 ], [ -100.282234185691607, 27.691806753191393 ], [ -100.337058988648479, 27.96743775850187 ], [ -100.682200114781992, 27.942260166644168 ], [ -100.755227287481659, 27.909696694343243 ], [ -100.757911666675909, 27.948549189078705 ], [ -100.832039668449866, 27.991311508840301 ], [ -100.805229161253592, 28.060062370009909 ], [ -100.895325460064598, 28.104540979054168 ], [ -100.906196628243464, 28.1565151475288 ], [ -100.972053518728302, 28.154785120256602 ], [ -101.004875170372259, 28.214870488122873 ], [ -101.180397063966666, 28.254158007018567 ], [ -101.231506349739135, 28.332498570929296 ], [ -101.299354561334226, 28.349126788079854 ], [ -101.400066169877434, 28.434750046487498 ], [ -101.40885717222595, 28.529894529726906 ], [ -101.549018817197677, 28.650751074956567 ], [ -101.542991644146312, 28.710809714242078 ], [ -101.585725025902747, 28.788577799312431 ], [ -101.697097814698765, 28.926319145376212 ], [ -101.815308561596964, 28.987137175864447 ], [ -101.911186236027049, 29.00694657201139 ], [ -102.079039918494033, 28.984300365601037 ], [ -102.131752002022125, 29.022722236959961 ], [ -102.201310779391846, 28.911365398596224 ], [ -102.282745384234175, 28.963087035004822 ], [ -102.443550096207233, 28.965028762984886 ], [ -102.517599855735043, 28.907532237628999 ], [ -102.501663232630165, 28.829349483737658 ], [ -102.526779191785891, 28.747371671362043 ], [ -102.47678560358905, 28.656942586309057 ], [ -102.555763279990089, 28.622022608924155 ], [ -102.525542873221909, 28.559256982633467 ], [ -102.566192656254103, 28.546583191647304 ], [ -102.565822376200657, 28.512543203025395 ], [ -102.527504008899442, 28.436391814956771 ], [ -102.576377882164849, 28.41115757796932 ], [ -102.518154736623913, 28.356928845840006 ], [ -102.366947295123325, 28.072583453955474 ], [ -102.388974097209157, 28.02449018641671 ], [ -102.360000970221094, 27.978753314771698 ], [ -102.395461035667594, 27.96099490474024 ], [ -102.56549070995122, 28.070438386795193 ], [ -102.594922362994666, 28.04009296116552 ], [ -102.671352107429982, 28.075150818690645 ], [ -102.788688620810703, 28.071832673302378 ], [ -102.817191584338374, 27.99835989854644 ], [ -102.90790542354155, 28.047065036230446 ], [ -103.108528144071897, 28.325489006014475 ], [ -103.075123109665967, 28.363328277852528 ], [ -103.09056564664445, 28.387548315635552 ], [ -103.191714423743235, 28.435937262976346 ], [ -103.277622835692043, 28.425974014877596 ], [ -103.343460362981943, 28.391451362944732 ], [ -103.374214200675638, 28.313728365827654 ], [ -103.405677787519593, 28.337385186329023 ], [ -103.49957461712701, 28.284333665684112 ], [ -103.514190681541294, 28.254552818086125 ], [ -103.476014627224885, 28.230829778830547 ], [ -103.543205240456217, 28.185810133642743 ], [ -103.605382462052148, 28.26324493892772 ], [ -103.800680448757575, 28.317035898195762 ], [ -103.848114026124591, 28.354526522598189 ], [ -103.83463516750507, 28.451055954770631 ], [ -103.779005734079973, 28.4553797684224 ], [ -103.757560732400677, 28.490856175634267 ], [ -103.82017724243255, 28.556134249502705 ], [ -103.834245884247565, 28.620195789285017 ], [ -103.922368421586668, 28.613112394217531 ], [ -104.038711582992704, 28.708738354596459 ], [ -104.175395691000858, 28.701608296586457 ], [ -104.155994961410656, 28.825218500010344 ], [ -104.185806641938029, 28.87849959345349 ], [ -104.265752551262452, 28.867338817311357 ], [ -104.338819454156436, 28.972979889662639 ], [ -104.416603058036557, 28.9592285184509 ], [ -104.474065741412275, 29.042892904010259 ], [ -104.574023980797904, 29.063796967318645 ], [ -104.620437688578818, 29.13891446693539 ], [ -104.652319137368323, 29.230788518847763 ], [ -104.638670967841378, 29.296459252094071 ], [ -104.587562569038468, 29.312150938173051 ], [ -104.496200603532472, 29.236488320450146 ], [ -104.404945100362184, 29.27447934724934 ], [ -104.386879538171158, 29.356483661461958 ], [ -104.444267228102859, 29.46747586103054 ], [ -104.420896167846834, 29.560777117899274 ], [ -104.510729706562628, 29.561144024051188 ], [ -104.654530211406183, 29.667183921609841 ], [ -104.746252865383838, 29.678692644124382 ], [ -104.83642580116954, 29.778816203175676 ], [ -104.844734185688822, 29.868766750601328 ], [ -104.812934858870364, 29.931377431186846 ], [ -104.828186075462369, 29.99506376618065 ], [ -104.870519573158205, 30.012436688381591 ], [ -104.853317266532898, 30.093584057935907 ], [ -104.888425095432851, 30.111653211106354 ], [ -104.885229880332005, 30.174824692622195 ], [ -104.944370839162175, 30.261800402616952 ], [ -104.957695013908491, 30.478485104003113 ], [ -105.017186085048024, 30.449456739078226 ], [ -105.087742833412833, 30.465617987150594 ], [ -105.205093363790837, 30.57689860675929 ], [ -105.360960499557947, 30.566201825472252 ], [ -105.449642788855627, 30.702107049015677 ], [ -105.554361746101392, 30.728164739958469 ], [ -105.607725575550006, 30.802620121643532 ], [ -105.666531459886627, 30.779627013304999 ], [ -105.765121490453524, 30.821237564018009 ], [ -105.816070567740738, 30.914899817175119 ], [ -105.925628623190775, 30.879934277346802 ], [ -106.150398271836281, 30.965797454629477 ], [ -106.235102888725976, 31.173196383338869 ], [ -106.389769611608969, 31.092090544166766 ], [ -106.524788433334564, 31.087519536633636 ], [ -106.541455427225557, 30.994181185137801 ], [ -106.640610078781563, 30.984026544437015 ], [ -106.810620177715137, 30.895706753563573 ], [ -106.693472460868165, 30.69174295906361 ], [ -106.745803116366929, 30.684706683552299 ], [ -106.783448008839372, 30.599750268448293 ], [ -106.849856563220271, 30.558197886174195 ], [ -106.825597863303884, 30.384906947808123 ], [ -106.945326485488749, 30.407077054232548 ], [ -106.970423704188647, 30.292450803896063 ], [ -107.078128841766627, 30.241474703254909 ], [ -107.213007945767231, 30.361143925698073 ], [ -107.134841487809211, 30.553349671426229 ], [ -107.151982990437389, 30.655234861748042 ], [ -107.194049475395502, 30.690771707549345 ], [ -107.146317250498186, 30.796952476206922 ], [ -107.175843487337545, 30.807456152496382 ], [ -107.192442018455793, 30.881547228400752 ], [ -107.075218824179487, 30.978650716459942 ], [ -107.158282629072119, 31.157402896704397 ], [ -107.219560199669957, 31.176125220685112 ], [ -107.239124756141422, 31.155095241789976 ], [ -107.346895216368182, 31.221226023295891 ], [ -107.410231602483123, 31.195829592249957 ], [ -107.415494057268219, 31.108055541089904 ], [ -107.359068830237092, 31.083894956417495 ], [ -107.352695449628314, 30.975713208278133 ], [ -107.27519240000494, 30.861526786992709 ], [ -107.371507034536563, 30.782658245532126 ], [ -107.483586545061542, 30.771479061661164 ], [ -107.609059909253787, 30.689510058102343 ], [ -107.760276362177208, 30.405785023708738 ], [ -107.734062269180512, 30.355624980824878 ], [ -107.775854065835773, 30.34601347284568 ], [ -107.81734934558493, 30.245611907051998 ], [ -107.877407717657576, 30.261379726025044 ], [ -107.92966734584617, 30.36615579407821 ], [ -108.02512169694208, 30.364869936803981 ], [ -108.103452519647632, 30.460025146143479 ], [ -108.161092649990266, 30.446351965452894 ], [ -108.187790222641937, 30.495146918567507 ], [ -108.236419202198206, 30.462795967693253 ], [ -108.292135099457539, 30.520081137608756 ], [ -108.379582751747634, 30.479890414761233 ], [ -108.359681105834483, 30.447979922701968 ], [ -108.4083961432314, 30.408496300519737 ], [ -108.427598396257949, 30.277161252121516 ], [ -108.51778496672695, 30.260482263313992 ], [ -108.565075126801219, 30.334535468761267 ], [ -108.624535287558615, 30.361987132250054 ], [ -108.607632264075562, 30.423166041895332 ], [ -108.539801335626365, 30.432963737601874 ], [ -108.543219068678212, 30.50183726885291 ], [ -108.628868578858842, 30.561952643432079 ], [ -108.699324088528442, 30.557865907850037 ], [ -108.737021554822036, 30.597107951510768 ], [ -108.784023184749685, 30.581597255390115 ], [ -108.876518048529846, 30.629878898871411 ], [ -108.857761171965635, 30.691204645839456 ], [ -108.906334193324852, 30.762867361318587 ], [ -108.889854119395963, 30.82413891198231 ], [ -108.944895249528145, 30.926902532373315 ], [ -109.023405317277465, 30.973940529714895 ] ] ] } },
{ "type": "Feature", "properties": { "huc2": "08", "name": "Lower Mississippi Region" }, "geometry": { "type": "Polygon", "coordinates": [ [ [ -90.704169724500005, 37.624453663258031 ], [ -90.661253751376549, 37.756255204232083 ], [ -90.333223364228871, 37.861337578213856 ], [ -90.336148333357642, 37.82238362359999 ], [ -90.255898274636209, 37.765277517052979 ], [ -90.246781001831891, 37.641482261884306 ], [ -90.194026280756972, 37.572449921094403 ], [ -90.243460047429693, 37.543377046614495 ], [ -90.279627736935893, 37.420930700769155 ], [ -90.358674253905164, 37.350639230378484 ], [ -90.322620253914693, 37.290579821883561 ], [ -90.374461403257683, 37.282812934783749 ], [ -90.423592556086589, 37.217933689985436 ], [ -90.381312768499882, 37.138644363443412 ], [ -90.269078275959828, 37.09456700801325 ], [ -90.134897390675874, 37.134538769878951 ], [ -90.055212140116538, 37.095402303372019 ], [ -89.849067734725608, 37.205252221987877 ], [ -89.810852438628899, 37.173885685264452 ], [ -89.728704227432161, 37.231458579465901 ], [ -89.552320210023524, 37.243024614567432 ], [ -89.62993488826568, 37.171824935440995 ], [ -89.537435373224582, 37.129182035727993 ], [ -89.446710974989998, 37.153825202144318 ], [ -89.44764570857761, 37.093535675618696 ], [ -89.404212914764543, 37.054447259879531 ], [ -89.419504976431995, 36.994632302727368 ], [ -89.363684046272155, 36.949176115612779 ], [ -89.285837701447477, 36.960603053707224 ], [ -89.240726515911021, 37.008191459890625 ], [ -89.137152272579172, 36.972853513759475 ], [ -89.165762025483218, 37.028883352914804 ], [ -89.150046694164928, 37.074563900209469 ], [ -89.086042981973762, 37.121840306394013 ], [ -89.015354975327966, 37.100986775072073 ], [ -88.948067157834174, 36.989236315701923 ], [ -88.803700813014615, 37.008316856026568 ], [ -88.679476531593124, 36.966526041840766 ], [ -88.627399113876891, 36.897119814270532 ], [ -88.587864660317692, 36.753992841505379 ], [ -88.510289371745486, 36.705891924003481 ], [ -88.520464927301191, 36.668307304147739 ], [ -88.436057225217382, 36.594904093346372 ], [ -88.452784886094463, 36.521952207273863 ], [ -88.393707243930137, 36.476390800202587 ], [ -88.343978905554252, 36.479099300195273 ], [ -88.289405853722016, 36.382926926186833 ], [ -88.388618455884469, 36.313514701957843 ], [ -88.321342445981514, 36.284152974925959 ], [ -88.357673666526807, 36.230777718538612 ], [ -88.328636155880957, 36.202327766158923 ], [ -88.30610657353084, 36.051052060646825 ], [ -88.339324948656781, 35.9716834681116 ], [ -88.326942470977656, 35.921615594828289 ], [ -88.435127230862733, 35.900958995129407 ], [ -88.450958275538213, 35.79515455028271 ], [ -88.479980503739014, 35.784656532804618 ], [ -88.449752788286673, 35.735660584834207 ], [ -88.486434934898199, 35.598896000442842 ], [ -88.439002961931266, 35.569545756314731 ], [ -88.435569749766202, 35.512371034335274 ], [ -88.543205288741589, 35.260139438799655 ], [ -88.49875643072275, 35.202022525697579 ], [ -88.477455138082064, 35.055564842772341 ], [ -88.498146055868204, 35.014331808796975 ], [ -88.429676198696882, 34.930793854475304 ], [ -88.444122691863001, 34.877204035401491 ], [ -88.412255214867542, 34.851296244803031 ], [ -88.403791253082545, 34.748900905004284 ], [ -88.542157159037004, 34.638513788144223 ], [ -88.6681115143802, 34.704664101054611 ], [ -88.768934663480323, 34.570739009556611 ], [ -88.892908944791301, 34.5135314658406 ], [ -88.890557861282602, 34.367390229736571 ], [ -88.966022153448662, 34.309999899916754 ], [ -88.971668042659275, 34.257911925855069 ], [ -89.045623367547421, 34.232620190895304 ], [ -89.041972677671779, 34.1661786076982 ], [ -89.007479532153084, 34.140502471393305 ], [ -89.073253103410224, 34.019890869962843 ], [ -89.033241834554602, 33.890924316265064 ], [ -89.096722219998725, 33.808058618117641 ], [ -89.079643699315127, 33.754144377940733 ], [ -89.115019931841317, 33.684453659956702 ], [ -89.05234911048484, 33.544847788260249 ], [ -89.094298945547166, 33.498067558644664 ], [ -89.083174966429269, 33.415048228066134 ], [ -89.218178487186549, 33.379063577620336 ], [ -89.295882864491531, 33.308841971230521 ], [ -89.36701377149241, 33.32446165318926 ], [ -89.382832385433701, 33.262881167632337 ], [ -89.427882534246478, 33.267328351808906 ], [ -89.513884581046881, 33.176557173374711 ], [ -89.56055580840318, 33.170289186690368 ], [ -89.630535461072142, 32.958560116605327 ], [ -89.65399693928579, 32.962295886280849 ], [ -89.684394599074622, 32.877760737413922 ], [ -89.744269963761454, 32.827764693007509 ], [ -89.764834620199309, 32.688852497409016 ], [ -89.899159799172395, 32.612467242172883 ], [ -90.007456910811072, 32.500522481464792 ], [ -90.113750534602204, 32.460681178083007 ], [ -90.176955844686361, 32.482150502780499 ], [ -90.237499566194359, 32.414713200781506 ], [ -90.234670599247465, 32.362908886677076 ], [ -90.283462507504453, 32.339680919404017 ], [ -90.287602364161316, 32.278667849522002 ], [ -90.360741932937458, 32.25120625321739 ], [ -90.378779083374383, 32.203191532327892 ], [ -90.381315642560807, 32.111196273141722 ], [ -90.333582254515875, 32.028045259666555 ], [ -90.411786602972398, 31.920579338660719 ], [ -90.400622534217291, 31.653560039513906 ], [ -90.495098396369144, 31.634481255701068 ], [ -90.623484290700446, 31.443018848155742 ], [ -90.567004556458087, 31.433826585752204 ], [ -90.577462095831507, 31.377587364952799 ], [ -90.546617414405716, 31.381014135128279 ], [ -90.471721151365102, 31.252267445335967 ], [ -90.383925946038929, 31.221427816268893 ], [ -90.382982629848286, 31.175609360168767 ], [ -90.319071600519081, 31.107033957572142 ], [ -90.414125016884867, 30.9478201531997 ], [ -90.247118547707572, 30.878505837916592 ], [ -90.203963374594878, 30.759567947232313 ], [ -90.149129181728014, 30.746483334523251 ], [ -90.079499786302605, 30.636716751969512 ], [ -90.025810214526715, 30.654131933463653 ], [ -89.932195188328365, 30.542195940501376 ], [ -89.814093328839846, 30.487840356408409 ], [ -89.830015364984376, 30.420541144081678 ], [ -89.691138748087965, 30.22878932194444 ], [ -89.705103975056957, 30.182810727526459 ], [ -89.592338846564658, 30.149453382693686 ], [ -89.536219857836969, 30.180279246615147 ], [ -89.434282988820271, 30.034407891084467 ], [ -89.322821270458277, 30.063153536237859 ], [ -89.129747599353252, 30.183600734517807 ], [ -88.901913786745368, 30.127568687977249 ], [ -88.78463644940787, 30.025865021850848 ], [ -88.759642895097002, 29.901192390624271 ], [ -88.807609990651869, 29.743760050778722 ], [ -89.035694746816915, 29.500622921879501 ], [ -89.138829035531188, 29.438413590390009 ], [ -89.136862260778273, 29.382045743041044 ], [ -89.077144692150995, 29.301685208733421 ], [ -88.91739770881253, 29.235760310122192 ], [ -88.920225970501079, 29.12670697652813 ], [ -89.116365757095579, 28.92505875152245 ], [ -89.179703441141342, 28.924463951119318 ], [ -89.262653454110307, 29.003426848616972 ], [ -89.422757705028033, 28.854677273722217 ], [ -89.492198064087475, 28.903496770786681 ], [ -89.467536842261566, 29.097371336006162 ], [ -89.5114417637553, 29.169269945683272 ], [ -89.608025845009905, 29.200055729363903 ], [ -90.032892791956613, 29.13773074418333 ], [ -90.2005402292653, 29.034338544946863 ], [ -90.325631965391366, 29.011033904299364 ], [ -90.469959817562696, 29.008197107699328 ], [ -90.572246123562294, 29.041579616526114 ], [ -90.74134085340576, 28.995304642231037 ], [ -90.925640189099809, 28.997644260326162 ], [ -91.009984208903447, 29.048011742507807 ], [ -90.97314811851372, 29.124325917855376 ], [ -91.299853129054398, 29.202286300778045 ], [ -91.420603107671923, 29.301553501734983 ], [ -91.643913902159511, 29.375479394490657 ], [ -91.709529234541549, 29.360585297273854 ], [ -91.777298363363826, 29.396379686761314 ], [ -91.876298702059827, 29.360384936880173 ], [ -91.913248664646687, 29.419199604323797 ], [ -92.07815365745779, 29.531762175933736 ], [ -92.343678099784697, 29.486803109724082 ], [ -92.676539915266872, 29.547803666415547 ], [ -92.996653799646523, 29.672687819369649 ], [ -93.237159026900201, 29.727493843836019 ], [ -93.335523216423269, 29.695225529577641 ], [ -93.462739901327964, 29.720112511581039 ], [ -93.713880842341766, 29.689944445368479 ], [ -93.76991667538006, 29.670350039586921 ], [ -93.801315575546539, 29.598325096076447 ], [ -93.837983817198662, 29.697535027583495 ], [ -93.798394212767363, 29.718533320733624 ], [ -93.799392390869045, 29.756820197502712 ], [ -93.690606672629556, 29.765849612907303 ], [ -93.650016145779304, 29.828644425722082 ], [ -93.643958841077364, 29.955815938564246 ], [ -93.601671599557889, 29.964481435317115 ], [ -93.614704682126458, 30.015937480976156 ], [ -93.584401890926458, 30.071600185466128 ], [ -93.657558902703698, 30.146602071519531 ], [ -93.646297470540588, 30.220016711002359 ], [ -93.600604605295217, 30.266792457449757 ], [ -93.672636503400923, 30.343047052853574 ], [ -93.645656656712831, 30.357461415878106 ], [ -93.668025383125922, 30.396488837940858 ], [ -93.641724406781748, 30.499951589961423 ], [ -93.509583654859711, 30.634480912349456 ], [ -93.458663128412766, 30.783045730173789 ], [ -93.412672741845981, 30.799601316054275 ], [ -93.389773226946716, 30.851094233279749 ], [ -93.32362208456793, 30.865149567667736 ], [ -93.331557748104515, 30.950954094771962 ], [ -93.296791869511097, 31.004050042820953 ], [ -93.146004849121539, 31.142825840562327 ], [ -93.207438939021401, 31.240682986910848 ], [ -93.221290013680587, 31.347808735376098 ], [ -93.078935321720763, 31.365913216699521 ], [ -93.005991764971313, 31.447375960702193 ], [ -92.927026648607949, 31.364420836651643 ], [ -92.884298691085831, 31.376563244637591 ], [ -92.888832955826018, 31.431439300829265 ], [ -92.8511850435859, 31.421648431555312 ], [ -92.833507254862852, 31.307693317858668 ], [ -92.741826890128237, 31.208749576942225 ], [ -92.721357107983508, 31.371703741012979 ], [ -92.695211784255747, 31.391578664714423 ], [ -92.569573235046306, 31.377391456861194 ], [ -92.444816249669955, 31.313558611953592 ], [ -92.411523120186615, 31.350127563958232 ], [ -92.488265070981768, 31.427958875458657 ], [ -92.511704151877723, 31.549420982567192 ], [ -92.560447791624313, 31.565646273467543 ], [ -92.536477304883988, 31.603228573549828 ], [ -92.567246876219528, 31.634864884153693 ], [ -92.549754632685861, 31.72663235085879 ], [ -92.780636653335137, 31.883966472387652 ], [ -92.815297606044354, 31.996744911909211 ], [ -92.934025745454761, 32.167106698213267 ], [ -92.951691917622696, 32.229030584227097 ], [ -92.881445570623839, 32.430645264846497 ], [ -92.87506915511976, 32.55672624900285 ], [ -92.987882938074648, 32.68626756242638 ], [ -93.044449846413215, 32.699542650350963 ], [ -93.13287629163726, 32.834207629477021 ], [ -93.106674141526668, 32.935561955063662 ], [ -93.1481300858282, 32.971327969475219 ], [ -93.117784152865994, 33.008392641803468 ], [ -93.150285812110184, 33.079156025626602 ], [ -93.120259061662608, 33.104020219688898 ], [ -93.167842131628646, 33.283214075130118 ], [ -93.148384195614355, 33.323618811182605 ], [ -93.194183646426325, 33.349032843279232 ], [ -93.18399959540416, 33.383316512210911 ], [ -93.28471140224147, 33.563555380903374 ], [ -93.400918750440923, 33.654365800066827 ], [ -93.583756304187887, 33.649909985299217 ], [ -93.598192612668527, 33.748732987790568 ], [ -93.674337605918112, 33.805890728134678 ], [ -93.787582515458794, 33.800724224695777 ], [ -93.81814800854319, 33.847573330722362 ], [ -93.799412093995457, 33.929095038155005 ], [ -93.839253082868069, 34.051100377958633 ], [ -93.910934366470229, 34.046352330170834 ], [ -93.919559303353765, 34.127273788783405 ], [ -93.958795501479315, 34.1726879876894 ], [ -93.929972013147349, 34.288753868685873 ], [ -94.00281598386816, 34.356032081248919 ], [ -93.955101476955221, 34.361539607187375 ], [ -94.033178884982007, 34.396744119003529 ], [ -94.009509019631167, 34.443012066119501 ], [ -94.243704517402662, 34.520237367733252 ], [ -94.25102618875772, 34.63136468851819 ], [ -94.335033103920196, 34.699337472026983 ], [ -94.190434773840764, 34.67207977042974 ], [ -94.033739710831597, 34.6940274872724 ], [ -93.895499218916498, 34.660834733526684 ], [ -93.880746356301898, 34.710489831664574 ], [ -93.7718379722929, 34.719717619455189 ], [ -93.51531057118369, 34.820463413709916 ], [ -93.49454033807784, 34.85411352082329 ], [ -93.417752142155578, 34.783437687975564 ], [ -93.234895675503211, 34.793920064410131 ], [ -93.142692731042558, 34.767233737839376 ], [ -93.0754133599672, 34.780718906530879 ], [ -93.021353770472899, 34.835708790489008 ], [ -92.838959382964376, 34.862255451688597 ], [ -92.679337828900685, 34.823560189598339 ], [ -92.660148492183666, 34.778994615819236 ], [ -92.592925946844346, 34.762072327524741 ], [ -92.504652575263364, 34.654892846824843 ], [ -92.502662463617852, 34.607682721207581 ], [ -92.388663985493608, 34.560338813636292 ], [ -92.350746763496616, 34.482903916866888 ], [ -92.281708693817777, 34.487133183966876 ], [ -92.275384132656171, 34.426739312551447 ], [ -92.158489437394181, 34.420153454371757 ], [ -92.177561243426268, 34.296683353322479 ], [ -92.093552097073214, 34.27101759250521 ], [ -92.067045717678425, 34.213647240076455 ], [ -91.962503307054121, 34.230172872406342 ], [ -91.925043858018867, 34.267610667686412 ], [ -91.902779826991249, 34.224064071654972 ], [ -91.854659085764112, 34.222023369955913 ], [ -91.897598427885939, 34.281263477865195 ], [ -91.883108157031259, 34.317537276417681 ], [ -91.845938444544132, 34.319539582127234 ], [ -91.841032695810384, 34.367634372067862 ], [ -91.87668444644919, 34.360527132290152 ], [ -91.867996744240813, 34.390990214288053 ], [ -91.954617063623218, 34.444751535772305 ], [ -91.976767463004563, 34.595093830951136 ], [ -92.047194364189011, 34.666677245366841 ], [ -92.102703974635176, 34.672080720631719 ], [ -92.076489800610432, 34.758044349424907 ], [ -92.18204911204154, 34.794619663109742 ], [ -92.214358075883993, 34.764574642070151 ], [ -92.316938840372103, 34.833171649248179 ], [ -92.280043913924516, 34.87232426570322 ], [ -92.306805709911643, 34.887666947257273 ], [ -92.273851619142278, 34.898690976852222 ], [ -92.322208614019274, 34.916579230677407 ], [ -92.259486851260178, 34.942293127880866 ], [ -92.314477364434254, 35.00011357967356 ], [ -92.158808601295732, 35.024282733806658 ], [ -92.245472472952457, 35.055627906661243 ], [ -92.248954349497495, 35.095254732382102 ], [ -92.047356839599843, 35.177717294971856 ], [ -92.073598437429496, 35.279870385180637 ], [ -91.987193565511234, 35.342710414506591 ], [ -91.962385320941294, 35.3004584271279 ], [ -91.884599544180233, 35.315346408156103 ], [ -91.876514328207847, 35.266400281119658 ], [ -91.792671678026025, 35.23378043869922 ], [ -91.715063691442211, 35.222698225834172 ], [ -91.699143558423543, 35.255757780282138 ], [ -91.663108763713154, 35.194771088009105 ], [ -91.62353923549658, 35.224493828981252 ], [ -91.539976261513203, 35.186589046692625 ], [ -91.376101581940006, 35.187358028246443 ], [ -91.328880131935691, 35.328574049187402 ], [ -91.258045519570786, 35.339165675313232 ], [ -91.304887609943663, 35.348033784410433 ], [ -91.276416319934924, 35.375186996632841 ], [ -91.282979512209636, 35.426718466433158 ], [ -91.246121815486802, 35.438889018044065 ], [ -91.216275006403109, 35.598557748590167 ], [ -91.165036444015215, 35.684417750139666 ], [ -91.118662818810733, 35.682315769827568 ], [ -91.104332151129526, 35.721073137564836 ], [ -91.127177067683476, 35.734599339780367 ], [ -91.06940178235682, 35.784204058663377 ], [ -91.02467736403149, 35.920637134747096 ], [ -90.981639455882089, 35.915226866323231 ], [ -90.890361702367471, 35.982597110137291 ], [ -90.92995415006547, 36.025700666547827 ], [ -90.921180959826813, 36.069345784966693 ], [ -90.875045202023742, 36.092682351200402 ], [ -90.826982688982454, 36.199582482104688 ], [ -90.773038806009154, 36.250326281261032 ], [ -90.525520643478501, 36.356231965638386 ], [ -90.476924089834114, 36.469342996485473 ], [ -90.347212184119286, 36.517429120836695 ], [ -90.304143018820071, 36.583720001404089 ], [ -90.18170442745685, 36.602487481771739 ], [ -90.148489080165447, 36.637756454815204 ], [ -90.148670995918536, 36.696093659124372 ], [ -90.236634296650692, 36.858303776484085 ], [ -90.305509836480809, 36.859654495167113 ], [ -90.347935177751637, 36.916813771468661 ], [ -90.421957725683541, 36.906427320320162 ], [ -90.43178945151341, 36.940768818136561 ], [ -90.667445445293652, 37.090026359889563 ], [ -90.648055464917192, 37.17453010228872 ], [ -90.72055569532148, 37.279003957955176 ], [ -90.702417881668069, 37.327746207136649 ], [ -90.764028908606178, 37.402367483121694 ], [ -90.738944830489203, 37.479146005023779 ], [ -90.756416334429261, 37.541361002753703 ], [ -90.722905840207474, 37.569913076746772 ], [ -90.75341317571359, 37.589857733807079 ], [ -90.704169724500005, 37.624453663258031 ] ] ] } },
{ "type": "Feature", "properties": { "huc2": "12", "name": "Texas-Gulf Region" }, "geometry": { "type": "Polygon", "coordinates": [ [ [ -103.599447748263103, 34.682343578419321 ], [ -102.635431382779657, 34.566340685763436 ], [ -102.483651521386136, 34.559665974311692 ], [ -102.443647967980837, 34.606485643327957 ], [ -102.37626436165506, 34.590186659726157 ], [ -102.376771611639739, 34.566735656623315 ], [ -102.33065994888041, 34.588524873055363 ], [ -102.217285480734148, 34.551036863945171 ], [ -102.087346614207519, 34.439462601446387 ], [ -102.00195721952683, 34.415239550794745 ], [ -101.973517775711201, 34.440544166077537 ], [ -101.904562456069513, 34.37832687642193 ], [ -101.830283643239184, 34.383765866527668 ], [ -101.776480152239373, 34.340120197549332 ], [ -101.549204353044573, 34.271351757724034 ], [ -101.523371012813612, 34.144237521338617 ], [ -101.450969054615939, 34.124549876413347 ], [ -101.416277640736126, 34.149720007025991 ], [ -101.242829967580164, 33.974868534374664 ], [ -101.168883256098283, 33.968018880548847 ], [ -101.148588552853582, 33.87220485835028 ], [ -101.021448340603754, 33.761271561898781 ], [ -100.956976778868636, 33.75672607081367 ], [ -100.84916605907037, 33.666150382251416 ], [ -100.751347510410085, 33.724730882364469 ], [ -100.681512511744515, 33.705555101162197 ], [ -100.666809613057708, 33.637267626921798 ], [ -100.565193521532407, 33.526037457606755 ], [ -100.475420684217156, 33.531881132316052 ], [ -100.464965349372321, 33.569950216550993 ], [ -100.331683066366267, 33.565026046344194 ], [ -100.309566879618956, 33.533936336982997 ], [ -100.223144148608924, 33.560366044404702 ], [ -100.158310549644639, 33.540849967655532 ], [ -99.989599523631441, 33.604495116483577 ], [ -99.712466382811641, 33.588037322462561 ], [ -99.564591264189602, 33.643561743037559 ], [ -99.418346531097598, 33.612022936428033 ], [ -99.285773041290625, 33.666844413543238 ], [ -98.909724079516806, 33.432113063338583 ], [ -98.873480912410599, 33.455467287737868 ], [ -98.816848097940508, 33.387336817090237 ], [ -98.643628937238375, 33.475821698073858 ], [ -98.472617322243181, 33.514635198469975 ], [ -98.360403547916832, 33.503909123606611 ], [ -98.295531547366537, 33.553130177277929 ], [ -98.167512222678241, 33.510698781721409 ], [ -98.082947887592653, 33.522863068346787 ], [ -98.013135699254207, 33.581764830215029 ], [ -97.858264625077112, 33.582850123330722 ], [ -97.756084110722057, 33.658470012408657 ], [ -97.731655566020478, 33.634887598302264 ], [ -97.651569346666889, 33.64975860048888 ], [ -97.542837587747172, 33.717548018498476 ], [ -97.500028676045901, 33.697547471360373 ], [ -97.481690229872171, 33.727416250343339 ], [ -97.400026314934919, 33.736950260384496 ], [ -97.311818906672201, 33.698239445043072 ], [ -97.211162324575469, 33.718925868926164 ], [ -97.166362433123737, 33.681864808975206 ], [ -97.14876398298675, 33.712053655268448 ], [ -97.131705465996887, 33.685883235360485 ], [ -96.995170840867985, 33.713403077880152 ], [ -96.857395343480192, 33.609513671877778 ], [ -96.711845145212664, 33.589684339132269 ], [ -96.620509012649137, 33.493438423438171 ], [ -96.597369932900889, 33.522360027005135 ], [ -96.429324744742956, 33.517241685823912 ], [ -96.371210035540656, 33.443539978579885 ], [ -96.249339907934754, 33.405390076934303 ], [ -96.21389004674802, 33.322569993170887 ], [ -96.123559998655409, 33.303350059772399 ], [ -96.026470065410294, 33.177099982442279 ], [ -95.895860010321186, 33.125799899507072 ], [ -95.826587791466721, 33.147984163811572 ], [ -95.704424584241366, 33.089571316890854 ], [ -95.631552485903569, 33.115626029729832 ], [ -95.582700457941115, 33.060143587428058 ], [ -95.56014016775201, 33.080804370105113 ], [ -95.428738485811465, 33.040400537605088 ], [ -95.360617791978243, 33.056013004843436 ], [ -95.356813677038588, 33.019421380421036 ], [ -95.220813328688862, 32.909609046490218 ], [ -95.22493006248574, 32.815799998644387 ], [ -95.195331191816109, 32.771517235474413 ], [ -95.127615626021807, 32.746777587786717 ], [ -95.076139275347131, 32.667518529708694 ], [ -94.981708424531249, 32.711677646041061 ], [ -94.888610011502692, 32.615999909194606 ], [ -94.614462876364669, 32.517502179301445 ], [ -94.431021121048687, 32.579036123404016 ], [ -94.385679994638281, 32.552806338959329 ], [ -94.252447293524483, 32.558073839024424 ], [ -94.176219971718297, 32.432850008492473 ], [ -94.04082002474054, 32.38293996871051 ], [ -94.043310061319261, 32.328200074352601 ], [ -93.985991962093948, 32.302718596960041 ], [ -94.005258246719549, 32.248496434399044 ], [ -93.984550911538861, 32.225988444601889 ], [ -93.797802513680963, 32.134444847731466 ], [ -93.744859864707266, 32.021116302405758 ], [ -93.693417338459682, 32.042599519073015 ], [ -93.607886872508473, 31.994584569382614 ], [ -93.574701277446238, 32.005490537576939 ], [ -93.575162481163886, 31.884337480354951 ], [ -93.466354570449539, 31.823164993277679 ], [ -93.473949938520079, 31.783128060650341 ], [ -93.435068726549417, 31.739901308904447 ], [ -93.47507627601145, 31.680387673989397 ], [ -93.366956611779855, 31.59397525288999 ], [ -93.316862604322026, 31.402879068480519 ], [ -93.210755089107693, 31.326602090446471 ], [ -93.207438939021401, 31.240682986910848 ], [ -93.146004849121539, 31.142825840562327 ], [ -93.296791869511097, 31.004050042820953 ], [ -93.331557748104515, 30.950954094771962 ], [ -93.32362208456793, 30.865149567667736 ], [ -93.389773226946716, 30.851094233279749 ], [ -93.412672741845981, 30.799601316054275 ], [ -93.458663128412766, 30.783045730173789 ], [ -93.509583654859711, 30.634480912349456 ], [ -93.641724406781748, 30.499951589961423 ], [ -93.668025383125922, 30.396488837940858 ], [ -93.645656656712831, 30.357461415878106 ], [ -93.672636503400923, 30.343047052853574 ], [ -93.600604605295217, 30.266792457449757 ], [ -93.646297470540588, 30.220016711002359 ], [ -93.657558902703698, 30.146602071519531 ], [ -93.584401890926458, 30.071600185466128 ], [ -93.614704682126458, 30.015937480976156 ], [ -93.601671599557889, 29.964481435317115 ], [ -93.643958841077364, 29.955815938564246 ], [ -93.650016145779304, 29.828644425722082 ], [ -93.690606672629556, 29.765849612907303 ], [ -93.799392390869045, 29.756820197502712 ], [ -93.798394212767363, 29.718533320733624 ], [ -93.837983817198662, 29.697535027583495 ], [ -93.801315575546539, 29.598325096076447 ], [ -94.04107433050315, 29.623011361836532 ], [ -94.628032614792644, 29.395528788205052 ], [ -94.622095403166085, 29.336032652310038 ], [ -94.65452132549359, 29.288463128570179 ], [ -95.024713206558957, 29.086469228411602 ], [ -95.335782407983046, 28.829986925289845 ], [ -96.209717774662593, 28.436467714414629 ], [ -96.384081870084529, 28.288745213414888 ], [ -96.715016021736488, 28.102971734353577 ], [ -96.921674517468574, 27.91986371465509 ], [ -97.215704834376723, 27.470255369338943 ], [ -97.316509796059847, 27.148550664746779 ], [ -97.309504184055669, 26.882244592919228 ], [ -97.143324211715026, 26.322392893698503 ], [ -97.091667358498924, 25.976094557043435 ], [ -97.342678866913843, 25.950878870491177 ], [ -97.377309497942861, 25.917199999394271 ], [ -97.376744949708296, 25.860145457294408 ], [ -97.404781928334046, 25.855104053340792 ], [ -97.463127408273948, 25.893707375942942 ], [ -97.520331898652245, 25.887288468868288 ], [ -97.663692748672986, 26.039842373373087 ], [ -98.247032382830952, 26.076073054283132 ], [ -98.273334266401704, 26.099348407912011 ], [ -98.257506964098724, 26.139410831340463 ], [ -98.308895166966295, 26.130915258379606 ], [ -98.345691163891999, 26.178369466078149 ], [ -98.481951563071945, 26.23982338153581 ], [ -98.424520020208774, 26.293310004826758 ], [ -98.462115279153792, 26.356944965007767 ], [ -98.426695802511361, 26.48618313371011 ], [ -98.540229658513894, 26.590906908135644 ], [ -98.638812842319325, 26.6139814900143 ], [ -98.748081043497038, 26.930782206175419 ], [ -98.840090681620708, 26.976953983852205 ], [ -98.859533528408605, 27.31462236268808 ], [ -98.992208024453745, 27.370698024268247 ], [ -98.992019551798592, 27.486956533229932 ], [ -98.960339118166814, 27.536817206697325 ], [ -99.092956330119534, 27.55606489196548 ], [ -99.186511903809148, 27.612953506410907 ], [ -99.282782230439551, 27.598717060495584 ], [ -99.298677099373933, 27.67034142471233 ], [ -99.455267088600266, 27.763125503972812 ], [ -99.468509757655752, 27.920377937686407 ], [ -99.533530707962115, 27.964894169252741 ], [ -99.520805521672585, 28.013816756449206 ], [ -99.551615442716596, 28.070300230683532 ], [ -99.608662128375556, 28.101174262270529 ], [ -99.813391897633338, 28.047141706388917 ], [ -99.882741615306202, 28.110426887993661 ], [ -99.892169203642453, 28.201899696505784 ], [ -99.930014693232621, 28.205172845811475 ], [ -99.919451176820345, 28.256027372827891 ], [ -99.973659122158566, 28.402843315764162 ], [ -100.020277565847266, 28.405455572440218 ], [ -100.068196676049681, 28.485479376811934 ], [ -100.184692041367896, 28.507225423993336 ], [ -100.239808837368997, 28.620725997782912 ], [ -100.390546452816423, 28.759984370863222 ], [ -100.400131592618962, 28.815784945216688 ], [ -100.338812748422342, 29.004655384231224 ], [ -100.377025025649687, 29.035042587881676 ], [ -100.406913709269148, 29.176884783273341 ], [ -100.389103713239962, 29.36797139854993 ], [ -100.319491074538703, 29.402917343112541 ], [ -100.304952973767058, 29.463607230874839 ], [ -100.366626260583914, 29.518005872845325 ], [ -100.461525188576843, 29.543771577723785 ], [ -100.429258162170214, 29.574644912487617 ], [ -100.432670952412892, 29.626140571218624 ], [ -100.512678506386891, 29.689455826065497 ], [ -100.484898708303348, 29.774579634919395 ], [ -100.563378982447105, 29.82500936932615 ], [ -100.554918188481125, 29.900734235510225 ], [ -100.409135297799949, 30.141253633992939 ], [ -100.493756888169003, 30.213515129097495 ], [ -100.451016820943607, 30.274421750666498 ], [ -100.481176420328012, 30.352694126221834 ], [ -100.466352085665321, 30.420011393464065 ], [ -100.500579278215767, 30.471711656652371 ], [ -100.487329729924724, 30.563258012293943 ], [ -100.53265179564788, 30.724252181412826 ], [ -100.602271414213973, 30.776308763316901 ], [ -100.613519778773281, 30.844048370624336 ], [ -100.896328274874506, 30.967843552679128 ], [ -100.924294923031226, 31.037961538661431 ], [ -101.136968169434809, 31.006884663539676 ], [ -101.217607588336492, 31.054007062246487 ], [ -101.280719842632081, 31.045252676666252 ], [ -101.377770504596228, 31.110137335997052 ], [ -101.582028668651489, 31.10007312672861 ], [ -101.708810007385864, 31.190270006901606 ], [ -101.760240000994358, 31.174850018624912 ], [ -101.83696001914339, 31.275090021956604 ], [ -101.911729981866785, 31.296919995357335 ], [ -101.939279945302161, 31.400399939290892 ], [ -102.147359727296632, 31.418754822819729 ], [ -102.171578014155372, 31.457726216221594 ], [ -102.154850020497392, 31.556820911960774 ], [ -102.237035293559671, 31.629719614229096 ], [ -102.247824485932369, 31.679502197238673 ], [ -102.301780505944663, 31.711232346908144 ], [ -102.540085537004003, 31.737785260552794 ], [ -102.565275932917757, 31.787353296075405 ], [ -102.847780868898838, 31.99153635476555 ], [ -102.837719537518154, 32.027518528169836 ], [ -102.771860114691506, 32.059136808588818 ], [ -102.835602062048935, 32.166131941203268 ], [ -102.831331068626199, 32.264255692283704 ], [ -102.922951266610582, 32.313279890859448 ], [ -102.96081094795629, 32.366798094478106 ], [ -102.943070041059158, 32.396045090810908 ], [ -103.069111945922486, 32.467237906080946 ], [ -103.138161042062123, 32.595582177287973 ], [ -103.371726620396331, 32.740387839541093 ], [ -103.580803237924357, 32.794352559763858 ], [ -103.863118409616632, 33.0229199966492 ], [ -103.793495508651404, 33.103441451150331 ], [ -103.837731871150979, 33.354145370662749 ], [ -103.805773568542435, 33.392869882644263 ], [ -103.740634046224059, 33.403003417157954 ], [ -103.760373567617307, 33.424227380142007 ], [ -103.718819577843945, 33.414285669277959 ], [ -103.680329892161168, 33.445213586127608 ], [ -103.697076890029322, 33.522309156129253 ], [ -103.629907993004053, 33.606586783327728 ], [ -103.687407593203318, 33.658178549082976 ], [ -103.735958819951534, 33.855033677136831 ], [ -103.796393632813675, 33.899609647612792 ], [ -103.781072322332946, 33.999261611352019 ], [ -103.829275964801681, 34.091465861621728 ], [ -103.792278056873329, 34.119860558286931 ], [ -103.79744690865212, 34.153858544533819 ], [ -103.868906992374306, 34.238938006742181 ], [ -103.838991748841764, 34.27275474810682 ], [ -103.870301731919866, 34.344791255549097 ], [ -103.827905881297767, 34.478500622237107 ], [ -103.744321361276207, 34.549242963042673 ], [ -103.668188872638268, 34.540844111877099 ], [ -103.599447748263103, 34.682343578419321 ] ] ] } },
{ "type": "Feature", "properties": { "huc2": "11", "name": "Arkansas-White-Red Region" }, "geometry": { "type": "Polygon", "coordinates": [ [ [ -106.218974303630887, 39.38305714650204 ], [ -106.139990376222102, 39.339375665358453 ], [ -106.183897194194131, 39.310303994764752 ], [ -106.173765207585475, 39.138151563618727 ], [ -106.210169102735563, 39.104064760894786 ], [ -106.170156542354107, 39.091013703486539 ], [ -106.191513868991677, 39.01660426958621 ], [ -106.109356477183397, 38.98652003292527 ], [ -106.11080828148873, 38.939833063231426 ], [ -105.976686898543065, 38.914611276857876 ], [ -105.974627259091193, 38.882717970917476 ], [ -105.925015457432352, 38.8721397259973 ], [ -105.941831583132, 38.840828910935521 ], [ -105.909351769181768, 38.809417561403805 ], [ -105.81089478468698, 38.805817696042006 ], [ -105.731159438506836, 38.757458471187149 ], [ -105.689330457168353, 38.756694517369233 ], [ -105.68582940425101, 38.809561233656396 ], [ -105.631922251628978, 38.843035094535985 ], [ -105.466665909025295, 38.831879880914805 ], [ -105.352324440183708, 38.885736683369402 ], [ -105.126822977464869, 38.895920416729318 ], [ -105.071802613148137, 38.992391204256926 ], [ -105.015470199773674, 39.003296116778081 ], [ -105.028146548874304, 39.088363453598596 ], [ -104.999876309695409, 39.126309947073352 ], [ -104.841643974347136, 39.121770937494716 ], [ -104.800483210734683, 39.073840298304958 ], [ -104.66400959204725, 39.025650396529691 ], [ -104.34307886062355, 39.135318413100769 ], [ -104.298671704358526, 39.118604091549877 ], [ -104.2291151137577, 39.160998893784146 ], [ -104.163391238074624, 39.152687323659208 ], [ -104.010823711139565, 39.216219886731508 ], [ -103.970588652048988, 39.296180859671374 ], [ -103.876341373641267, 39.31626004780879 ], [ -103.85243618468435, 39.358406507342217 ], [ -103.694799619039372, 39.374455118787246 ], [ -103.557290764651725, 39.276241979928187 ], [ -103.350722158290566, 39.217557920843404 ], [ -103.305358242995823, 39.133084328070126 ], [ -103.197641686671759, 39.05861343779813 ], [ -103.066534416309693, 39.031983647660972 ], [ -102.825981573530996, 39.045075465469473 ], [ -102.675534746388195, 38.97193437147974 ], [ -102.618326624750026, 38.975412048625415 ], [ -102.534549179438869, 38.910419391594345 ], [ -102.561948209781761, 38.771795983276242 ], [ -102.519145126942931, 38.718308741827592 ], [ -102.331130207319674, 38.729657968068182 ], [ -102.14043281355039, 38.666735657436995 ], [ -102.010879438788905, 38.664122156324773 ], [ -101.916259709180537, 38.602807612156809 ], [ -101.886558514560988, 38.629532236872571 ], [ -101.766326948816086, 38.626708893442228 ], [ -101.436020023829499, 38.525061191342935 ], [ -101.001190243706887, 38.554803890805587 ], [ -100.899513518379251, 38.532867232655263 ], [ -100.870758072381534, 38.569275133114729 ], [ -100.83876040425875, 38.544434377948726 ], [ -100.754707181212879, 38.556069440360261 ], [ -100.674506953010436, 38.613753232580663 ], [ -100.533233747133082, 38.598393015490061 ], [ -100.348556518774416, 38.648400548396744 ], [ -100.091361918853281, 38.654611110770624 ], [ -99.963127289038908, 38.626850482834058 ], [ -99.830780178725945, 38.667313932108762 ], [ -99.672447170504313, 38.627354876436648 ], [ -99.572814973689859, 38.543880652697553 ], [ -99.282745346179937, 38.601670881597776 ], [ -99.132911953248097, 38.592199676065967 ], [ -99.060478323552701, 38.555467959815182 ], [ -99.045867841458232, 38.601264594300936 ], [ -98.978935289764877, 38.643240320830962 ], [ -98.853835926951021, 38.592702021725309 ], [ -98.789657704762902, 38.654151210768966 ], [ -98.764175373827086, 38.628567460549618 ], [ -98.627395927105795, 38.647708986546689 ], [ -98.569420055863404, 38.6182845412078 ], [ -98.452156077803693, 38.664155478162428 ], [ -98.371025100625843, 38.659399247494939 ], [ -98.268432231492, 38.555779607333086 ], [ -98.190361109255733, 38.556640078480747 ], [ -98.185882769421013, 38.521728609066848 ], [ -98.114140370780049, 38.546248560905916 ], [ -98.026390300694487, 38.515590548390044 ], [ -97.869002086562816, 38.383761875437777 ], [ -97.751203825669293, 38.444816687156433 ], [ -97.65185543606394, 38.442019511273024 ], [ -97.607436882899847, 38.471675279615788 ], [ -97.47756930391634, 38.409947970237774 ], [ -97.458542092365988, 38.432291106199642 ], [ -97.430481120978683, 38.383310558425435 ], [ -97.38293478720297, 38.485718554704995 ], [ -97.398574440659814, 38.550503934440449 ], [ -97.347583696293754, 38.594111717977789 ], [ -97.26110093551759, 38.591295478586417 ], [ -97.213356305523988, 38.541929965989837 ], [ -97.145515646559559, 38.582555090950194 ], [ -96.996444396262376, 38.545856313675095 ], [ -96.797605572869756, 38.672053711209799 ], [ -96.798655251692097, 38.744505952794142 ], [ -96.635490174349712, 38.864173721062492 ], [ -96.420051540907366, 38.865588493577867 ], [ -96.319114503476371, 38.81868520890783 ], [ -96.202039502071614, 38.817350109250611 ], [ -96.217818972903558, 38.759218265025623 ], [ -96.186485300928027, 38.650521239663995 ], [ -96.085525497780253, 38.527528881376746 ], [ -95.954261642575091, 38.471296448067967 ], [ -95.944137434020334, 38.407593637962869 ], [ -95.835327361950448, 38.41348278448455 ], [ -95.812195103397613, 38.35858902658596 ], [ -95.761757045920078, 38.370511862807561 ], [ -95.715148952943494, 38.336358214511947 ], [ -95.637451305187781, 38.378553312508963 ], [ -95.580934190672025, 38.36089962392311 ], [ -95.572700138589425, 38.268860641162881 ], [ -95.526756576095977, 38.230568255834633 ], [ -95.531318281789922, 38.16187699954601 ], [ -95.476517078303203, 38.164171402693022 ], [ -95.372222973728469, 38.085747879482589 ], [ -95.236503938684947, 38.153342009525581 ], [ -95.15110034180131, 38.122853233617477 ], [ -95.213278899156137, 38.07686328911165 ], [ -95.223816164657819, 37.985820935047876 ], [ -95.132553024783533, 37.859000662897898 ], [ -95.151199218753789, 37.790973132130055 ], [ -95.09423802129578, 37.73575260881293 ], [ -95.020568867227965, 37.731030619184217 ], [ -95.012405688304639, 37.66816797345944 ], [ -94.938606459387429, 37.67516013859111 ], [ -94.906273232677975, 37.634875526219609 ], [ -94.857620203469835, 37.637187273903379 ], [ -94.853347258744606, 37.607583337445206 ], [ -94.760057577072544, 37.585347291786348 ], [ -94.757161572422305, 37.554597355826289 ], [ -94.72378777215134, 37.569734373647627 ], [ -94.64058588061377, 37.535874827945968 ], [ -94.625731344384604, 37.478389976610423 ], [ -94.525849330662069, 37.507440360805994 ], [ -94.468111867939243, 37.478935160652924 ], [ -94.438891521521739, 37.52957191289488 ], [ -94.308411224383363, 37.535717529427309 ], [ -94.249191352633829, 37.593989352652279 ], [ -94.194871835306643, 37.584490507962421 ], [ -94.200669100766632, 37.534110288981587 ], [ -94.093442739435474, 37.494003370416074 ], [ -94.065596244083125, 37.433418497201693 ], [ -93.983632895284273, 37.396803856297801 ], [ -93.976070079689265, 37.338983997393193 ], [ -93.87459290993668, 37.229925894167181 ], [ -93.75328090090963, 37.189699030326089 ], [ -93.708968072672207, 37.078638206314963 ], [ -93.586709325097857, 37.024852554015148 ], [ -93.405933293321254, 37.168318078921814 ], [ -93.403955999179587, 37.216620638282109 ], [ -92.987072784692188, 37.286846214812257 ], [ -92.905053761527995, 37.338107872742377 ], [ -92.854647687335458, 37.263967627928224 ], [ -92.720833689886774, 37.223053926773609 ], [ -92.743995172540238, 37.1313024965594 ], [ -92.667799588680154, 37.101524213238328 ], [ -92.297563688611788, 37.083389230580629 ], [ -92.174080669123967, 37.141459335464639 ], [ -92.108603859267404, 37.072633860110749 ], [ -92.008961830284377, 37.048729325846018 ], [ -91.992857584368181, 37.111381541943125 ], [ -91.910903108301255, 37.162283539460546 ], [ -91.888172150694743, 37.28541071620495 ], [ -91.834729873177977, 37.316121370382739 ], [ -91.803318497846647, 37.384025727446655 ], [ -91.850362453866225, 37.47805751731029 ], [ -91.788251481216875, 37.569730652690971 ], [ -91.669328336836131, 37.51676524001271 ], [ -91.592614271804521, 37.519820206484226 ], [ -91.580616137708844, 37.572867044678681 ], [ -91.53376896619524, 37.575225657551677 ], [ -91.330601203202136, 37.496897148546971 ], [ -91.301196284434781, 37.576741943467077 ], [ -91.174835694561779, 37.570705930364504 ], [ -91.125799963091026, 37.604347216426035 ], [ -91.115349184887592, 37.660167157235314 ], [ -90.996399767695323, 37.69603820712554 ], [ -90.911781674737171, 37.682778414357166 ], [ -90.877197785163418, 37.714005637292054 ], [ -90.821341496137208, 37.64871007157214 ], [ -90.701416862823976, 37.631293142890705 ], [ -90.75341317571359, 37.589857733807079 ], [ -90.722905840207474, 37.569913076746772 ], [ -90.756416334429261, 37.541361002753703 ], [ -90.738944830489203, 37.479146005023779 ], [ -90.764028908606178, 37.402367483121694 ], [ -90.702417881668069, 37.327746207136649 ], [ -90.72055569532148, 37.279003957955176 ], [ -90.648055464917192, 37.17453010228872 ], [ -90.667445445293652, 37.090026359889563 ], [ -90.43178945151341, 36.940768818136561 ], [ -90.421957725683541, 36.906427320320162 ], [ -90.347935177751637, 36.916813771468661 ], [ -90.305509836480809, 36.859654495167113 ], [ -90.236634296650692, 36.858303776484085 ], [ -90.143003012086552, 36.661590143993024 ], [ -90.18170442745685, 36.602487481771739 ], [ -90.263905300240154, 36.603582338702289 ], [ -90.347212184119286, 36.517429120836695 ], [ -90.471325136087941, 36.474305237285023 ], [ -90.498641610744173, 36.38246202547959 ], [ -90.543046543840575, 36.344265694004299 ], [ -90.773038806009154, 36.250326281261032 ], [ -90.826982688982454, 36.199582482104688 ], [ -90.875045202023742, 36.092682351200402 ], [ -90.921180959826813, 36.069345784966693 ], [ -90.92995415006547, 36.025700666547827 ], [ -90.890361702367471, 35.982597110137291 ], [ -90.981639455882089, 35.915226866323231 ], [ -91.02467736403149, 35.920637134747096 ], [ -91.06940178235682, 35.784204058663377 ], [ -91.127177067683476, 35.734599339780367 ], [ -91.104332151129526, 35.721073137564836 ], [ -91.118662818810733, 35.682315769827568 ], [ -91.165036444015215, 35.684417750139666 ], [ -91.216275006403109, 35.598557748590167 ], [ -91.246121815486802, 35.438889018044065 ], [ -91.282979512209636, 35.426718466433158 ], [ -91.276416319934924, 35.375186996632841 ], [ -91.304887609943663, 35.348033784410433 ], [ -91.258045519570786, 35.339165675313232 ], [ -91.328880131935691, 35.328574049187402 ], [ -91.376101581940006, 35.187358028246443 ], [ -91.539976261513203, 35.186589046692625 ], [ -91.62353923549658, 35.224493828981252 ], [ -91.663108763713154, 35.194771088009105 ], [ -91.699143558423543, 35.255757780282138 ], [ -91.715063691442211, 35.222698225834172 ], [ -91.792671678026025, 35.23378043869922 ], [ -91.876514328207847, 35.266400281119658 ], [ -91.884599544180233, 35.315346408156103 ], [ -91.962385320941294, 35.3004584271279 ], [ -91.987193565511234, 35.342710414506591 ], [ -92.073598437429496, 35.279870385180637 ], [ -92.047356839599843, 35.177717294971856 ], [ -92.248954349497495, 35.095254732382102 ], [ -92.245472472952457, 35.055627906661243 ], [ -92.158808601295732, 35.024282733806658 ], [ -92.314477364434254, 35.00011357967356 ], [ -92.259486851260178, 34.942293127880866 ], [ -92.322208614019274, 34.916579230677407 ], [ -92.273851619142278, 34.898690976852222 ], [ -92.306805709911643, 34.887666947257273 ], [ -92.280043913924516, 34.87232426570322 ], [ -92.316938840372103, 34.833171649248179 ], [ -92.214358075883993, 34.764574642070151 ], [ -92.18204911204154, 34.794619663109742 ], [ -92.076489800610432, 34.758044349424907 ], [ -92.102703974635176, 34.672080720631719 ], [ -92.047194364189011, 34.666677245366841 ], [ -91.976767463004563, 34.595093830951136 ], [ -91.954617063623218, 34.444751535772305 ], [ -91.867996744240813, 34.390990214288053 ], [ -91.87668444644919, 34.360527132290152 ], [ -91.841032695810384, 34.367634372067862 ], [ -91.845938444544132, 34.319539582127234 ], [ -91.883108157031259, 34.317537276417681 ], [ -91.897598427885939, 34.281263477865195 ], [ -91.854659085764112, 34.222023369955913 ], [ -91.902779826991249, 34.224064071654972 ], [ -91.925043858018867, 34.267610667686412 ], [ -91.962503307054121, 34.230172872406342 ], [ -92.067045717678425, 34.213647240076455 ], [ -92.093552097073214, 34.27101759250521 ], [ -92.177561243426268, 34.296683353322479 ], [ -92.158489437394181, 34.420153454371757 ], [ -92.275384132656171, 34.426739312551447 ], [ -92.281708693817777, 34.487133183966876 ], [ -92.350746763496616, 34.482903916866888 ], [ -92.388663985493608, 34.560338813636292 ], [ -92.502662463617852, 34.607682721207581 ], [ -92.504652575263364, 34.654892846824843 ], [ -92.592925946844346, 34.762072327524741 ], [ -92.660148492183666, 34.778994615819236 ], [ -92.679337828900685, 34.823560189598339 ], [ -92.838959382964376, 34.862255451688597 ], [ -93.021353770472899, 34.835708790489008 ], [ -93.0754133599672, 34.780718906530879 ], [ -93.142692731042558, 34.767233737839376 ], [ -93.234895675503211, 34.793920064410131 ], [ -93.417752142155578, 34.783437687975564 ], [ -93.49454033807784, 34.85411352082329 ], [ -93.51531057118369, 34.820463413709916 ], [ -93.7718379722929, 34.719717619455189 ], [ -93.880746356301898, 34.710489831664574 ], [ -93.895499218916498, 34.660834733526684 ], [ -94.033739710831597, 34.6940274872724 ], [ -94.290424050567424, 34.678626252782536 ], [ -94.333455861976759, 34.703301898300005 ], [ -94.338911554656207, 34.678971784977534 ], [ -94.25102618875772, 34.63136468851819 ], [ -94.243704517402662, 34.520237367733252 ], [ -94.009509019631167, 34.443012066119501 ], [ -94.033178884982007, 34.396744119003529 ], [ -93.955101476955221, 34.361539607187375 ], [ -94.00281598386816, 34.356032081248919 ], [ -93.929972013147349, 34.288753868685873 ], [ -93.958795501479315, 34.1726879876894 ], [ -93.919559303353765, 34.127273788783405 ], [ -93.910934366470229, 34.046352330170834 ], [ -93.839253082868069, 34.051100377958633 ], [ -93.799412093995457, 33.929095038155005 ], [ -93.81814800854319, 33.847573330722362 ], [ -93.787582515458794, 33.800724224695777 ], [ -93.681429400215535, 33.808343132255956 ], [ -93.604869086498084, 33.757242423660692 ], [ -93.583756304187887, 33.649909985299217 ], [ -93.400918750440923, 33.654365800066827 ], [ -93.303580231482712, 33.590986898171721 ], [ -93.18399959540416, 33.383316512210911 ], [ -93.194183646426325, 33.349032843279232 ], [ -93.148384195614355, 33.323618811182605 ], [ -93.167842131628646, 33.283214075130118 ], [ -93.120259061662608, 33.104020219688898 ], [ -93.150285812110184, 33.079156025626602 ], [ -93.117784152865994, 33.008392641803468 ], [ -93.1481300858282, 32.971327969475219 ], [ -93.106674141526668, 32.935561955063662 ], [ -93.13287629163726, 32.834207629477021 ], [ -93.044449846413215, 32.699542650350963 ], [ -92.987882938074648, 32.68626756242638 ], [ -92.873906625403919, 32.551589902699739 ], [ -92.881445570623839, 32.430645264846497 ], [ -92.951691917622696, 32.229030584227097 ], [ -92.934025745454761, 32.167106698213267 ], [ -92.815297606044354, 31.996744911909211 ], [ -92.780636653335137, 31.883966472387652 ], [ -92.549754632685861, 31.72663235085879 ], [ -92.567246876219528, 31.634864884153693 ], [ -92.536477304883988, 31.603228573549828 ], [ -92.560447791624313, 31.565646273467543 ], [ -92.511704151877723, 31.549420982567192 ], [ -92.488265070981768, 31.427958875458657 ], [ -92.411523120186615, 31.350127563958232 ], [ -92.444816249669955, 31.313558611953592 ], [ -92.569573235046306, 31.377391456861194 ], [ -92.695211784255747, 31.391578664714423 ], [ -92.721357107983508, 31.371703741012979 ], [ -92.719966397894041, 31.227125552339011 ], [ -92.753671521940717, 31.210243565531417 ], [ -92.833507254862852, 31.307693317858668 ], [ -92.8511850435859, 31.421648431555312 ], [ -92.888832955826018, 31.431439300829265 ], [ -92.884298691085831, 31.376563244637591 ], [ -92.927026648607949, 31.364420836651643 ], [ -93.005991764971313, 31.447375960702193 ], [ -93.078935321720763, 31.365913216699521 ], [ -93.274079436701868, 31.353042380902576 ], [ -93.316862604322026, 31.402879068480519 ], [ -93.366956611779855, 31.59397525288999 ], [ -93.47507627601145, 31.680387673989397 ], [ -93.435772383783572, 31.72582993159363 ], [ -93.464848612581733, 31.82125001692016 ], [ -93.575162481163886, 31.884337480354951 ], [ -93.574701277446238, 32.005490537576939 ], [ -93.607886872508473, 31.994584569382614 ], [ -93.693417338459682, 32.042599519073015 ], [ -93.744859864707266, 32.021116302405758 ], [ -93.797802513680963, 32.134444847731466 ], [ -93.984550911538861, 32.225988444601889 ], [ -94.005258246719549, 32.248496434399044 ], [ -93.985991962093948, 32.302718596960041 ], [ -94.043310061319261, 32.328200074352601 ], [ -94.04082002474054, 32.38293996871051 ], [ -94.176219971718297, 32.432850008492473 ], [ -94.252447293524483, 32.558073839024424 ], [ -94.385679994638281, 32.552806338959329 ], [ -94.431021121048687, 32.579036123404016 ], [ -94.614462876364669, 32.517502179301445 ], [ -94.888610011502692, 32.615999909194606 ], [ -94.981708424531249, 32.711677646041061 ], [ -95.076139275347131, 32.667518529708694 ], [ -95.127615626021807, 32.746777587786717 ], [ -95.195331191816109, 32.771517235474413 ], [ -95.22493006248574, 32.815799998644387 ], [ -95.220813328688862, 32.909609046490218 ], [ -95.356813677038588, 33.019421380421036 ], [ -95.360617791978243, 33.056013004843436 ], [ -95.428738485811465, 33.040400537605088 ], [ -95.56014016775201, 33.080804370105113 ], [ -95.582700457941115, 33.060143587428058 ], [ -95.631552485903569, 33.115626029729832 ], [ -95.704424584241366, 33.089571316890854 ], [ -95.826587791466721, 33.147984163811572 ], [ -95.895860010321186, 33.125799899507072 ], [ -96.026470065410294, 33.177099982442279 ], [ -96.123559998655409, 33.303350059772399 ], [ -96.21389004674802, 33.322569993170887 ], [ -96.249339907934754, 33.405390076934303 ], [ -96.371210035540656, 33.443539978579885 ], [ -96.429324744742956, 33.517241685823912 ], [ -96.597369932900889, 33.522360027005135 ], [ -96.620509012649137, 33.493438423438171 ], [ -96.711845145212664, 33.589684339132269 ], [ -96.857395343480192, 33.609513671877778 ], [ -96.995170840867985, 33.713403077880152 ], [ -97.131705465996887, 33.685883235360485 ], [ -97.14876398298675, 33.712053655268448 ], [ -97.166362433123737, 33.681864808975206 ], [ -97.211162324575469, 33.718925868926164 ], [ -97.311818906672201, 33.698239445043072 ], [ -97.400026314934919, 33.736950260384496 ], [ -97.481690229872171, 33.727416250343339 ], [ -97.500028676045901, 33.697547471360373 ], [ -97.542837587747172, 33.717548018498476 ], [ -97.651569346666889, 33.64975860048888 ], [ -97.731655566020478, 33.634887598302264 ], [ -97.756084110722057, 33.658470012408657 ], [ -97.858264625077112, 33.582850123330722 ], [ -98.013135699254207, 33.581764830215029 ], [ -98.082947887592653, 33.522863068346787 ], [ -98.167512222678241, 33.510698781721409 ], [ -98.295531547366537, 33.553130177277929 ], [ -98.360403547916832, 33.503909123606611 ], [ -98.472617322243181, 33.514635198469975 ], [ -98.643628937238375, 33.475821698073858 ], [ -98.816848097940508, 33.387336817090237 ], [ -98.873480912410599, 33.455467287737868 ], [ -98.909724079516806, 33.432113063338583 ], [ -99.285773041290625, 33.666844413543238 ], [ -99.418346531097598, 33.612022936428033 ], [ -99.564591264189602, 33.643561743037559 ], [ -99.712466382811641, 33.588037322462561 ], [ -99.989599523631441, 33.604495116483577 ], [ -100.158310549644639, 33.540849967655532 ], [ -100.223144148608924, 33.560366044404702 ], [ -100.309566879618956, 33.533936336982997 ], [ -100.331683066366267, 33.565026046344194 ], [ -100.464965349372321, 33.569950216550993 ], [ -100.475420684217156, 33.531881132316052 ], [ -100.565193521532407, 33.526037457606755 ], [ -100.666809613057708, 33.637267626921798 ], [ -100.681512511744515, 33.705555101162197 ], [ -100.751347510410085, 33.724730882364469 ], [ -100.84916605907037, 33.666150382251416 ], [ -100.956976778868636, 33.75672607081367 ], [ -101.021448340603754, 33.761271561898781 ], [ -101.148588552853582, 33.87220485835028 ], [ -101.168883256098283, 33.968018880548847 ], [ -101.242829967580164, 33.974868534374664 ], [ -101.416277640736126, 34.149720007025991 ], [ -101.450969054615939, 34.124549876413347 ], [ -101.523371012813612, 34.144237521338617 ], [ -101.549204353044573, 34.271351757724034 ], [ -101.776480152239373, 34.340120197549332 ], [ -101.830283643239184, 34.383765866527668 ], [ -101.904562456069513, 34.37832687642193 ], [ -101.973517775711201, 34.440544166077537 ], [ -102.00195721952683, 34.415239550794745 ], [ -102.087346614207519, 34.439462601446387 ], [ -102.217285480734148, 34.551036863945171 ], [ -102.33065994888041, 34.588524873055363 ], [ -102.376771611639739, 34.566735656623315 ], [ -102.37626436165506, 34.590186659726157 ], [ -102.443647967980837, 34.606485643327957 ], [ -102.483651521386136, 34.559665974311692 ], [ -102.635431382779657, 34.566340685763436 ], [ -103.582362363768027, 34.677006156636615 ], [ -103.666841372187704, 34.702377824885126 ], [ -103.750763600132032, 34.819154318914734 ], [ -103.915947055077481, 34.823789554077266 ], [ -103.957649910659356, 34.872050060487382 ], [ -104.068470566791433, 34.910007163146496 ], [ -104.051297217215577, 34.947038958087553 ], [ -104.077088689899654, 34.980916596919045 ], [ -104.41900704202078, 34.937230836488908 ], [ -104.493366950739485, 35.035328870868881 ], [ -104.57721428069479, 35.070316252272136 ], [ -104.622189276423953, 35.211605112173658 ], [ -104.698233832598945, 35.257960349187663 ], [ -104.79372547781982, 35.237207324793303 ], [ -104.842076662627122, 35.293743844733804 ], [ -104.797333590335768, 35.331744634162995 ], [ -104.819844992886587, 35.388732261296333 ], [ -104.876909830029945, 35.397526199869212 ], [ -104.904894250573022, 35.4684570513107 ], [ -104.953494090066059, 35.4693917962081 ], [ -105.012533335531216, 35.525306479994775 ], [ -104.995371696644924, 35.574972482736982 ], [ -105.05748162208323, 35.62183471936622 ], [ -105.034461865626028, 35.648662623408164 ], [ -105.099043479759999, 35.724985523238686 ], [ -105.410092824490661, 35.740497025525436 ], [ -105.445919318122463, 35.789508078649384 ], [ -105.533047027698601, 35.813402102975637 ], [ -105.487320906983115, 35.948522833036584 ], [ -105.557068945854567, 35.984367344178033 ], [ -105.456020039218004, 36.046462139669295 ], [ -105.396576055888175, 36.193620323463193 ], [ -105.409560148545268, 36.237169120906067 ], [ -105.327659794393171, 36.276929547327882 ], [ -105.327382507165382, 36.405248523512633 ], [ -105.357372877218367, 36.45093077155169 ], [ -105.318674364170008, 36.491635634525011 ], [ -105.377432290310253, 36.552247712436234 ], [ -105.348949725779946, 36.570873838348454 ], [ -105.370641013116895, 36.680767025676431 ], [ -105.31282994025679, 36.72351915601844 ], [ -105.224595925700967, 36.73383278386401 ], [ -105.200384134254634, 36.913572458088325 ], [ -105.23664724513695, 37.031331369439656 ], [ -105.166249130753258, 37.151863881548586 ], [ -105.168959566911823, 37.37547387241915 ], [ -105.129635644840263, 37.409493532857887 ], [ -105.218070030156326, 37.581912903762515 ], [ -105.187356986379029, 37.619441949289303 ], [ -105.297170292340894, 37.658106700801625 ], [ -105.492650036327603, 37.582496706334169 ], [ -105.429163974042922, 37.852466211816449 ], [ -105.530136548494184, 37.953171676440057 ], [ -105.584227136692988, 37.967338190352059 ], [ -105.673206178731505, 38.159074423458236 ], [ -106.019249379643512, 38.454381666751758 ], [ -106.058609605779807, 38.456654998422579 ], [ -106.159847933153486, 38.343249019963302 ], [ -106.246598233026248, 38.341923415202189 ], [ -106.245852170181294, 38.439292149569908 ], [ -106.343313106686537, 38.50344546496067 ], [ -106.3649159774764, 38.615568149012276 ], [ -106.42953141923546, 38.651358857500149 ], [ -106.451948617968725, 38.698474177985574 ], [ -106.416574531517753, 38.727918998211059 ], [ -106.422130721988907, 38.809484737205153 ], [ -106.349314379305014, 38.854843714532649 ], [ -106.326155138693792, 38.911088304301991 ], [ -106.464914893772857, 38.910429053909475 ], [ -106.554155034059235, 38.998600939947181 ], [ -106.595434865859161, 38.991225364258241 ], [ -106.586449158721337, 39.094631773611809 ], [ -106.561240989495957, 39.155743351660917 ], [ -106.499448414305562, 39.184220699728264 ], [ -106.481067892777659, 39.259510547213864 ], [ -106.502526163166593, 39.298348634086082 ], [ -106.432522414393873, 39.316213413423718 ], [ -106.404683876417124, 39.379332890515549 ], [ -106.351434430280079, 39.353790559574776 ], [ -106.218974303630887, 39.38305714650204 ] ] ] } },
{ "type": "Feature", "properties": { "huc2": "17", "name": "Pacific Northwest Region" }, "geometry": { "type": "Polygon", "coordinates": [ [ [ -114.161529044470811, 49.154945069544262 ], [ -114.147563914376136, 49.093115067475871 ], [ -114.05522628761598, 49.041021999903649 ], [ -114.071399432670546, 49.001243364316608 ], [ -114.021228917613385, 48.961392336258655 ], [ -114.047563790447498, 48.936896350761707 ], [ -114.013623129938949, 48.910021702237167 ], [ -114.058081168434569, 48.888953369672159 ], [ -113.993055502134652, 48.854062625056621 ], [ -114.004206159006642, 48.833068563079273 ], [ -113.790531337279575, 48.845614854730876 ], [ -113.702749852964786, 48.71942086887185 ], [ -113.740955283727118, 48.69276915990465 ], [ -113.750163129080121, 48.614223310038717 ], [ -113.47339518378638, 48.55243809387408 ], [ -113.479400340450638, 48.453624723379711 ], [ -113.355747132293573, 48.423235444360444 ], [ -113.333660270770224, 48.383051327364193 ], [ -113.386956887748269, 48.341466534925672 ], [ -113.236991509187547, 48.247344631336858 ], [ -113.230432950521887, 48.170318690471539 ], [ -113.000591945018954, 48.130660590182544 ], [ -112.981669557519794, 48.073813588054662 ], [ -112.93742091805963, 48.0604213556758 ], [ -112.949781581239051, 48.032734498091052 ], [ -112.896564668685969, 48.018966496027097 ], [ -112.878458433186353, 47.975862082408185 ], [ -112.912693941854613, 47.946420111971165 ], [ -112.981212820908453, 47.95525912841822 ], [ -113.093320985067919, 47.907981279018301 ], [ -113.058447207660791, 47.870953442961678 ], [ -113.061686595376543, 47.787564444028526 ], [ -113.081050353265113, 47.749956046602641 ], [ -113.165898861299894, 47.720438511788345 ], [ -113.12869044574316, 47.661160023457363 ], [ -113.147370237423672, 47.602280777708998 ], [ -113.114662090691667, 47.490306289852711 ], [ -113.020917516757351, 47.489244025408652 ], [ -112.919486447601912, 47.381317678150104 ], [ -112.928316323116036, 47.340097684856012 ], [ -112.726206217781638, 47.285136117223963 ], [ -112.739852726682955, 47.238184772686232 ], [ -112.600963445131057, 47.22806786468589 ], [ -112.551413511955005, 47.168296095568152 ], [ -112.442598818969245, 47.162925834046654 ], [ -112.417994017011551, 47.10801015544952 ], [ -112.313143403576078, 47.038345679356993 ], [ -112.336979081102911, 46.982371382604491 ], [ -112.494501567776553, 46.914762141200605 ], [ -112.499965268496581, 46.881943015942618 ], [ -112.462223634977946, 46.859222470151614 ], [ -112.51843756581259, 46.832569077292405 ], [ -112.536652105706281, 46.77043882219769 ], [ -112.465187215691884, 46.719625458143554 ], [ -112.343482751384201, 46.737022004338648 ], [ -112.309249532880912, 46.714245903810948 ], [ -112.330769077535038, 46.673743036650222 ], [ -112.293230214796608, 46.605005331280999 ], [ -112.316742083952221, 46.57501352245032 ], [ -112.29379205152938, 46.530742314624263 ], [ -112.310632768358388, 46.421160080308681 ], [ -112.349696930339476, 46.385255445455272 ], [ -112.402661404934037, 46.38710233869503 ], [ -112.454267140363314, 46.328984159579257 ], [ -112.532750940547288, 46.334602853121091 ], [ -112.597936170099544, 46.236876093274489 ], [ -112.577089980474852, 46.178960834544348 ], [ -112.504999086608819, 46.183552593007825 ], [ -112.520237626984013, 46.136760377620554 ], [ -112.43573679101209, 46.013957917605836 ], [ -112.404229276676503, 45.887591290191743 ], [ -112.450862677700954, 45.820641084393188 ], [ -112.503770017053924, 45.824082724282754 ], [ -112.52844456339281, 45.792677313773893 ], [ -112.61390507711063, 45.901747174123393 ], [ -112.71784029730928, 45.883041018649983 ], [ -112.760275895391317, 45.929439984511156 ], [ -112.914257249436787, 45.924387432105533 ], [ -112.941861022640396, 45.986955596344934 ], [ -112.922850653863833, 46.004948488000537 ], [ -112.956887395507181, 46.026527944552861 ], [ -113.27379851038566, 46.059217646904784 ], [ -113.335766628051687, 46.00537115465724 ], [ -113.380357794779329, 46.018364066255138 ], [ -113.458224251904056, 45.984422748125894 ], [ -113.480076317779179, 45.939619912077518 ], [ -113.516685320685667, 45.942237668572119 ], [ -113.532938505910522, 45.878159992963212 ], [ -113.701609370295529, 45.843145583426988 ], [ -113.829997443490555, 45.750688092661839 ], [ -113.896394384074185, 45.770109070574996 ], [ -113.906738260980148, 45.703771843712239 ], [ -113.938141330820727, 45.695805875940728 ], [ -113.905172222205096, 45.622375056182669 ], [ -113.806465712871486, 45.601437366247232 ], [ -113.834468857512064, 45.520531192846519 ], [ -113.766060564564143, 45.520688163623831 ], [ -113.784437233738799, 45.455014852697751 ], [ -113.775989334720421, 45.407765521933491 ], [ -113.732674612467918, 45.388774097566255 ], [ -113.738119523944619, 45.328533178709975 ], [ -113.591987272457686, 45.184753396212379 ], [ -113.576526867062938, 45.130769397874118 ], [ -113.451964045321773, 45.059038087578884 ], [ -113.443832676901479, 44.960007378424166 ], [ -113.498798509348219, 44.942053233379504 ], [ -113.455156469455829, 44.865493607241554 ], [ -113.356652692831815, 44.820357556329043 ], [ -113.3408337798773, 44.784601171884276 ], [ -113.24708709465952, 44.822958520086033 ], [ -113.131269274382731, 44.772656621998856 ], [ -113.049444346518882, 44.632667527421162 ], [ -113.088256948985986, 44.599642723796912 ], [ -113.006717840440686, 44.526079170634347 ], [ -113.026640505844526, 44.496128579428436 ], [ -113.005963287249671, 44.455201656007084 ], [ -112.889549695104648, 44.405972088705369 ], [ -112.855501550175219, 44.360165662574033 ], [ -112.813206211951439, 44.378070235194663 ], [ -112.827530408366968, 44.442538115229503 ], [ -112.733478297183296, 44.49981553173189 ], [ -112.387231028862786, 44.447391285183393 ], [ -112.355640136271205, 44.533554988688039 ], [ -112.285105171450169, 44.568496738235055 ], [ -112.106805078334759, 44.520817153059298 ], [ -111.869421058935373, 44.566256400795289 ], [ -111.821532814891043, 44.508979187716399 ], [ -111.703729516002852, 44.559993712617036 ], [ -111.463859343540534, 44.541084494276205 ], [ -111.510025875657931, 44.565244022700519 ], [ -111.516242874433871, 44.643738912811244 ], [ -111.475656284773763, 44.663726739912718 ], [ -111.489047819583845, 44.705347397588959 ], [ -111.414539079884321, 44.710769180923563 ], [ -111.384907984588295, 44.755014989882092 ], [ -111.219318208084275, 44.622519268918097 ], [ -111.2411138827744, 44.614523681463851 ], [ -111.226786178743112, 44.576795768642192 ], [ -111.126025813967189, 44.496476152254395 ], [ -110.96145136560736, 44.443429018774722 ], [ -110.876400408326376, 44.33924827380045 ], [ -110.720636218897937, 44.422190205641897 ], [ -110.738383048297905, 44.476799462814022 ], [ -110.612959266698624, 44.480089136979707 ], [ -110.616621942121355, 44.442949107066369 ], [ -110.6666455606927, 44.415426538150832 ], [ -110.5685209578387, 44.341708483473063 ], [ -110.410528598444415, 44.346075772916592 ], [ -110.355256324297685, 44.293981228226578 ], [ -110.388340649403332, 44.269017369712699 ], [ -110.38867605588726, 44.218801346964433 ], [ -110.33157052473814, 44.232137678000633 ], [ -110.280013219749577, 44.186512311626728 ], [ -110.181020405647828, 44.183744294392689 ], [ -110.216363212967224, 44.154952660132054 ], [ -110.184247576653021, 44.137400165990407 ], [ -110.198876831749274, 44.08446354240359 ], [ -110.153545639439287, 44.013783484015505 ], [ -110.049860217553601, 44.008934719597399 ], [ -109.993928203899657, 43.949511467848211 ], [ -109.859042595234001, 43.957924095487151 ], [ -109.872883801360814, 43.928815634399982 ], [ -109.814025062865781, 43.861412880969013 ], [ -109.880975274171021, 43.805550559638881 ], [ -110.028256475424868, 43.798405564927428 ], [ -110.043829801871524, 43.754910884907808 ], [ -110.084016721827055, 43.748034214537284 ], [ -110.024269410178363, 43.677821131003562 ], [ -110.065384571291517, 43.658504566270132 ], [ -110.029605532817513, 43.619131306189928 ], [ -110.063010690633988, 43.589361279958361 ], [ -109.953995604690633, 43.544248849311998 ], [ -109.946150180885894, 43.469452010863805 ], [ -109.899154539038108, 43.490710934877342 ], [ -109.80032939332817, 43.465420455528779 ], [ -109.765350320865195, 43.406747908111818 ], [ -109.877382399462817, 43.378339696391983 ], [ -110.003166280283864, 43.446278027012305 ], [ -110.091109214393938, 43.442124337791263 ], [ -110.116320757772371, 43.364561502626721 ], [ -110.167175153553913, 43.38176044675911 ], [ -110.265021247507278, 43.330966635803755 ], [ -110.248998944294343, 43.285130447678576 ], [ -110.178829604762356, 43.272660322392269 ], [ -110.158322719555358, 43.235858093925302 ], [ -110.20065058707813, 43.211797667041267 ], [ -110.212771491893491, 43.108898404590704 ], [ -110.299600467548345, 43.066251469178319 ], [ -110.46839898327184, 43.046824792900978 ], [ -110.555456741917155, 42.968323921420811 ], [ -110.573388542042863, 42.999216363198023 ], [ -110.644168094894312, 42.999159718328784 ], [ -110.577026823372691, 42.819215551981493 ], [ -110.588870782939921, 42.793959292947562 ], [ -110.641002362276524, 42.802588496846674 ], [ -110.615509688057685, 42.541271693026388 ], [ -110.696066053076038, 42.525158957141429 ], [ -110.751951771054692, 42.605445833763937 ], [ -110.86017549543709, 42.486657676256492 ], [ -110.958276126352473, 42.542854372921383 ], [ -110.994592410043595, 42.503148428953239 ], [ -111.234885737702413, 42.478289541248309 ], [ -111.241159119596489, 42.60232923233567 ], [ -111.279353148411218, 42.552913795858196 ], [ -111.335414180343079, 42.566609422968376 ], [ -111.454966247794729, 42.654492149284181 ], [ -111.524120505967673, 42.785008655229952 ], [ -111.591922399546377, 42.778692145973672 ], [ -111.658618628814864, 42.855762321626308 ], [ -111.720047941806413, 42.757904473271346 ], [ -111.656582250626428, 42.691607267109084 ], [ -111.937853165430965, 42.543963064248665 ], [ -111.978465364990839, 42.475504199429096 ], [ -111.961834703892706, 42.414267767350381 ], [ -111.987935473931216, 42.373150480895127 ], [ -112.0723426210089, 42.351988178703365 ], [ -112.097902098668413, 42.269533427539926 ], [ -112.190601326292125, 42.347657067596366 ], [ -112.326906554000871, 42.323709907319191 ], [ -112.297380212399986, 42.45415944932229 ], [ -112.367074898296522, 42.45404345605904 ], [ -112.453650463431813, 42.556930320222563 ], [ -112.52995514275139, 42.363005424463836 ], [ -112.655610577647124, 42.384807652058527 ], [ -112.656037682960502, 42.471133716537622 ], [ -112.696242834916418, 42.462223443476439 ], [ -112.723679196224182, 42.360014204717615 ], [ -112.79917571843346, 42.341042799450214 ], [ -112.817225268729473, 42.268107775249668 ], [ -113.020149201097709, 42.220145068863282 ], [ -113.12510420520114, 42.152338925741255 ], [ -113.102972604558303, 42.108633569174046 ], [ -113.143297827877348, 42.071850491046206 ], [ -113.138841731613653, 42.029837241662186 ], [ -113.261611413522985, 41.922995798216427 ], [ -113.552159049265086, 41.862088559325166 ], [ -113.633919459577257, 41.873032491185782 ], [ -113.668807084873819, 41.85529541342941 ], [ -113.676523400757759, 41.77249462442726 ], [ -113.709819436677321, 41.750153373445272 ], [ -113.780133651171312, 41.856167184970118 ], [ -113.872232504049094, 41.892203818945113 ], [ -113.944155545907677, 41.842618130934284 ], [ -113.954690310822997, 41.790235265378158 ], [ -114.044100032652238, 41.793609998134507 ], [ -114.073202724381375, 41.692928001440741 ], [ -114.19568870328618, 41.715644711901589 ], [ -114.250999687859718, 41.677190329856764 ], [ -114.322738498575532, 41.767792414883637 ], [ -114.445820577296544, 41.849889768077354 ], [ -114.485636475693269, 41.827027062841601 ], [ -114.493011377924219, 41.737571723268658 ], [ -114.623361686927581, 41.660088958718305 ], [ -114.684139830887688, 41.497045135344145 ], [ -114.775109855721936, 41.497239463029672 ], [ -114.91758613285883, 41.433783340021364 ], [ -114.995639753532828, 41.45980259000499 ], [ -115.047118814676224, 41.560686751376657 ], [ -115.126301973889284, 41.582563698986149 ], [ -115.19821106903477, 41.670809474474311 ], [ -115.329459153524596, 41.69146840882275 ], [ -115.347675495986721, 41.75949798354533 ], [ -115.426051923338534, 41.784638438087988 ], [ -115.410494854395267, 41.558569097762536 ], [ -115.35660677015008, 41.525677303100991 ], [ -115.409271142904771, 41.405799626084111 ], [ -115.452817600415997, 41.399792272014892 ], [ -115.535987068044918, 41.516467638084613 ], [ -115.595662535976558, 41.54117003484734 ], [ -115.619572065871395, 41.625173624967651 ], [ -115.689017922431745, 41.615176844403265 ], [ -115.737364380887925, 41.54494665164647 ], [ -115.721759845396235, 41.5071861595166 ], [ -115.766283078818176, 41.497531540156224 ], [ -115.820789387989748, 41.554760310352727 ], [ -115.984017360724039, 41.604534819834534 ], [ -116.008956727129828, 41.578282070336904 ], [ -115.966993131404493, 41.53820533317068 ], [ -116.006503760672175, 41.482196295763394 ], [ -115.958521288214413, 41.385776842902871 ], [ -116.01447216324641, 41.309970084231367 ], [ -115.991239442960222, 41.234268265601514 ], [ -116.111539029767258, 41.222310008574702 ], [ -116.206568443714588, 41.127945129503274 ], [ -116.304028131786168, 41.178520415195656 ], [ -116.30406047607714, 41.262023060013377 ], [ -116.342545482875778, 41.305403453919126 ], [ -116.322655922114919, 41.352117724492437 ], [ -116.357885173902304, 41.387962899569729 ], [ -116.503659101328324, 41.406785017000097 ], [ -116.511008725658883, 41.430386807973782 ], [ -116.620332930111104, 41.377691613644394 ], [ -116.669362890939212, 41.45764743533001 ], [ -116.741600227794564, 41.483725477291152 ], [ -116.735340362042095, 41.575806806310482 ], [ -116.795495656746368, 41.632225290254709 ], [ -117.068252551847394, 41.62043533830068 ], [ -117.159604087445814, 41.723977545823033 ], [ -117.216917321988433, 41.721108180254404 ], [ -117.295822038614489, 41.769088718315963 ], [ -117.334837135414261, 41.963159489104157 ], [ -117.592304882991598, 42.089743533924917 ], [ -117.610222075154326, 42.19149155622798 ], [ -117.662059456954026, 42.232082021193285 ], [ -117.659408972506981, 42.306125150803958 ], [ -117.691712072012521, 42.327832312333179 ], [ -117.854358839240575, 42.281795744644263 ], [ -117.875414451948629, 42.318291508126912 ], [ -117.918082744474503, 42.308322580780114 ], [ -117.9730150542742, 42.344126845456479 ], [ -118.020244873253191, 42.263110591207273 ], [ -117.986628726455066, 42.112281104606581 ], [ -118.091985692395383, 42.115107309359743 ], [ -118.231109925543024, 42.069230509882786 ], [ -118.253455410293924, 42.054402712852479 ], [ -118.233485007481647, 41.999748679963496 ], [ -118.29160090927833, 42.019311597853992 ], [ -118.318485112688478, 41.967950925969333 ], [ -118.421551061402766, 41.916543249171504 ], [ -118.410301450727445, 41.88541184181144 ], [ -118.455975599160638, 41.870144863020137 ], [ -118.560537465290764, 41.916767276256266 ], [ -118.610656611967073, 41.827502007908485 ], [ -118.666240069517116, 41.810376746883527 ], [ -118.677313168820888, 41.887025730616713 ], [ -118.732642992054082, 41.931895940401233 ], [ -118.704241023131388, 42.100086004635081 ], [ -118.792413627003853, 42.262146188655343 ], [ -118.882826264416025, 42.295081722297056 ], [ -118.897650219801022, 42.245627285695079 ], [ -118.963964858552913, 42.211353592419883 ], [ -118.999203134923434, 42.126145578150265 ], [ -119.044122023658616, 42.104822747735888 ], [ -119.078592075862915, 41.993230995999717 ], [ -119.111775724042374, 41.978917853695108 ], [ -119.080857055716876, 41.939161465191511 ], [ -119.284241943831802, 41.9857835639095 ], [ -119.328805467089495, 41.950353962777704 ], [ -119.322232011014677, 41.913778849507011 ], [ -119.360433689648815, 41.911883878298497 ], [ -119.330931687011201, 41.884178653256392 ], [ -119.348482377739998, 41.84376742228558 ], [ -119.273610457184077, 41.831212365744804 ], [ -119.303105410418254, 41.755285229788925 ], [ -119.233100105493961, 41.708000830017689 ], [ -119.28251230627572, 41.693339866116666 ], [ -119.270102802978897, 41.659116797336424 ], [ -119.326124451214611, 41.609775633351042 ], [ -119.388036790723959, 41.647998729699026 ], [ -119.452916292296706, 41.585018345410177 ], [ -119.529482319505973, 41.663459646100421 ], [ -119.50221231090849, 41.693666091656702 ], [ -119.522728986584283, 41.762933958497015 ], [ -119.637291422426571, 41.796870361071974 ], [ -119.624795928186629, 41.835913857974695 ], [ -119.706328584456642, 41.965888308880778 ], [ -119.7361280438178, 41.964992504432793 ], [ -119.732428265817873, 41.877724552910799 ], [ -119.805954330783436, 41.865113086257516 ], [ -119.840436808403908, 41.893986832221458 ], [ -119.870624800920325, 41.821997982156716 ], [ -119.937972595916293, 41.813433279774358 ], [ -119.957294091169928, 41.867832205576541 ], [ -120.209262949867721, 41.992060202385126 ], [ -120.240604863059531, 42.130350819188145 ], [ -120.301143939954116, 42.230526133345023 ], [ -120.260449362241644, 42.276190971027766 ], [ -120.299874544082897, 42.28295681339403 ], [ -120.350489988825302, 42.379824164180107 ], [ -120.46005737535468, 42.432488309113069 ], [ -120.54491788891508, 42.364282576703637 ], [ -120.595465557179665, 42.380842415154781 ], [ -120.673489724637719, 42.348066840661936 ], [ -120.775792932879554, 42.446392718897641 ], [ -120.769251412227504, 42.483646305654531 ], [ -120.870112764412909, 42.482608319654268 ], [ -120.765792117523091, 42.551536838355894 ], [ -120.801315897562148, 42.61965603861421 ], [ -120.725081209813169, 42.6452362860148 ], [ -120.837888605333148, 42.766323324735019 ], [ -120.836980236867944, 42.83655131600851 ], [ -120.957409834735003, 42.840391630179496 ], [ -121.021179766203545, 42.881916448655211 ], [ -121.170566806608562, 42.879381603975368 ], [ -121.304575680146286, 42.945763853986946 ], [ -121.348282080897206, 42.935430771587775 ], [ -121.334740340378474, 42.984664344531247 ], [ -121.36622708664386, 43.037442548412095 ], [ -121.46496480814865, 43.1050648062158 ], [ -121.466367628938485, 43.174666964631967 ], [ -121.572616447997177, 43.235588329477174 ], [ -121.556146113827182, 43.284555271062658 ], [ -121.582019391448867, 43.319361600487895 ], [ -121.64760245803474, 43.309415151495806 ], [ -121.63782518449311, 43.342727499662104 ], [ -121.71703219233305, 43.304966010698713 ], [ -121.728785248151723, 43.225393929386833 ], [ -121.76296087391043, 43.224580995763482 ], [ -121.760392283397096, 43.247865127846097 ], [ -121.796950792109257, 43.221509864000623 ], [ -121.925525075112233, 43.276415570004531 ], [ -122.040797254130993, 43.217875597035182 ], [ -122.092988792338701, 43.082237847774906 ], [ -122.064292856144277, 43.047307657272853 ], [ -122.172198946680624, 42.942976139052313 ], [ -122.143421651364491, 42.909468425763116 ], [ -122.191991736517338, 42.839306120848299 ], [ -122.166354408807123, 42.660401310405135 ], [ -122.224758514653004, 42.636995943721971 ], [ -122.213976614372598, 42.544281258679376 ], [ -122.315154110224739, 42.444525407984536 ], [ -122.273156918567793, 42.413786002228946 ], [ -122.270185191364916, 42.364779473730437 ], [ -122.231141605915255, 42.353669645494726 ], [ -122.270304227356775, 42.29786561870003 ], [ -122.248848533919983, 42.283186898061302 ], [ -122.31284781668019, 42.244646290316631 ], [ -122.400336107235574, 42.303594911382334 ], [ -122.442200492553823, 42.275367382127506 ], [ -122.435408843520818, 42.237115779998746 ], [ -122.502722758645675, 42.210839930476297 ], [ -122.476365685503382, 42.075541267208337 ], [ -122.521147289474769, 42.042329485285386 ], [ -122.575537806318252, 42.030128389526489 ], [ -122.621294029426195, 42.083413100943432 ], [ -122.73299861317328, 42.08610540218254 ], [ -122.859357910792795, 42.045477794152973 ], [ -122.965041984885872, 41.932025075235551 ], [ -123.072777921814222, 41.955800996353581 ], [ -123.202796082846589, 41.917180867826545 ], [ -123.303675857591998, 41.946155637968012 ], [ -123.352073791696867, 42.000216126828633 ], [ -123.454633450222445, 42.017948909883366 ], [ -123.539001952845595, 41.988153565695534 ], [ -123.559527929192754, 41.905977591759502 ], [ -123.613828606063663, 41.880991984709205 ], [ -123.65408863009057, 41.938868500439632 ], [ -123.828843420930625, 42.002504871622421 ], [ -123.849040110512817, 42.045683461227419 ], [ -123.822139285907355, 42.087521696982996 ], [ -123.858487337054243, 42.13485835657827 ], [ -124.029418813792105, 42.122618944878745 ], [ -124.029985744062358, 42.014484851044685 ], [ -124.1685856716676, 41.949940972728328 ], [ -124.287626200397725, 41.948750256016851 ], [ -124.422587923532987, 42.077364825370104 ], [ -124.482454638961784, 42.221519103121878 ], [ -124.500701510040031, 42.389057831623923 ], [ -124.567684722277733, 42.456323130069329 ], [ -124.466135878643584, 42.551580554599703 ], [ -124.47284801902147, 42.615405461562261 ], [ -124.529261358457802, 42.634132169025122 ], [ -124.584551602683135, 42.719674606931918 ], [ -124.671807165530055, 42.725876070674524 ], [ -124.703669819794143, 42.771982080210009 ], [ -124.532516611337755, 43.001496496597767 ], [ -124.52175158945829, 43.12761230615596 ], [ -124.468036176673081, 43.204193691385541 ], [ -124.476027368365223, 43.330729310742242 ], [ -124.346348000348641, 43.466732640950745 ], [ -124.247801857756485, 43.778003913565065 ], [ -124.153699137178521, 44.425529819310185 ], [ -124.148955024694388, 44.77116046882017 ], [ -124.045435819972184, 45.170125627387741 ], [ -124.038184868784327, 45.290841857117499 ], [ -124.082040508297311, 45.339144717835623 ], [ -124.042660407618087, 45.392185159683898 ], [ -124.063946897675791, 45.464889173116994 ], [ -124.010360449566022, 45.688658382843791 ], [ -124.068735425427775, 45.75387386292968 ], [ -124.05337803700624, 45.893215422017526 ], [ -124.090325308734577, 45.943215017275612 ], [ -124.001890231347446, 46.037602548615588 ], [ -124.062080399666144, 46.18311198633014 ], [ -124.121785805275152, 46.199973264194639 ], [ -124.160310948674919, 46.257176478102849 ], [ -124.13075493236947, 46.399505714861782 ], [ -124.1427659442639, 46.605412456059206 ], [ -124.186413444071675, 46.839641397318211 ], [ -124.253128065393383, 46.918972806212274 ], [ -124.248216001215738, 47.072139634666996 ], [ -124.297319677814031, 47.246872703884158 ], [ -124.350914948933976, 47.273714865052042 ], [ -124.475144175311613, 47.433556039613677 ], [ -124.471986826787145, 47.472266064581383 ], [ -124.423236029857279, 47.499270854646248 ], [ -124.462027361017959, 47.631190291497347 ], [ -124.55702745994617, 47.651042202319545 ], [ -124.542819085413299, 47.722424311134219 ], [ -124.798907209827561, 47.971280242252746 ], [ -124.78360114332601, 48.058019447015468 ], [ -124.859646921829622, 48.180520459523009 ], [ -124.766965306485545, 48.292839656762418 ], [ -124.821394553752341, 48.388068163823107 ], [ -124.798996681805278, 48.502782952850616 ], [ -124.90220433300928, 48.619556083237462 ], [ -124.851682734438157, 48.668346606193467 ], [ -124.862213565262536, 48.690821644591246 ], [ -124.779116561781109, 48.747068602930533 ], [ -124.877402063376849, 48.743673444883129 ], [ -124.70527646187206, 48.838716635249924 ], [ -124.700223477879831, 48.861759003048419 ], [ -124.744951803319694, 48.86165141529434 ], [ -124.715294663590839, 48.943609119861485 ], [ -124.743788715992594, 48.972347630549976 ], [ -124.633928398802396, 49.004256304652664 ], [ -124.640662999047677, 49.094803957630333 ], [ -124.575779255163027, 49.108437348047275 ], [ -124.583975518589114, 49.152387138377215 ], [ -124.526867504828928, 49.119790868558312 ], [ -124.516150693967688, 49.03210478270362 ], [ -124.458740447770396, 48.946788857537946 ], [ -124.482831909165782, 48.931997892377517 ], [ -124.462652283046467, 48.899311696401675 ], [ -124.516726020278867, 48.877157109281079 ], [ -124.497764020165874, 48.850282302949488 ], [ -124.40484389910452, 48.824663455138769 ], [ -124.406715436393412, 48.863114414126251 ], [ -124.346139091990949, 48.867691047502575 ], [ -124.304569763600895, 48.840017005687919 ], [ -124.299887004532508, 48.79527775383265 ], [ -124.101625580286637, 48.738508215758358 ], [ -124.067357816592988, 48.684223416556193 ], [ -124.031985851738142, 48.737092883826122 ], [ -123.949788241168818, 48.722061386259291 ], [ -123.972884348559163, 48.662731231576267 ], [ -123.88702095738762, 48.588044159278752 ], [ -123.79863370035936, 48.614780474301313 ], [ -123.75337673622758, 48.59415098562296 ], [ -123.695122007843636, 48.664265566199816 ], [ -123.52002056310026, 48.710066081650147 ], [ -123.560058055809208, 48.743975186786187 ], [ -123.608834727354392, 48.906526726144229 ], [ -123.602272732767503, 48.953802978977379 ], [ -123.519630963447128, 48.923649713317609 ], [ -123.599839907418868, 49.001167910800426 ], [ -123.410490725898228, 49.100936578927239 ], [ -123.066559142289933, 49.044160087407555 ], [ -122.977735861213645, 49.07533759346034 ], [ -122.978535654658316, 49.125748349726024 ], [ -122.869866003478677, 49.117086346602143 ], [ -122.901162251989817, 49.160412219130222 ], [ -122.792693671367005, 49.206882311394722 ], [ -122.657195019248562, 49.170317406641793 ], [ -122.656072516728031, 49.137153008460565 ], [ -122.564079675043033, 49.111560132022682 ], [ -122.53045242920922, 49.062276678074909 ], [ -122.365184007310262, 49.068718488919444 ], [ -122.307478712745734, 49.032125296631449 ], [ -122.141742323587593, 49.105585571330209 ], [ -122.129166126921362, 49.14066393369221 ], [ -122.041278537755431, 49.140777272379893 ], [ -121.937750255683056, 49.093156762456395 ], [ -121.778798436617876, 49.104385367232545 ], [ -121.687867490196297, 49.184232127468867 ], [ -121.588730409067409, 49.157722058432704 ], [ -121.520585001583584, 49.20712824362819 ], [ -121.481918671345028, 49.160604017357542 ], [ -121.499122421302488, 49.147344178757116 ], [ -121.433175493826582, 49.152576195422391 ], [ -121.391932198988599, 49.076811986595182 ], [ -121.362359780748619, 49.07925978947371 ], [ -121.270870509234499, 49.177148075481377 ], [ -121.321048371971699, 49.208825461479748 ], [ -121.327001141628458, 49.275467804793877 ], [ -121.229755906882431, 49.306776147063182 ], [ -121.07857370093565, 49.274206324167267 ], [ -121.025138745119634, 49.291944704148428 ], [ -121.098104967522531, 49.347234151846578 ], [ -121.059808512826052, 49.36675913451144 ], [ -121.116341962414737, 49.389588155933389 ], [ -121.090201522198356, 49.471577829502323 ], [ -121.049305581042333, 49.472917163718975 ], [ -121.08060827184849, 49.515344648280248 ], [ -121.045275565186145, 49.529316789725705 ], [ -121.041230410229076, 49.583473677509133 ], [ -120.960472318165088, 49.613985617141587 ], [ -120.972526178566696, 49.688446306899799 ], [ -120.877823886633138, 49.786131016419304 ], [ -120.873007871691101, 49.850827302125232 ], [ -120.77949530916662, 49.875780357131191 ], [ -120.782069641980726, 49.907682250166211 ], [ -120.688252752615014, 49.893570290079033 ], [ -120.645651190236279, 49.984601142967307 ], [ -120.592292497102918, 49.961052829187572 ], [ -120.602109846447689, 49.933913077635793 ], [ -120.534073450134443, 49.86913652113509 ], [ -120.326850137769142, 49.913630376458215 ], [ -120.249135592541251, 49.879803994724284 ], [ -120.247878706033745, 49.846012056410579 ], [ -120.059705970587984, 49.840515583864395 ], [ -120.038677779744503, 49.906624268458245 ], [ -119.995666479217704, 49.933958717145678 ], [ -119.931075867791421, 49.934093974295102 ], [ -119.772866995162758, 50.012572372325359 ], [ -119.806744290280861, 50.030711620417584 ], [ -119.729693625398383, 50.106162966971063 ], [ -119.830917139705747, 50.184339554763412 ], [ -119.748819143974046, 50.204460825423553 ], [ -119.753037343299738, 50.259589644126081 ], [ -119.683560739212837, 50.295443346443236 ], [ -119.712562189165524, 50.320181827390066 ], [ -119.633759577372317, 50.376353209072114 ], [ -119.662683980763447, 50.440181070458891 ], [ -119.570219678953848, 50.465216815350821 ], [ -119.541495232945209, 50.427295361237817 ], [ -119.438656307161239, 50.400893552731006 ], [ -119.302502546126277, 50.414301245681848 ], [ -119.225103388704696, 50.49704740747579 ], [ -119.296490466262895, 50.547730177624977 ], [ -119.297376667981013, 50.634716795772405 ], [ -119.185219393032767, 50.586686549102218 ], [ -119.214031069506888, 50.52602916374336 ], [ -119.136864930560449, 50.416835138354102 ], [ -119.134365285412812, 50.362497634104884 ], [ -119.011132754889687, 50.34051743474749 ], [ -119.012229963825249, 50.299959850017025 ], [ -119.076857967526408, 50.244398849621454 ], [ -119.056812316175524, 50.174125588674478 ], [ -119.133832785600077, 50.149043082160098 ], [ -119.169183378725847, 50.091890290500146 ], [ -119.15724877142992, 50.041467571675248 ], [ -118.879953534908182, 50.054210543762984 ], [ -118.802701476650299, 50.021508155752961 ], [ -118.710346241455298, 50.053209606944051 ], [ -118.700069433810498, 50.090897223632766 ], [ -118.507674246378556, 50.097580218108384 ], [ -118.376477381122299, 50.163729196212088 ], [ -118.296671418719029, 50.134876761835038 ], [ -118.23696668217525, 50.211519729523815 ], [ -118.166326314033398, 50.198790300320518 ], [ -118.086936445601353, 50.242619491176775 ], [ -118.008290468184356, 50.232149061553947 ], [ -118.044957759427902, 50.164172124648509 ], [ -117.986863257827906, 50.076675029139082 ], [ -117.904044916364953, 50.092043944616577 ], [ -117.866780755053753, 50.069731935387104 ], [ -117.810788632132756, 50.097154718291037 ], [ -117.724527205929931, 50.065430463941382 ], [ -117.631862220539759, 50.076144109768371 ], [ -117.5830313212672, 50.043859198632063 ], [ -117.588190274087651, 49.960057818671352 ], [ -117.634799253602623, 49.916634770267571 ], [ -117.707576937701489, 49.912238061690196 ], [ -117.75837561642075, 49.81639650390035 ], [ -117.844279223757212, 49.842579098729253 ], [ -117.955528474959763, 49.774624950160174 ], [ -117.947613600531923, 49.747406284745807 ], [ -118.001775319374104, 49.693797809550006 ], [ -118.015252312695836, 49.57029801345832 ], [ -117.743357173548929, 49.494033311001445 ], [ -117.634844495688839, 49.377555611583297 ], [ -117.55982399524018, 49.428482371763401 ], [ -117.524087799829559, 49.419613877540463 ], [ -117.556229429183972, 49.539132306435434 ], [ -117.414023715223266, 49.584108731761503 ], [ -117.429734239539698, 49.610262067671087 ], [ -117.393383810821746, 49.63414623534068 ], [ -117.322788113787922, 49.624371527288687 ], [ -117.314304546577276, 49.678280635749708 ], [ -117.19086013484781, 49.699900929993326 ], [ -117.190829760849724, 49.742894645540296 ], [ -117.227700043805129, 49.762016239322584 ], [ -117.194869669627565, 49.791631752702202 ], [ -117.23141054571326, 49.838506060209504 ], [ -117.126437932177851, 49.95439668564326 ], [ -117.18413538232096, 49.997958801086327 ], [ -117.216074461970564, 50.060436180828532 ], [ -117.195324142304713, 50.087851503152159 ], [ -117.095980275222743, 50.082213989339188 ], [ -117.069747146979068, 50.150054577866712 ], [ -116.983477066963758, 50.155353711260119 ], [ -116.908978387793539, 50.206023114028724 ], [ -116.818206103111024, 50.135417145136934 ], [ -116.705615736467365, 50.177178540916522 ], [ -116.706231376428619, 50.217622100098446 ], [ -116.612547683054871, 50.226263238367636 ], [ -116.508960248529007, 50.20423270375484 ], [ -116.452919818703606, 50.155406566739053 ], [ -116.499985948800528, 50.066222912832146 ], [ -116.442521951468038, 49.987582731668752 ], [ -116.460898225491775, 49.965984645090501 ], [ -116.511892530761656, 49.986438207739546 ], [ -116.634110706348395, 49.887478319794518 ], [ -116.695119136701464, 49.876112174333521 ], [ -116.679430587144196, 49.802990898238974 ], [ -116.586993120347756, 49.737173771922734 ], [ -116.607791565188833, 49.715362459746423 ], [ -116.587880741978935, 49.697897854140109 ], [ -116.677940684865462, 49.641931136123318 ], [ -116.644685414403668, 49.628521784837552 ], [ -116.685600803798138, 49.572971880360505 ], [ -116.622915112529938, 49.546304020106696 ], [ -116.660864513267356, 49.471254550472352 ], [ -116.561569753641422, 49.45664286564152 ], [ -116.423299997947126, 49.537997669507973 ], [ -116.30430409307364, 49.525775987515857 ], [ -116.236823117941, 49.420504835352915 ], [ -116.117325396524862, 49.400065986569231 ], [ -116.002366310988222, 49.509291396417538 ], [ -115.924662020523371, 49.536277891249597 ], [ -115.835908108781638, 49.444778991924629 ], [ -115.760182253911765, 49.476554611070867 ], [ -115.710909014608276, 49.453060041671002 ], [ -115.732489865534561, 49.340578096813275 ], [ -115.625630151918998, 49.455766032336733 ], [ -115.483642825563422, 49.44709081200363 ], [ -115.425235023168113, 49.491692960249352 ], [ -115.41423221314561, 49.592802799072658 ], [ -115.484228917482596, 49.635019541006265 ], [ -115.465520297328482, 49.669755058384624 ], [ -115.491387418076883, 49.70496876371211 ], [ -115.437441025884425, 49.735897947312075 ], [ -115.463937687286489, 49.767938723959389 ], [ -115.446698908665383, 49.809727122368784 ], [ -115.339096246142915, 49.854567700792465 ], [ -115.349299080793941, 49.951938617949544 ], [ -115.239047067210876, 49.992709472448226 ], [ -115.26871299450238, 50.036900499337982 ], [ -115.213361183969553, 50.060551054216006 ], [ -115.204497466547124, 50.108454863557924 ], [ -115.052216470315471, 50.119464624528497 ], [ -115.135362232293389, 50.236932650350532 ], [ -115.110699791462622, 50.268001090363633 ], [ -115.137531720990097, 50.316874476266051 ], [ -115.094412951152094, 50.326546154624687 ], [ -115.124172008855211, 50.355065814698378 ], [ -115.120411303151158, 50.441683503777696 ], [ -115.206833573451206, 50.528410996629141 ], [ -115.157457603790974, 50.573437788265373 ], [ -115.017078452317676, 50.583300855291419 ], [ -114.863402893005528, 50.395691772702428 ], [ -114.769396540259677, 50.358954929604621 ], [ -114.797479381950055, 50.32665949333034 ], [ -114.754540578700613, 50.296244876016935 ], [ -114.769761260046948, 50.243702108624461 ], [ -114.726887760195396, 50.191104833984809 ], [ -114.734408049140612, 50.121297194975476 ], [ -114.665940550981162, 50.062550960058317 ], [ -114.651413292371942, 49.976001525980394 ], [ -114.706821037044918, 49.923084328434648 ], [ -114.639831955062434, 49.826863795348565 ], [ -114.659548558312764, 49.764645370716508 ], [ -114.633522727145603, 49.730077637262298 ], [ -114.670687244603585, 49.688397493938467 ], [ -114.643463055610226, 49.640618479283454 ], [ -114.747361623045094, 49.61946060072853 ], [ -114.725454897092419, 49.56239439061806 ], [ -114.5735991603608, 49.556491696414938 ], [ -114.591436221659336, 49.397058791058235 ], [ -114.492670793344374, 49.351406662910819 ], [ -114.447046258747534, 49.264140302700454 ], [ -114.380228197894084, 49.249508530282228 ], [ -114.402166384833293, 49.213289081906495 ], [ -114.161529044470811, 49.154945069544262 ] ] ] } },
{ "type": "Feature", "properties": { "huc2": "02", "name": "Mid Atlantic Region" }, "geometry": { "type": "Polygon", "coordinates": [ [ [ -73.106804893530366, 41.172233680114374 ], [ -72.906033156553008, 41.298863952068977 ], [ -72.893606729696927, 41.242017113677022 ], [ -72.807999696749775, 41.276660196945897 ], [ -72.816473640084197, 41.249750136778957 ], [ -72.582821526679353, 41.271995369831622 ], [ -72.544458733339496, 41.248662382090743 ], [ -72.547999991381474, 41.264457015505528 ], [ -72.53858475134102, 41.270263578142433 ], [ -72.387140258944726, 41.261067781649793 ], [ -72.218236751526462, 41.30818368491726 ], [ -72.205393759757342, 41.285509063878187 ], [ -72.189511959558644, 41.32359190942293 ], [ -72.111461005659336, 41.299122441025361 ], [ -72.08996202305579, 41.363335268150799 ], [ -72.073963601761292, 41.319039659171082 ], [ -72.024876774314805, 41.334598792415918 ], [ -72.011098276802201, 41.306703488153637 ], [ -71.967834555214182, 41.350049747417088 ], [ -71.881308188669024, 41.346334240823836 ], [ -71.855273327501877, 41.314812213800586 ], [ -71.886645535702911, 41.306875525564728 ], [ -71.791890976228785, 41.273044889526396 ], [ -71.789820546644918, 41.068314473122292 ], [ -71.876336883985033, 40.994710025988987 ], [ -73.039576667083494, 40.617729314282961 ], [ -73.560762359674769, 40.524587494588019 ], [ -73.781775605977614, 40.536909048183226 ], [ -73.891273244739139, 40.506804316396199 ], [ -73.924184443226423, 40.470930499012177 ], [ -73.911429463663708, 40.294112374147112 ], [ -74.033038477965974, 39.738814985877575 ], [ -74.281179456389026, 39.401233275655891 ], [ -74.568069979983932, 39.209208887279047 ], [ -74.737486571567374, 38.960427009122334 ], [ -75.02121064108951, 38.787524656058721 ], [ -74.984963672717242, 38.468352038866449 ], [ -75.024876197409355, 38.306907116859264 ], [ -75.142994061489588, 38.063247218923053 ], [ -75.291390085036596, 37.853818507509928 ], [ -75.349520508773594, 37.81089625836065 ], [ -75.417208378609374, 37.820064365991463 ], [ -75.508675232899151, 37.703902325149812 ], [ -75.532676278205415, 37.555206946774973 ], [ -75.661473313880194, 37.323266967522393 ], [ -75.730661690552736, 37.264573996952365 ], [ -75.755828876478901, 37.165787884092559 ], [ -75.890838152499668, 37.053192956594408 ], [ -75.931691843624122, 36.925728154322265 ], [ -75.90400785393787, 36.821359545463146 ], [ -76.027080211090862, 36.818720966496365 ], [ -76.062480597922658, 36.791704622228451 ], [ -76.165436125991718, 36.813256772888707 ], [ -76.215692054527977, 36.760173583270337 ], [ -76.210252311795728, 36.722928983286501 ], [ -76.248508789916968, 36.724175926207373 ], [ -76.280523157918509, 36.681922538983969 ], [ -76.436401709934387, 36.68755918637185 ], [ -76.459399015453457, 36.771212889632977 ], [ -76.52582647645157, 36.68132236050198 ], [ -76.665105594488423, 36.672477586572604 ], [ -76.785486414356583, 36.765945947008447 ], [ -76.718448870124021, 36.858212148603585 ], [ -76.738352783762252, 36.926351132082097 ], [ -76.691190535519937, 36.983995276429802 ], [ -76.713327546913348, 37.044024289331141 ], [ -76.784767713817899, 37.116944026541169 ], [ -76.86868921789079, 37.126183642592864 ], [ -76.921529391512522, 37.184910550023126 ], [ -76.976631613659691, 37.198619267051249 ], [ -76.982284092965116, 37.156731488749607 ], [ -77.052670351707093, 37.123338363893303 ], [ -77.094107746992762, 37.157578203357524 ], [ -77.175826283748307, 37.161908559358658 ], [ -77.191937216606703, 37.20526452263703 ], [ -77.274602184200646, 37.246395547252497 ], [ -77.400559331876053, 37.179423136474547 ], [ -77.513832986257171, 37.177195004121145 ], [ -77.58521765342887, 37.212232495042151 ], [ -77.75364189249423, 37.141494863483778 ], [ -77.911807964639635, 37.132921754954452 ], [ -78.006741178102004, 37.076986766098251 ], [ -78.167674349016963, 37.202011703311143 ], [ -78.241300671708473, 37.194445532760078 ], [ -78.324651190785417, 37.103076736617375 ], [ -78.447994960301017, 37.078118373412501 ], [ -78.528994726296574, 37.142157068165773 ], [ -78.684212969902163, 37.195283507694519 ], [ -78.687220772934808, 37.279808585369132 ], [ -78.833109705288607, 37.362996148939622 ], [ -79.040966881036653, 37.327745312495473 ], [ -79.1455067876161, 37.262794792029773 ], [ -79.16890684177946, 37.281142568636049 ], [ -79.147209559274941, 37.32717281276927 ], [ -79.275449577049642, 37.336933760822994 ], [ -79.337627862026295, 37.400849841244288 ], [ -79.353629464740308, 37.482840641309565 ], [ -79.395661422797758, 37.466327407886553 ], [ -79.504804287550556, 37.520859056340399 ], [ -79.588495622056399, 37.449689193322314 ], [ -79.67667835517031, 37.48375466297167 ], [ -79.850600076443314, 37.3978921699088 ], [ -79.928532414861124, 37.467206935948553 ], [ -79.993535513334123, 37.442692021780751 ], [ -80.012490782002388, 37.394928761994791 ], [ -80.178946080764135, 37.327413305335391 ], [ -80.214598589042041, 37.320070406862044 ], [ -80.198432647946049, 37.34691683668941 ], [ -80.240825205434149, 37.356732570548893 ], [ -80.446920209089939, 37.279180449977012 ], [ -80.467229681239772, 37.293795078757711 ], [ -80.212545362950451, 37.448693538687088 ], [ -80.26212009710234, 37.458860451641279 ], [ -80.381619440561451, 37.387885838644955 ], [ -80.540992104194515, 37.344131890263668 ], [ -80.463102316016261, 37.433176959364893 ], [ -80.502669696801163, 37.482255904301368 ], [ -80.318103029916614, 37.568429623787878 ], [ -80.356259695777482, 37.605503794255149 ], [ -80.311992209626723, 37.630866566164009 ], [ -80.346590819461838, 37.641675529872209 ], [ -80.318315035566584, 37.685562070101469 ], [ -80.253042228565576, 37.725435372102488 ], [ -80.162094215132768, 37.875033824424968 ], [ -79.999308952140041, 37.995143225830965 ], [ -79.926279895313883, 38.106895465599131 ], [ -79.945193435566324, 38.131946997564711 ], [ -79.920010740927481, 38.182565564285106 ], [ -79.789090347462277, 38.268319093752176 ], [ -79.80860113584734, 38.309671593931576 ], [ -79.725484903693697, 38.364302452532016 ], [ -79.696044813798864, 38.491166241850152 ], [ -79.619337672927571, 38.620212193970765 ], [ -79.62686712222731, 38.664641356615647 ], [ -79.596119522264274, 38.662798440029 ], [ -79.508604381882506, 38.783676087574023 ], [ -79.539461035506434, 38.841123623323853 ], [ -79.519656977355524, 38.891655308726961 ], [ -79.446634898813187, 38.899775927556227 ], [ -79.454001618335127, 38.930251228223028 ], [ -79.374362101096736, 38.921140631733834 ], [ -79.330585995517438, 38.982085899733661 ], [ -79.29834914221864, 39.073756379838088 ], [ -79.354767978760606, 39.087131387775962 ], [ -79.290621062833168, 39.190734745721763 ], [ -79.335660098955884, 39.214649330409756 ], [ -79.468199323218045, 39.178691873063556 ], [ -79.509603712163369, 39.21430460333881 ], [ -79.27486504325833, 39.418828971450417 ], [ -79.286019151843917, 39.444637136952501 ], [ -79.209810931921723, 39.506984263475822 ], [ -79.239090073550685, 39.545191041261916 ], [ -79.186568215362726, 39.597741840679994 ], [ -79.072738009909031, 39.674142649194238 ], [ -78.965694972817445, 39.68595291374568 ], [ -78.912627651678051, 39.736557354009072 ], [ -78.922158563825064, 39.786576754262533 ], [ -78.9705811137989, 39.822731598506962 ], [ -78.823143110974414, 40.007868049214167 ], [ -78.737251180290357, 40.069116355880084 ], [ -78.637527318423111, 40.307889941705774 ], [ -78.563865520578318, 40.376288264979998 ], [ -78.574455448636726, 40.468744211190831 ], [ -78.654365497385697, 40.468642254759665 ], [ -78.664344930862114, 40.502247437493992 ], [ -78.743461457116751, 40.530531235727018 ], [ -78.721634035757887, 40.582719943918185 ], [ -78.826065117504285, 40.624323186090763 ], [ -78.85963442317906, 40.658088067291843 ], [ -78.840544327923894, 40.695866171009634 ], [ -78.913986270603843, 40.71746195790076 ], [ -78.88130189488426, 40.763631048473982 ], [ -78.901824937432508, 40.813085035846449 ], [ -78.863441543234856, 40.860135635581287 ], [ -78.889804318990358, 40.894052341488717 ], [ -78.78650665884966, 40.915944971302537 ], [ -78.749603369500008, 40.982285351171093 ], [ -78.687553246554074, 41.002607125389417 ], [ -78.702384923722519, 41.045776586826534 ], [ -78.646194532063106, 41.080972279638999 ], [ -78.648925850593514, 41.189290421485268 ], [ -78.689491384722544, 41.212850875555887 ], [ -78.619018489472168, 41.26527777901557 ], [ -78.598693709023763, 41.347581606932053 ], [ -78.503181513987371, 41.418618355336562 ], [ -78.561729483534805, 41.489991576911521 ], [ -78.465133652244404, 41.556911241212127 ], [ -78.426071268038257, 41.631436400911305 ], [ -78.361150598167228, 41.598314109219842 ], [ -78.282440213835059, 41.643327492718925 ], [ -78.277411152122596, 41.692637655745038 ], [ -78.243286060075107, 41.663486710570247 ], [ -78.001029814238692, 41.751602322365635 ], [ -77.892082251556047, 41.7146428257251 ], [ -77.889709428736623, 41.783767559948771 ], [ -77.843139837687858, 41.841670942582553 ], [ -77.727004915538345, 41.893336309860238 ], [ -77.753842268383849, 41.942438584143467 ], [ -77.727340527287325, 41.961195128780176 ], [ -77.756584194930809, 41.980047312149367 ], [ -77.664180818310058, 42.022674034749208 ], [ -77.708314641847963, 42.059607636598273 ], [ -77.678250821459002, 42.095730020417541 ], [ -77.718842068201155, 42.101243853759989 ], [ -77.697447112789234, 42.159593672275257 ], [ -77.740075209083813, 42.219518405055325 ], [ -77.796571752386185, 42.215720133351184 ], [ -77.843769875684799, 42.258487633032267 ], [ -77.900431236755111, 42.379430268522775 ], [ -77.861132269271295, 42.409545624442124 ], [ -77.757413962470537, 42.396376122941959 ], [ -77.751544253793796, 42.465722708081621 ], [ -77.690524181984316, 42.466999347015083 ], [ -77.657559490995794, 42.433909236049338 ], [ -77.550765504225978, 42.481827577123191 ], [ -77.581836420867361, 42.573117958821683 ], [ -77.531797458145689, 42.66445870743221 ], [ -77.478281008451688, 42.575597456401425 ], [ -77.430055443901011, 42.557312078122251 ], [ -77.358626057058359, 42.577955826387935 ], [ -77.315407292260602, 42.555908235031652 ], [ -77.255020498922832, 42.622164726895207 ], [ -77.209504326068526, 42.610121073493218 ], [ -77.238272831684014, 42.550070271298893 ], [ -77.192677818907455, 42.488805607165055 ], [ -77.324781195936993, 42.415371762078742 ], [ -77.301061935866855, 42.356370538823086 ], [ -77.181313219240451, 42.382644065490858 ], [ -77.078622957692019, 42.502274562783832 ], [ -77.07969649220199, 42.45363587003186 ], [ -77.004240134342808, 42.48889294352395 ], [ -76.981793477650484, 42.447523741911695 ], [ -77.00680495395315, 42.360065793347417 ], [ -76.907637280661319, 42.288676285145677 ], [ -76.825876814267318, 42.17171166693538 ], [ -76.762548461489544, 42.291535356775739 ], [ -76.721935721754718, 42.3014513373029 ], [ -76.759531257201175, 42.381988015238747 ], [ -76.721243608590612, 42.418558443786253 ], [ -76.66961736418321, 42.423648893292999 ], [ -76.638613743016734, 42.330682163268882 ], [ -76.500605107614959, 42.274574462259018 ], [ -76.504111410825828, 42.339507637469303 ], [ -76.314193594490675, 42.35045585326975 ], [ -76.310386213869535, 42.424980624860794 ], [ -76.172161516897347, 42.495846831055083 ], [ -76.180234552451097, 42.548612300175925 ], [ -76.244472608940953, 42.523010929601092 ], [ -76.27425163207856, 42.614984655550067 ], [ -76.248615841026478, 42.6404730332886 ], [ -76.26976201766837, 42.710490203062349 ], [ -76.224644957590129, 42.727246155418115 ], [ -76.249940757201983, 42.805967193140731 ], [ -76.188307371816293, 42.760539941956203 ], [ -76.102125258660422, 42.847802500047131 ], [ -76.072599582477594, 42.775558478944525 ], [ -76.018448075027791, 42.804648021871145 ], [ -76.054677326349903, 42.831692786642755 ], [ -76.016066634184767, 42.89987321313334 ], [ -75.973778316205099, 42.908870341128292 ], [ -75.889207363563187, 42.787596734531668 ], [ -75.874224228416637, 42.825038047533539 ], [ -75.734044353097417, 42.843127304065803 ], [ -75.745579536809188, 42.916416787801857 ], [ -75.692992232391205, 42.956793704054085 ], [ -75.587603064632731, 42.895400186195722 ], [ -75.562902490623586, 42.962656848884777 ], [ -75.469000011071174, 42.95809898159321 ], [ -75.45806429151007, 43.008044324905327 ], [ -75.506608344896335, 43.036665968907606 ], [ -75.485081913990811, 43.086690033411649 ], [ -75.523438265457855, 43.161169269957895 ], [ -75.447754874364691, 43.189917362777898 ], [ -75.449950144027341, 43.279416743685971 ], [ -75.491366483251895, 43.317283657448883 ], [ -75.445771778849007, 43.346576706462692 ], [ -75.542324350563149, 43.379340100932161 ], [ -75.485782533185557, 43.45323727602144 ], [ -75.491114703848311, 43.505960801067914 ], [ -75.43750974056222, 43.512374834647403 ], [ -75.457812722806338, 43.468964918112896 ], [ -75.428824834836263, 43.466717270722334 ], [ -75.414662202472741, 43.420349743326931 ], [ -75.357550820443464, 43.432209789448159 ], [ -75.304989079024196, 43.48870069146529 ], [ -75.303056621532093, 43.442833674480084 ], [ -75.260635490260753, 43.412307405748663 ], [ -75.27916304649824, 43.394219853311519 ], [ -75.222184588801383, 43.401247191951185 ], [ -75.151583400204544, 43.338942517786982 ], [ -75.005151898723184, 43.373399249233259 ], [ -74.883842290246093, 43.431757081143076 ], [ -74.902178514562749, 43.478819070213156 ], [ -74.827424069247741, 43.486609073435595 ], [ -74.821807303571362, 43.518158352694535 ], [ -74.872357041680118, 43.53831523171015 ], [ -74.693444453802883, 43.567281201568818 ], [ -74.518151208963687, 43.664655652419746 ], [ -74.545387989399828, 43.7157470666588 ], [ -74.493305174847919, 43.75418524482965 ], [ -74.504126512265245, 43.787531300067123 ], [ -74.461046095414389, 43.796973132126453 ], [ -74.489951706966053, 43.834114679006845 ], [ -74.397325633512779, 43.857338877200505 ], [ -74.399229798582965, 43.897587594887511 ], [ -74.322698931119504, 43.897913911822137 ], [ -74.297572616706205, 43.932829974241237 ], [ -74.376827831818389, 43.950672446047797 ], [ -74.311861353347609, 44.073226587679073 ], [ -74.187556429192881, 44.036024663860623 ], [ -74.057799666086382, 44.153047268996247 ], [ -73.913059121037335, 44.120411178208279 ], [ -73.940371639701709, 44.069304842098951 ], [ -73.879362930026488, 44.020922042468634 ], [ -73.828915286536741, 44.097746597028276 ], [ -73.774720291958445, 44.059916013480063 ], [ -73.646623792042888, 44.115942361961856 ], [ -73.575376771907585, 44.113870843152739 ], [ -73.56638445174994, 44.071185930698149 ], [ -73.616064567438485, 44.035217368441288 ], [ -73.588525868229979, 44.023229975672145 ], [ -73.598548654042673, 43.990316381809194 ], [ -73.567020328266224, 43.991962832441459 ], [ -73.585673415476762, 43.917207842693493 ], [ -73.546741966607229, 43.880031148598789 ], [ -73.614581936168577, 43.836353923116064 ], [ -73.572931974684209, 43.787166187168111 ], [ -73.597313990732417, 43.752689902371522 ], [ -73.56670262464803, 43.736573462418242 ], [ -73.650052625819256, 43.709563872367355 ], [ -73.707450996315458, 43.620345402176504 ], [ -73.71318147382172, 43.470998217559263 ], [ -73.762024683633896, 43.47178633730698 ], [ -73.778323700401486, 43.442833033316532 ], [ -73.758561215132076, 43.34576944950922 ], [ -73.6790960625612, 43.297250632593048 ], [ -73.587255905027732, 43.378882261548988 ], [ -73.531925895627694, 43.364156956938636 ], [ -73.538030640072321, 43.289736716835449 ], [ -73.491295641314011, 43.285632177767368 ], [ -73.49281330671829, 43.255782481570222 ], [ -73.447182322828567, 43.316323449571193 ], [ -73.391549712601304, 43.303612870256494 ], [ -73.324880404629155, 43.341881694831976 ], [ -73.253996021680862, 43.330097368487579 ], [ -73.241727529898625, 43.266136957347875 ], [ -73.181041304432981, 43.290426643491173 ], [ -73.143016627120545, 43.245741639656245 ], [ -73.041205792070571, 43.240328591251995 ], [ -72.939717505756192, 43.280426814691495 ], [ -72.934999481416895, 43.247809449869528 ], [ -72.993442471549514, 43.169466416894323 ], [ -73.00955886252666, 43.037975509940907 ], [ -73.072748805867874, 42.99561135273543 ], [ -73.053442780555642, 42.891237444462917 ], [ -73.082956524668077, 42.840776514620615 ], [ -72.999361165852775, 42.815518840973681 ], [ -73.075268332691081, 42.662885136112834 ], [ -73.056998326463898, 42.543397269484863 ], [ -73.208590364594386, 42.486115876149697 ], [ -73.202209716219713, 42.584712121764788 ], [ -73.270025889472052, 42.602731163944249 ], [ -73.263269498909722, 42.555741765809877 ], [ -73.379963470714927, 42.412199721365262 ], [ -73.499815389439348, 42.326125602891317 ], [ -73.511786933887706, 42.28343459051662 ], [ -73.468123711658038, 42.215701230749445 ], [ -73.490839791223081, 42.134776878016559 ], [ -73.438103794119911, 42.119696825250976 ], [ -73.432338306895474, 42.081465520385386 ], [ -73.547369903031495, 42.021217895362966 ], [ -73.590050111296406, 41.902728387038728 ], [ -73.663179300937756, 41.857978617681162 ], [ -73.624829689305699, 41.777827560301922 ], [ -73.629831691668741, 41.751666002687465 ], [ -73.674831470209796, 41.749587590970421 ], [ -73.637338060257434, 41.707023036064228 ], [ -73.645488932701554, 41.554875384334011 ], [ -73.538653911662095, 41.584334432867479 ], [ -73.49464063942122, 41.52981837404657 ], [ -73.558787146327731, 41.367100672546854 ], [ -73.49508030079275, 41.320532164138683 ], [ -73.502596022460523, 41.274509527154883 ], [ -73.523298152955164, 41.287200545528506 ], [ -73.584851714592673, 41.192377887287982 ], [ -73.643837459058531, 41.212767251359139 ], [ -73.736872038386892, 41.152413167486472 ], [ -73.698036820841494, 40.939619414710599 ], [ -73.595059335701094, 41.030588035379246 ], [ -73.570689006016082, 41.001953037399247 ], [ -73.502191703040097, 41.058095639727583 ], [ -73.477553635353516, 41.036312454781985 ], [ -73.408031098088486, 41.072103531174875 ], [ -73.413908387692828, 41.099040121412862 ], [ -73.262352787278431, 41.117914112068298 ], [ -73.186246365351522, 41.176603563416336 ], [ -73.103021743248249, 41.151409793753771 ], [ -73.125997850961042, 41.173932650417349 ], [ -73.111730702785266, 41.200585142508871 ], [ -73.106804893530366, 41.172233680114374 ] ] ] } },
{ "type": "Feature", "properties": { "huc2": "10", "name": "Missouri Region" }, "geometry": { "type": "Polygon", "coordinates": [ [ [ -113.516810842001846, 48.572850265397747 ], [ -113.421619530314302, 48.618284516614303 ], [ -113.356522691725118, 48.822470947930363 ], [ -113.290522052181743, 48.864341645216037 ], [ -113.346904971922683, 48.920467321299142 ], [ -113.214282065342772, 48.923360947453062 ], [ -113.110203977853885, 48.973334538738442 ], [ -112.927829203415669, 49.142194921749969 ], [ -112.788803691407722, 49.130887175478129 ], [ -112.795826386224491, 49.211608527228542 ], [ -112.751168483268103, 49.228141101577243 ], [ -112.723318050905306, 49.286428484476346 ], [ -112.464198327571609, 49.270093130747703 ], [ -112.318137401419932, 49.221550413308982 ], [ -112.234304105350233, 49.261474299192123 ], [ -112.173092932118635, 49.356452090876736 ], [ -112.025172515957379, 49.301095161375109 ], [ -112.022123606448531, 49.260744501513201 ], [ -111.962561765779384, 49.214834757446091 ], [ -111.821132845167114, 49.197669998378444 ], [ -111.776351785934125, 49.131975215067037 ], [ -111.656681685082333, 49.12911683498703 ], [ -111.642056331198688, 49.160511416808198 ], [ -111.543013976590046, 49.142122200513619 ], [ -111.494993619643509, 49.202147895936612 ], [ -111.542251669599651, 49.240926514714317 ], [ -111.521147502519298, 49.267842810330187 ], [ -111.372178919130832, 49.29599777533825 ], [ -111.189958173056183, 49.237972900520994 ], [ -111.140627945143109, 49.197620787086144 ], [ -111.177029944677273, 49.151364079304734 ], [ -110.986673067188931, 49.145415930635693 ], [ -110.942486329215654, 49.177205103113778 ], [ -110.879882972522779, 49.135540999415959 ], [ -110.614136432782175, 49.162999512082678 ], [ -110.534051985598026, 49.142512603889436 ], [ -110.46671330952627, 49.173160197367345 ], [ -110.5450213870146, 49.227435522101089 ], [ -110.470663126057659, 49.265554595470554 ], [ -110.538335171198341, 49.304649082931711 ], [ -110.485201631798802, 49.341554464781048 ], [ -110.530078274805348, 49.417625887733621 ], [ -110.451889157284469, 49.445061075033138 ], [ -110.408368844601782, 49.53153059204589 ], [ -110.485538364717115, 49.558787130333819 ], [ -110.441280602910169, 49.559965086764144 ], [ -110.434820196957219, 49.589053967434765 ], [ -110.402090735700824, 49.573991988745753 ], [ -110.380733036289357, 49.619755876603094 ], [ -110.109393666572942, 49.680043915114368 ], [ -109.943759384214957, 49.648373536163867 ], [ -109.903451336693138, 49.674928170845853 ], [ -109.781599007246257, 49.657843468172068 ], [ -109.752569637465896, 49.58417549085236 ], [ -109.699597871713294, 49.586851923630455 ], [ -109.656593301059175, 49.644621803246082 ], [ -109.582306297102633, 49.648357399933026 ], [ -109.53102903508568, 49.692353664631142 ], [ -109.47116180669191, 49.660492885932591 ], [ -109.3213270942517, 49.738991301814025 ], [ -109.159262103490093, 49.733292272475325 ], [ -108.842135495701712, 49.65542610822834 ], [ -108.845266763025307, 49.609344015160502 ], [ -108.793657871823413, 49.56744390637666 ], [ -108.695005609351298, 49.5829580228597 ], [ -108.588281449392085, 49.538528185076984 ], [ -108.563221043931009, 49.458366693145877 ], [ -108.44316335949712, 49.480189005992344 ], [ -108.32549577729155, 49.590805314755983 ], [ -108.286334497960013, 49.572993085784489 ], [ -108.284609434769081, 49.534651215007102 ], [ -108.232293671666866, 49.560011206198965 ], [ -108.193822583113715, 49.521065787996761 ], [ -108.046062583730091, 49.498164016170172 ], [ -108.007806925465275, 49.465558467895249 ], [ -107.907618233561251, 49.48664860157507 ], [ -107.907747402306967, 49.513949299030145 ], [ -107.83585132531303, 49.521540102778694 ], [ -107.808119528275498, 49.555568921757342 ], [ -107.616669364695625, 49.558242926092781 ], [ -107.623591738715746, 49.524089214142549 ], [ -107.575122069257588, 49.51630878656578 ], [ -107.574098882696205, 49.436120783275527 ], [ -107.533267489418989, 49.407210364802843 ], [ -107.299128569304784, 49.332423865128135 ], [ -107.27490565069651, 49.357527173156996 ], [ -107.223176128804482, 49.34646266654434 ], [ -107.206234387788953, 49.309628812061348 ], [ -107.1707090273528, 49.310437674349153 ], [ -107.192052880491801, 49.263847893700301 ], [ -107.153981461769007, 49.25582907282142 ], [ -107.142726559567492, 49.216353798584308 ], [ -107.012974397964243, 49.231653582942492 ], [ -106.964338363309238, 49.177306883807525 ], [ -106.853312687168184, 49.188775778283251 ], [ -106.853122325760239, 49.245264257247619 ], [ -106.747926411948995, 49.233604920380813 ], [ -106.701217659798345, 49.285500227795829 ], [ -106.415848761471338, 49.241576078887533 ], [ -106.303609592023435, 49.287166626983236 ], [ -106.20895461440081, 49.277934294157454 ], [ -106.178937757135401, 49.361301712000156 ], [ -106.07829248935559, 49.381143395224363 ], [ -105.951318726573575, 49.320215135000865 ], [ -105.884217915396931, 49.363212099385912 ], [ -105.879696782939234, 49.404543076757555 ], [ -105.590833511109182, 49.349426081644872 ], [ -105.57766273549251, 49.290533470950351 ], [ -105.365836180655052, 49.21069050724595 ], [ -105.387571254304405, 49.172803590076768 ], [ -105.301309110689019, 49.180093721420498 ], [ -105.2119033593235, 49.239444423960713 ], [ -105.220250591693841, 49.288903464087163 ], [ -105.187864897892069, 49.313754966463662 ], [ -104.916178960555513, 49.293185402628232 ], [ -104.868779570957159, 49.335517088538928 ], [ -104.803249889434028, 49.335489973143609 ], [ -104.790864772360862, 49.432998801010577 ], [ -104.723962159764199, 49.45227661992358 ], [ -104.658511375996866, 49.355656174381167 ], [ -104.680064258218152, 49.318117103305468 ], [ -104.655197075559713, 49.284457447855203 ], [ -104.414367052443765, 49.251429018477751 ], [ -104.377736803410627, 49.276622853088512 ], [ -104.322958531811054, 49.225514409774071 ], [ -104.285815963914487, 49.253485315361331 ], [ -104.149859172833715, 49.245330095709043 ], [ -104.035242387299775, 49.198500024363483 ], [ -103.996513410844003, 49.15666194439374 ], [ -104.010803336172131, 49.112656970618779 ], [ -104.06017168144426, 49.107071169789393 ], [ -104.045489671210888, 49.072851174909303 ], [ -103.95821306213044, 49.098496646745872 ], [ -103.917958860534043, 49.065653419823562 ], [ -103.854768004558395, 49.079402840990447 ], [ -103.773966255207029, 48.957651285908604 ], [ -103.742390632960181, 48.965689603193596 ], [ -103.764675599027868, 48.919049894316004 ], [ -103.742884542244241, 48.872747579678467 ], [ -103.587080368721672, 48.854753344089303 ], [ -103.624583263113749, 48.792418589271875 ], [ -103.548754534273471, 48.73023062226207 ], [ -103.481199749137375, 48.738395291786908 ], [ -103.441064126577828, 48.662182368420638 ], [ -103.336606533014134, 48.643939263133966 ], [ -103.240915888580801, 48.67800697582269 ], [ -103.244223287908412, 48.722913962554095 ], [ -103.112854494664845, 48.787583062751189 ], [ -103.038363715683488, 48.78557923764015 ], [ -103.025892850526745, 48.742370259574187 ], [ -102.984766679706382, 48.758952833154481 ], [ -102.960191820842894, 48.734076957552944 ], [ -102.87024528526635, 48.794634488107221 ], [ -102.607772055674772, 48.751227382140719 ], [ -102.498785203035183, 48.676532133593085 ], [ -102.50420709630562, 48.652515217517134 ], [ -102.460574162150181, 48.653129201209588 ], [ -102.463096858247681, 48.627164154096974 ], [ -102.348989656018475, 48.614969543455778 ], [ -102.255867650329009, 48.513627666066576 ], [ -102.174857397661341, 48.560884549470487 ], [ -102.104640499243104, 48.492519575136093 ], [ -102.042476605636637, 48.491433487640194 ], [ -101.997777183868337, 48.387388440780356 ], [ -101.892179607718546, 48.387165480804313 ], [ -101.845668574204964, 48.306028049788097 ], [ -101.69854498137957, 48.236729964196542 ], [ -101.586051106284003, 48.142240690745467 ], [ -101.578649991671199, 48.094905393544146 ], [ -101.520950134905533, 48.060309043268411 ], [ -101.435147143632975, 48.066517730256422 ], [ -101.432767403740954, 47.956376398512738 ], [ -101.25481906405814, 47.943604383739149 ], [ -101.194956939128232, 47.845082433136923 ], [ -101.071765559601829, 47.896949794340742 ], [ -100.982120495786987, 47.889432414266174 ], [ -100.885157953827061, 47.825419523170282 ], [ -100.812534994995772, 47.832101894170179 ], [ -100.732828308316101, 47.767843859822143 ], [ -100.624514280583156, 47.758224544683621 ], [ -100.546810640345853, 47.649171227537714 ], [ -100.579948112712216, 47.596353540831629 ], [ -100.511950643759931, 47.58849625394712 ], [ -100.491575811690211, 47.550126504547784 ], [ -100.416073838943959, 47.54941245181152 ], [ -100.388714404658941, 47.5128927930974 ], [ -100.406055357687421, 47.487204708381761 ], [ -100.267434952652906, 47.510774989590395 ], [ -100.225759257831271, 47.413103115963239 ], [ -100.093360472668209, 47.43895981799708 ], [ -100.107514017988734, 47.466607604732964 ], [ -100.050344777403367, 47.497928854247796 ], [ -100.049920471447038, 47.583896346569261 ], [ -99.996330954665297, 47.646417883053154 ], [ -99.952388509742661, 47.68144791408556 ], [ -99.893255535695701, 47.676941982164514 ], [ -99.91938230360735, 47.702506286939176 ], [ -99.833479962221716, 47.755554662043288 ], [ -99.726241409180091, 47.770532437939664 ], [ -99.716563663249687, 47.803271948577276 ], [ -99.566597638396033, 47.797446766909815 ], [ -99.540916878534233, 47.83332247331613 ], [ -99.490640210036048, 47.81407982334769 ], [ -99.506704626871382, 47.789135129824459 ], [ -99.448068393274866, 47.785508114230673 ], [ -99.356660854123461, 47.825990422736453 ], [ -99.242629515509336, 47.765747027449514 ], [ -99.093545208837284, 47.781586582889759 ], [ -99.125903186396584, 47.762986941710615 ], [ -99.103845395218215, 47.708545054923199 ], [ -98.729944178374751, 47.682086728335364 ], [ -98.71093765250113, 47.621219699473521 ], [ -98.617958596827748, 47.62379739110645 ], [ -98.645318029388008, 47.558435424966021 ], [ -98.698936679944751, 47.561188419907126 ], [ -98.725373252974578, 47.52998549401115 ], [ -98.708411966370193, 47.508086399731901 ], [ -98.751193807502077, 47.490124563940597 ], [ -98.749022946098762, 47.428196795866256 ], [ -98.778312879880929, 47.410915752041035 ], [ -98.760011158713482, 47.313502634268708 ], [ -98.636882303898176, 47.225813648409734 ], [ -98.60612801679531, 47.162448620500115 ], [ -98.459839468824484, 47.115293173465702 ], [ -98.483295071687863, 47.035849249073138 ], [ -98.446319666278896, 46.9630232595431 ], [ -98.391722383317131, 46.944054080857924 ], [ -98.384048660037294, 46.996586165907253 ], [ -98.326134245678602, 46.997773690877573 ], [ -98.341609181026627, 46.909759307051516 ], [ -98.309832784451388, 46.801370385237213 ], [ -98.264568039966008, 46.780178485048047 ], [ -98.274512310570486, 46.715848773395855 ], [ -97.976508228584464, 46.648735036414486 ], [ -98.011531811366041, 46.579272759387365 ], [ -97.963850856843379, 46.52901003971332 ], [ -98.03104078101299, 46.446114055467966 ], [ -98.024197630819145, 46.345676630203748 ], [ -97.976108358214219, 46.286845407590974 ], [ -98.02306335490664, 46.225479912857566 ], [ -98.065190102725751, 46.21883997431911 ], [ -98.005575094862266, 46.190176271132344 ], [ -98.01625759884719, 46.166838306095975 ], [ -97.911424900998512, 46.171930309652232 ], [ -97.873124530563672, 46.14220168661042 ], [ -97.969715708895308, 46.041701197304583 ], [ -97.959794455455068, 45.932261716139294 ], [ -97.808307170597487, 45.939646968300814 ], [ -97.813282391325274, 45.906464287023013 ], [ -97.745632833594314, 45.87493207261037 ], [ -97.763865621622145, 45.794307550956141 ], [ -97.638458592551871, 45.855460830031426 ], [ -97.521267338459396, 45.786262468638405 ], [ -97.418482104099596, 45.813902661376211 ], [ -97.294264981981428, 45.718153637723255 ], [ -97.263759074841531, 45.743567557674197 ], [ -97.192831488623384, 45.685845375483005 ], [ -97.227227234136734, 45.546501502945844 ], [ -97.123549971612846, 45.538611430428077 ], [ -97.102067565504456, 45.499754050097138 ], [ -97.10190191292314, 45.433350275463212 ], [ -97.001640328429133, 45.239510318513787 ], [ -96.990582808310876, 45.191057543401691 ], [ -97.019616014508372, 45.173467802260703 ], [ -96.968636848051887, 45.157386610689997 ], [ -96.993412615640707, 45.098005387358 ], [ -96.853850384217552, 45.056446889344464 ], [ -96.772751058271425, 44.907324239485888 ], [ -96.653974217012291, 44.812618374638035 ], [ -96.630518782834571, 44.756374498193907 ], [ -96.585929119527378, 44.743970643099345 ], [ -96.645504161694205, 44.722607049553844 ], [ -96.640428357834764, 44.65023156608202 ], [ -96.6831282448548, 44.613743730510237 ], [ -96.558412486194143, 44.468041088588159 ], [ -96.427156879454671, 44.425230771140249 ], [ -96.416819669206944, 44.346588480031876 ], [ -96.106837391439598, 44.113013904908406 ], [ -95.979490783366032, 43.943001614840121 ], [ -95.846294249359829, 43.951050087714144 ], [ -95.859707959055768, 43.894724043026748 ], [ -95.828216691605476, 43.870389265750141 ], [ -95.885481616440956, 43.814167119139512 ], [ -95.848206491973258, 43.772949274058625 ], [ -95.719457445702318, 43.746191660896962 ], [ -95.593848104531631, 43.618867587385694 ], [ -95.456966776199863, 43.629397920687133 ], [ -95.429990408363452, 43.668978735938815 ], [ -95.337882659541279, 43.644353362821626 ], [ -95.298032219017443, 43.670466723584283 ], [ -95.106194791422155, 43.657633290060474 ], [ -95.061675530781599, 43.625405816350032 ], [ -95.07995593783788, 43.512922125535695 ], [ -94.993815888645528, 43.486155232795106 ], [ -95.013790788181581, 43.431780959369441 ], [ -94.930231629837309, 43.433682298672124 ], [ -94.936488464647056, 43.383249303776147 ], [ -94.847219877338716, 43.272296699825262 ], [ -94.850230828184891, 43.123361999550816 ], [ -94.931052353174692, 43.050016137053454 ], [ -94.927390251910168, 43.011585279038258 ], [ -94.97548379278831, 43.009346577035366 ], [ -95.011798968991428, 42.877882065001465 ], [ -95.158381821704097, 42.872724728223254 ], [ -95.238655131196637, 42.827655458401338 ], [ -95.224422931617667, 42.773487909115673 ], [ -95.255411742529546, 42.755229668429195 ], [ -95.207160391533208, 42.667660872457041 ], [ -95.236481472762918, 42.658709281348429 ], [ -95.289163519763036, 42.723831008562065 ], [ -95.313840293178231, 42.679953420035623 ], [ -95.269406305286694, 42.608626606281639 ], [ -95.151203912028933, 42.590798204176515 ], [ -95.119130129966535, 42.366658211905666 ], [ -95.058922461675579, 42.309678026056815 ], [ -95.059446459670767, 42.237553701180858 ], [ -94.994675385148057, 42.201257503630842 ], [ -95.064638417106792, 42.156113835974899 ], [ -95.026643732780997, 42.117932704452365 ], [ -95.051821967535986, 42.047773091321325 ], [ -94.954978520659111, 41.92957975854339 ], [ -94.857449437624027, 41.89120436838882 ], [ -94.749518379007242, 41.76680330234624 ], [ -94.65051317702094, 41.630655539164813 ], [ -94.695070303555156, 41.583063024437642 ], [ -94.63741497861372, 41.484356300011406 ], [ -94.574350400057241, 41.439228578673472 ], [ -94.544979257342703, 41.460034988615654 ], [ -94.47969234864226, 41.362799271412264 ], [ -94.317153018628602, 41.333883213154529 ], [ -94.262993740796503, 41.256705467974626 ], [ -94.225201862392993, 41.269407578089606 ], [ -94.078074451835448, 41.131940544464577 ], [ -93.986857857377089, 41.108773207966522 ], [ -93.953434875646877, 41.044257848636171 ], [ -93.895032374362771, 41.047734572408814 ], [ -93.877725982775189, 40.988506553415775 ], [ -93.805103977379801, 40.970115242681139 ], [ -93.78213514850016, 40.911527393154309 ], [ -93.426916980736237, 40.972851501415612 ], [ -93.342735088776251, 41.042327110420707 ], [ -93.245269879290618, 40.968263264509744 ], [ -93.191820063929441, 40.988234606699308 ], [ -93.121657140758117, 40.965870915136762 ], [ -93.086369753553882, 40.915770898264093 ], [ -93.021959088701706, 40.929801446669138 ], [ -92.964490689282954, 40.891914397142187 ], [ -92.839498034997121, 40.886355458284399 ], [ -92.616840129626084, 40.602621893632588 ], [ -92.631110064600449, 40.547099320640598 ], [ -92.571281075556939, 40.514842038098152 ], [ -92.605957767351811, 40.463722539487009 ], [ -92.563176123516911, 40.327749313467592 ], [ -92.625191839810654, 40.243414886727948 ], [ -92.583778359690086, 40.194565531990072 ], [ -92.604993903187179, 40.145952532034393 ], [ -92.492904983564188, 40.078037525891936 ], [ -92.477846223089685, 39.591734099742318 ], [ -92.428665982998879, 39.480274379458102 ], [ -92.449703821991051, 39.352468876085645 ], [ -92.322675780619036, 39.272204579300521 ], [ -92.299205651629208, 39.197640555050583 ], [ -92.165536680643399, 39.202614773689696 ], [ -92.137003556485496, 39.106763286506599 ], [ -91.980041132839048, 39.084907166238153 ], [ -91.891887879405445, 39.021171517032073 ], [ -91.834178263001149, 39.032510993021447 ], [ -91.796009682811629, 39.096915898630606 ], [ -91.657298794691641, 39.11429465398794 ], [ -91.551354778796878, 39.065677319481352 ], [ -91.543464707321149, 39.000620266844912 ], [ -91.432311779672759, 38.88101655831084 ], [ -91.165209108117992, 38.794397427435484 ], [ -91.038587208129471, 38.798280054654853 ], [ -90.990252617559051, 38.759163998544906 ], [ -91.005247709605413, 38.729315171530686 ], [ -90.920122028860092, 38.69971459700848 ], [ -90.605771639511076, 38.710823790988684 ], [ -90.48821046761978, 38.783823537637645 ], [ -90.473344142421851, 38.831433377228464 ], [ -90.396690746685024, 38.827550776491435 ], [ -90.391991260258408, 38.867006634308432 ], [ -90.332040147551709, 38.909932602590786 ], [ -90.121709107487206, 38.847156875867626 ], [ -90.122056913695488, 38.809406650924501 ], [ -90.191109100120542, 38.816836229753029 ], [ -90.207093684538961, 38.776408939528018 ], [ -90.270194603155673, 38.792366650018259 ], [ -90.341382848543134, 38.743081386126882 ], [ -90.350593519780432, 38.700206466712608 ], [ -90.446271529858464, 38.670700693585246 ], [ -90.457204838089822, 38.62236987992754 ], [ -90.591402498746945, 38.60419701762298 ], [ -90.612028555645324, 38.566006736319096 ], [ -90.679491740820552, 38.583276751743171 ], [ -90.857211305615721, 38.471415055006482 ], [ -91.045648634070233, 38.480335322292326 ], [ -91.129390732992618, 38.406365119281865 ], [ -91.27101487605735, 38.432448346750014 ], [ -91.38289346194783, 38.384236383141896 ], [ -91.48935230172107, 38.41256146278905 ], [ -91.482399929593925, 38.364098116176919 ], [ -91.540794651252071, 38.316780226681878 ], [ -91.748068891446437, 38.277620094436081 ], [ -91.7495596995863, 38.220976556480004 ], [ -91.791426942526314, 38.172484064010511 ], [ -91.760696402513759, 38.111523734443409 ], [ -91.778312762793746, 38.049449054117822 ], [ -91.722906633624021, 37.978672763902559 ], [ -91.791786666252264, 37.957044520440043 ], [ -91.719369679689052, 37.714853591323532 ], [ -91.849861041277975, 37.481420916965931 ], [ -91.803318497846647, 37.384025727446655 ], [ -91.834729873177977, 37.316121370382739 ], [ -91.888172150694743, 37.28541071620495 ], [ -91.910903108301255, 37.162283539460546 ], [ -91.992857584368181, 37.111381541943125 ], [ -92.008961830284377, 37.048729325846018 ], [ -92.108603859267404, 37.072633860110749 ], [ -92.174080669123967, 37.141459335464639 ], [ -92.297563688611788, 37.083389230580629 ], [ -92.667799588680154, 37.101524213238328 ], [ -92.743995172540238, 37.1313024965594 ], [ -92.720833689886774, 37.223053926773609 ], [ -92.854647687335458, 37.263967627928224 ], [ -92.905053761527995, 37.338107872742377 ], [ -92.987072784692188, 37.286846214812257 ], [ -93.403955999179587, 37.216620638282109 ], [ -93.405933293321254, 37.168318078921814 ], [ -93.586709325097857, 37.024852554015148 ], [ -93.708968072672207, 37.078638206314963 ], [ -93.75328090090963, 37.189699030326089 ], [ -93.87459290993668, 37.229925894167181 ], [ -93.976070079689265, 37.338983997393193 ], [ -93.983632895284273, 37.396803856297801 ], [ -94.065596244083125, 37.433418497201693 ], [ -94.093442739435474, 37.494003370416074 ], [ -94.200669100766632, 37.534110288981587 ], [ -94.194871835306643, 37.584490507962421 ], [ -94.249191352633829, 37.593989352652279 ], [ -94.308411224383363, 37.535717529427309 ], [ -94.438891521521739, 37.52957191289488 ], [ -94.468111867939243, 37.478935160652924 ], [ -94.525849330662069, 37.507440360805994 ], [ -94.625731344384604, 37.478389976610423 ], [ -94.64058588061377, 37.535874827945968 ], [ -94.72378777215134, 37.569734373647627 ], [ -94.757161572422305, 37.554597355826289 ], [ -94.760057577072544, 37.585347291786348 ], [ -94.853347258744606, 37.607583337445206 ], [ -94.857620203469835, 37.637187273903379 ], [ -94.906273232677975, 37.634875526219609 ], [ -94.938606459387429, 37.67516013859111 ], [ -95.012405688304639, 37.66816797345944 ], [ -95.020568867227965, 37.731030619184217 ], [ -95.09423802129578, 37.73575260881293 ], [ -95.151199218753789, 37.790973132130055 ], [ -95.132553024783533, 37.859000662897898 ], [ -95.223816164657819, 37.985820935047876 ], [ -95.213278899156137, 38.07686328911165 ], [ -95.15110034180131, 38.122853233617477 ], [ -95.236503938684947, 38.153342009525581 ], [ -95.372222973728469, 38.085747879482589 ], [ -95.476517078303203, 38.164171402693022 ], [ -95.531318281789922, 38.16187699954601 ], [ -95.526756576095977, 38.230568255834633 ], [ -95.572700138589425, 38.268860641162881 ], [ -95.580934190672025, 38.36089962392311 ], [ -95.637451305187781, 38.378553312508963 ], [ -95.715148952943494, 38.336358214511947 ], [ -95.761757045920078, 38.370511862807561 ], [ -95.812195103397613, 38.35858902658596 ], [ -95.835327361950448, 38.41348278448455 ], [ -95.944137434020334, 38.407593637962869 ], [ -95.954261642575091, 38.471296448067967 ], [ -96.085525497780253, 38.527528881376746 ], [ -96.186485300928027, 38.650521239663995 ], [ -96.217818972903558, 38.759218265025623 ], [ -96.202039502071614, 38.817350109250611 ], [ -96.319114503476371, 38.81868520890783 ], [ -96.420051540907366, 38.865588493577867 ], [ -96.635490174349712, 38.864173721062492 ], [ -96.798655251692097, 38.744505952794142 ], [ -96.797605572869756, 38.672053711209799 ], [ -96.996444396262376, 38.545856313675095 ], [ -97.145515646559559, 38.582555090950194 ], [ -97.213356305523988, 38.541929965989837 ], [ -97.26110093551759, 38.591295478586417 ], [ -97.347583696293754, 38.594111717977789 ], [ -97.398574440659814, 38.550503934440449 ], [ -97.38293478720297, 38.485718554704995 ], [ -97.430481120978683, 38.383310558425435 ], [ -97.458542092365988, 38.432291106199642 ], [ -97.47756930391634, 38.409947970237774 ], [ -97.607436882899847, 38.471675279615788 ], [ -97.65185543606394, 38.442019511273024 ], [ -97.751203825669293, 38.444816687156433 ], [ -97.869002086562816, 38.383761875437777 ], [ -98.026390300694487, 38.515590548390044 ], [ -98.114140370780049, 38.546248560905916 ], [ -98.185882769421013, 38.521728609066848 ], [ -98.190361109255733, 38.556640078480747 ], [ -98.268432231492, 38.555779607333086 ], [ -98.371025100625843, 38.659399247494939 ], [ -98.452156077803693, 38.664155478162428 ], [ -98.569420055863404, 38.6182845412078 ], [ -98.627395927105795, 38.647708986546689 ], [ -98.764175373827086, 38.628567460549618 ], [ -98.789657704762902, 38.654151210768966 ], [ -98.853835926951021, 38.592702021725309 ], [ -98.978935289764877, 38.643240320830962 ], [ -99.045867841458232, 38.601264594300936 ], [ -99.060478323552701, 38.555467959815182 ], [ -99.132911953248097, 38.592199676065967 ], [ -99.282745346179937, 38.601670881597776 ], [ -99.572814973689859, 38.543880652697553 ], [ -99.672447170504313, 38.627354876436648 ], [ -99.830780178725945, 38.667313932108762 ], [ -99.963127289038908, 38.626850482834058 ], [ -100.091361918853281, 38.654611110770624 ], [ -100.348556518774416, 38.648400548396744 ], [ -100.533233747133082, 38.598393015490061 ], [ -100.674506953010436, 38.613753232580663 ], [ -100.754707181212879, 38.556069440360261 ], [ -100.83876040425875, 38.544434377948726 ], [ -100.870758072381534, 38.569275133114729 ], [ -100.899513518379251, 38.532867232655263 ], [ -101.001190243706887, 38.554803890805587 ], [ -101.436020023829499, 38.525061191342935 ], [ -101.766326948816086, 38.626708893442228 ], [ -101.886558514560988, 38.629532236872571 ], [ -101.916259709180537, 38.602807612156809 ], [ -102.010879438788905, 38.664122156324773 ], [ -102.14043281355039, 38.666735657436995 ], [ -102.331130207319674, 38.729657968068182 ], [ -102.519145126942931, 38.718308741827592 ], [ -102.561948209781761, 38.771795983276242 ], [ -102.534549179438869, 38.910419391594345 ], [ -102.618326624750026, 38.975412048625415 ], [ -102.675534746388195, 38.97193437147974 ], [ -102.825981573530996, 39.045075465469473 ], [ -103.066534416309693, 39.031983647660972 ], [ -103.197641686671759, 39.05861343779813 ], [ -103.305358242995823, 39.133084328070126 ], [ -103.350722158290566, 39.217557920843404 ], [ -103.557290764651725, 39.276241979928187 ], [ -103.694799619039372, 39.374455118787246 ], [ -103.85243618468435, 39.358406507342217 ], [ -103.876341373641267, 39.31626004780879 ], [ -103.970588652048988, 39.296180859671374 ], [ -104.010823711139565, 39.216219886731508 ], [ -104.163391238074624, 39.152687323659208 ], [ -104.2291151137577, 39.160998893784146 ], [ -104.298671704358526, 39.118604091549877 ], [ -104.34307886062355, 39.135318413100769 ], [ -104.66400959204725, 39.025650396529691 ], [ -104.800483210734683, 39.073840298304958 ], [ -104.841643974347136, 39.121770937494716 ], [ -104.999876309695409, 39.126309947073352 ], [ -105.028146548874304, 39.088363453598596 ], [ -105.015470199773674, 39.003296116778081 ], [ -105.071802613148137, 38.992391204256926 ], [ -105.133448700262775, 38.893206563819575 ], [ -105.352324440183708, 38.885736683369402 ], [ -105.466665909025295, 38.831879880914805 ], [ -105.631922251628978, 38.843035094535985 ], [ -105.68582940425101, 38.809561233656396 ], [ -105.693813418359113, 38.752979457723768 ], [ -105.81089478468698, 38.805817696042006 ], [ -105.909351769181768, 38.809417561403805 ], [ -105.941831583132, 38.840828910935521 ], [ -105.925015457432352, 38.8721397259973 ], [ -105.974627259091193, 38.882717970917476 ], [ -105.976686898543065, 38.914611276857876 ], [ -106.11080828148873, 38.939833063231426 ], [ -106.109356477183397, 38.98652003292527 ], [ -106.193222170329065, 39.019303603717717 ], [ -106.169732589085328, 39.086094778291155 ], [ -106.210169102735563, 39.104064760894786 ], [ -106.173765207585475, 39.138151563618727 ], [ -106.183897194194131, 39.310303994764752 ], [ -106.151195574845545, 39.320693666687959 ], [ -106.135907033594847, 39.379640012339017 ], [ -106.019209743206375, 39.3632781678496 ], [ -105.952218588262539, 39.416346181805672 ], [ -105.96675568415175, 39.438386969690306 ], [ -105.866596045201319, 39.494144000177684 ], [ -105.860184791710012, 39.531176757915105 ], [ -105.822795449939392, 39.531067299105032 ], [ -105.83777128439678, 39.573503313178904 ], [ -105.775901142520269, 39.606118110328332 ], [ -105.864951030948248, 39.667184245463858 ], [ -105.91183695348353, 39.662822024063637 ], [ -105.924245260969997, 39.704574254521027 ], [ -105.884357636706198, 39.735545589975686 ], [ -105.88760679874801, 39.797047418390569 ], [ -105.763920576426273, 39.794946896205872 ], [ -105.695826798984569, 39.839216432222273 ], [ -105.689707412288271, 40.013674364050807 ], [ -105.640779560137787, 40.034866058058647 ], [ -105.626566465847418, 40.127157995766837 ], [ -105.677860153721042, 40.190992392037984 ], [ -105.645605690855518, 40.24966362496815 ], [ -105.787316081224589, 40.381081632944557 ], [ -105.817555877580205, 40.426179122272131 ], [ -105.80740376584356, 40.473876045193386 ], [ -105.855009123820281, 40.486214084931191 ], [ -105.891640594589148, 40.476599877900838 ], [ -105.903273965221473, 40.400648812936829 ], [ -105.959599997539073, 40.348271331990318 ], [ -106.018828893054277, 40.373321155917189 ], [ -106.230514415590136, 40.323213067564907 ], [ -106.26583055255756, 40.361036919668393 ], [ -106.305989748769676, 40.328445024168822 ], [ -106.353995821020987, 40.358480449871671 ], [ -106.443331780556306, 40.346446268521632 ], [ -106.489649428573344, 40.411550013906691 ], [ -106.534887080076373, 40.365108431860648 ], [ -106.612305493748465, 40.379901347047962 ], [ -106.706077067078638, 40.614586266317986 ], [ -106.669898203832858, 40.761620045886701 ], [ -106.636044056646739, 40.79209815154298 ], [ -106.657227402260304, 40.8527345018164 ], [ -106.68595051155782, 40.885816108970346 ], [ -106.739340714007071, 40.871817458905603 ], [ -106.851209951992772, 40.924559983329324 ], [ -106.857079981960965, 41.003909976731677 ], [ -106.938559997386506, 41.020800020286508 ], [ -106.883949969891063, 41.074659987847213 ], [ -107.007430006783494, 41.114510024811885 ], [ -106.981928471861167, 41.168568863799706 ], [ -107.127980250621036, 41.228248832281935 ], [ -107.164557007305646, 41.364952844189965 ], [ -107.214647007370004, 41.403766910875056 ], [ -107.285974130395971, 41.375092479791569 ], [ -107.340442929119277, 41.399765567796443 ], [ -107.348277664418418, 41.435496858423591 ], [ -107.301653095611883, 41.466338771277606 ], [ -107.327306998352981, 41.481742867970652 ], [ -107.320568609355206, 41.534027173913159 ], [ -107.456094640515516, 41.548027234988666 ], [ -107.387460183354833, 41.626227801933105 ], [ -107.45927229815193, 41.650922383388789 ], [ -107.356557984364471, 41.748409215889247 ], [ -107.374525660624457, 41.817890969909875 ], [ -107.320722238471532, 41.865320024241477 ], [ -107.333145396502033, 41.907269398701622 ], [ -107.297591779738283, 41.950022479515098 ], [ -107.220296564743279, 41.867926346934226 ], [ -107.114376167973802, 41.877292135814237 ], [ -107.149307187665769, 42.006122100394585 ], [ -107.072686173446073, 42.101284337820488 ], [ -107.122270363516179, 42.111239442538476 ], [ -107.095657827895607, 42.159375553958093 ], [ -107.21139531529505, 42.173101620400828 ], [ -107.215709242681697, 42.252681705180869 ], [ -107.261544891081087, 42.263386116605218 ], [ -107.328808241484879, 42.216256621558003 ], [ -107.476208421606728, 42.239200414327797 ], [ -107.581612391804455, 42.270381277330898 ], [ -107.591738046862403, 42.313858444774901 ], [ -107.692081026320906, 42.257172714333329 ], [ -107.836594301941929, 42.250898035766063 ], [ -107.875451001412756, 42.267300171285981 ], [ -107.872884492295938, 42.301471969835298 ], [ -107.938402687825103, 42.312132778697638 ], [ -107.917747679887, 42.391614413548368 ], [ -107.956853580614521, 42.399798255600714 ], [ -107.999737488472718, 42.363995630304835 ], [ -107.978918626829667, 42.329145466848694 ], [ -108.066606096664827, 42.330387482141923 ], [ -108.133413797481666, 42.27852858267282 ], [ -108.219775692038411, 42.291096592695418 ], [ -108.23070149044382, 42.240568160801615 ], [ -108.292163612595516, 42.2153675114184 ], [ -108.432352265191668, 42.224908722309962 ], [ -108.573295805107222, 42.281714822229546 ], [ -108.592599124801623, 42.316489435681461 ], [ -108.848428077072754, 42.260543802831187 ], [ -108.867255683874262, 42.337519723588073 ], [ -108.915013249724737, 42.382610785936905 ], [ -109.203770313226698, 42.50683455265068 ], [ -109.094606261869629, 42.629003026051763 ], [ -109.133899652154014, 42.738025223750618 ], [ -109.236055968608241, 42.76836344701173 ], [ -109.212165123105365, 42.797784049393769 ], [ -109.319535292729995, 42.859147767277513 ], [ -109.370529953939339, 42.945517166494895 ], [ -109.55260087380762, 43.012494599538009 ], [ -109.552943639155615, 43.072194439266362 ], [ -109.676160577189151, 43.214925327045087 ], [ -109.695412256286204, 43.366335041003452 ], [ -109.777383572952985, 43.380743665455199 ], [ -109.762916069450014, 43.435325705677457 ], [ -109.80032939332817, 43.465420455528779 ], [ -109.899154539038108, 43.490710934877342 ], [ -109.946150180885894, 43.469452010863805 ], [ -109.953995604690633, 43.544248849311998 ], [ -110.06194886790054, 43.585425027844046 ], [ -110.029605532817513, 43.619131306189928 ], [ -110.065384571291517, 43.658504566270132 ], [ -110.024269410178363, 43.677821131003562 ], [ -110.084016721827055, 43.748034214537284 ], [ -110.043829801871524, 43.754910884907808 ], [ -110.028256475424868, 43.798405564927428 ], [ -109.880975274171021, 43.805550559638881 ], [ -109.814025062865781, 43.861412880969013 ], [ -109.872883801360814, 43.928815634399982 ], [ -109.859042595234001, 43.957924095487151 ], [ -109.993928203899657, 43.949511467848211 ], [ -110.049860217553601, 44.008934719597399 ], [ -110.153545639439287, 44.013783484015505 ], [ -110.198876831749274, 44.08446354240359 ], [ -110.184247576653021, 44.137400165990407 ], [ -110.216363212967224, 44.154952660132054 ], [ -110.181020405647828, 44.183744294392689 ], [ -110.280013219749577, 44.186512311626728 ], [ -110.33157052473814, 44.232137678000633 ], [ -110.38867605588726, 44.218801346964433 ], [ -110.388340649403332, 44.269017369712699 ], [ -110.355256324297685, 44.293981228226578 ], [ -110.410528598444415, 44.346075772916592 ], [ -110.5685209578387, 44.341708483473063 ], [ -110.6666455606927, 44.415426538150832 ], [ -110.616621942121355, 44.442949107066369 ], [ -110.612959266698624, 44.480089136979707 ], [ -110.738383048297905, 44.476799462814022 ], [ -110.720636218897937, 44.422190205641897 ], [ -110.876400408326376, 44.33924827380045 ], [ -110.96145136560736, 44.443429018774722 ], [ -111.126025813967189, 44.496476152254395 ], [ -111.226786178743112, 44.576795768642192 ], [ -111.2411138827744, 44.614523681463851 ], [ -111.219318208084275, 44.622519268918097 ], [ -111.384907984588295, 44.755014989882092 ], [ -111.414539079884321, 44.710769180923563 ], [ -111.489047819583845, 44.705347397588959 ], [ -111.475656284773763, 44.663726739912718 ], [ -111.516242874433871, 44.643738912811244 ], [ -111.510025875657931, 44.565244022700519 ], [ -111.463859343540534, 44.541084494276205 ], [ -111.703729516002852, 44.559993712617036 ], [ -111.821532814891043, 44.508979187716399 ], [ -111.869421058935373, 44.566256400795289 ], [ -112.106805078334759, 44.520817153059298 ], [ -112.285105171450169, 44.568496738235055 ], [ -112.355640136271205, 44.533554988688039 ], [ -112.387231028862786, 44.447391285183393 ], [ -112.719957612851431, 44.504241143612518 ], [ -112.778206823001355, 44.48321342408812 ], [ -112.839955214356863, 44.424722033015449 ], [ -112.812006247281744, 44.387638128295954 ], [ -112.846332742289675, 44.357931259153503 ], [ -113.005963287249671, 44.455201656007084 ], [ -113.026640505844526, 44.496128579428436 ], [ -113.006717840440686, 44.526079170634347 ], [ -113.088256948985986, 44.599642723796912 ], [ -113.049444346518882, 44.632667527421162 ], [ -113.131269274382731, 44.772656621998856 ], [ -113.24708709465952, 44.822958520086033 ], [ -113.3408337798773, 44.784601171884276 ], [ -113.356652692831815, 44.820357556329043 ], [ -113.455156469455829, 44.865493607241554 ], [ -113.498798509348219, 44.942053233379504 ], [ -113.443832676901479, 44.960007378424166 ], [ -113.451964045321773, 45.059038087578884 ], [ -113.576526867062938, 45.130769397874118 ], [ -113.591987272457686, 45.184753396212379 ], [ -113.738119523944619, 45.328533178709975 ], [ -113.732674612467918, 45.388774097566255 ], [ -113.775989334720421, 45.407765521933491 ], [ -113.784437233738799, 45.455014852697751 ], [ -113.766060564564143, 45.520688163623831 ], [ -113.834468857512064, 45.520531192846519 ], [ -113.809509196753652, 45.604681747158665 ], [ -113.905172222205096, 45.622375056182669 ], [ -113.938141330820727, 45.695805875940728 ], [ -113.906738260980148, 45.703771843712239 ], [ -113.91608428517219, 45.745454574175113 ], [ -113.870500167316095, 45.781600342318015 ], [ -113.815539566307223, 45.755266029152281 ], [ -113.701609370295529, 45.843145583426988 ], [ -113.532938505910522, 45.878159992963212 ], [ -113.513978826918461, 45.945165709489999 ], [ -113.480076317779179, 45.939619912077518 ], [ -113.396907685799064, 46.014249337515942 ], [ -113.335766628051687, 46.00537115465724 ], [ -113.278036719046497, 46.058153825312033 ], [ -113.155781715838884, 46.065169947066039 ], [ -112.928790744492062, 46.011931635322362 ], [ -112.907618982968486, 45.921716361964258 ], [ -112.760275895391317, 45.929439984511156 ], [ -112.71784029730928, 45.883041018649983 ], [ -112.61390507711063, 45.901747174123393 ], [ -112.52844456339281, 45.792677313773893 ], [ -112.503770017053924, 45.824082724282754 ], [ -112.45946622461959, 45.81506597447688 ], [ -112.404229276676503, 45.887591290191743 ], [ -112.43573679101209, 46.013957917605836 ], [ -112.520237626984013, 46.136760377620554 ], [ -112.504999086608819, 46.183552593007825 ], [ -112.577089980474852, 46.178960834544348 ], [ -112.597936170099544, 46.236876093274489 ], [ -112.532750940547288, 46.334602853121091 ], [ -112.454267140363314, 46.328984159579257 ], [ -112.402661404934037, 46.38710233869503 ], [ -112.312481918453614, 46.41858504319741 ], [ -112.293389439482908, 46.518055415610121 ], [ -112.316742083952221, 46.57501352245032 ], [ -112.293230214796608, 46.605005331280999 ], [ -112.325654982321851, 46.726103961268748 ], [ -112.465187215691884, 46.719625458143554 ], [ -112.536652105706281, 46.77043882219769 ], [ -112.51843756581259, 46.832569077292405 ], [ -112.462223634977946, 46.859222470151614 ], [ -112.499965268496581, 46.881943015942618 ], [ -112.494501567776553, 46.914762141200605 ], [ -112.336979081102911, 46.982371382604491 ], [ -112.325942431911969, 47.060346812748342 ], [ -112.417994017011551, 47.10801015544952 ], [ -112.442598818969245, 47.162925834046654 ], [ -112.551413511955005, 47.168296095568152 ], [ -112.600963445131057, 47.22806786468589 ], [ -112.739852726682955, 47.238184772686232 ], [ -112.726206217781638, 47.285136117223963 ], [ -112.928316323116036, 47.340097684856012 ], [ -112.919486447601912, 47.381317678150104 ], [ -113.020917516757351, 47.489244025408652 ], [ -113.118444966673209, 47.498890421977194 ], [ -113.147370237423672, 47.602280777708998 ], [ -113.12869044574316, 47.661160023457363 ], [ -113.165452436593441, 47.728161748113571 ], [ -113.081050353265113, 47.749956046602641 ], [ -113.061686595376543, 47.787564444028526 ], [ -113.058447207660791, 47.870953442961678 ], [ -113.093320985067919, 47.907981279018301 ], [ -112.981212820908453, 47.95525912841822 ], [ -112.912693941854613, 47.946420111971165 ], [ -112.878458433186353, 47.975862082408185 ], [ -112.896564668685969, 48.018966496027097 ], [ -112.949781581239051, 48.032734498091052 ], [ -112.93742091805963, 48.0604213556758 ], [ -112.981669557519794, 48.073813588054662 ], [ -113.000591945018954, 48.130660590182544 ], [ -113.230432950521887, 48.170318690471539 ], [ -113.236991509187547, 48.247344631336858 ], [ -113.386956887748269, 48.341466534925672 ], [ -113.333660270770224, 48.383051327364193 ], [ -113.355747132293573, 48.423235444360444 ], [ -113.479400340450638, 48.453624723379711 ], [ -113.467408352053226, 48.547503203693708 ], [ -113.516810842001846, 48.572850265397747 ] ] ] } },
{ "type": "Feature", "properties": { "huc2": "09", "name": "Souris-Red-Rainy Region" }, "geometry": { "type": "MultiPolygon", "coordinates": [ [ [ [ -114.161529044470811, 49.154945069544262 ], [ -114.099505726749911, 49.176456320906766 ], [ -114.163489584484466, 49.238489179921757 ], [ -114.134960026099236, 49.263996593338454 ], [ -113.99872443837846, 49.320603271837392 ], [ -114.009793536262563, 49.345153792060977 ], [ -113.867032479948421, 49.362934880879251 ], [ -113.686934855775576, 49.466627695926668 ], [ -113.538532038916856, 49.496715583251095 ], [ -113.543762790179287, 49.558474768098314 ], [ -113.485917919688831, 49.618437401177509 ], [ -113.228372964625734, 49.704950693920509 ], [ -113.168426532986089, 49.78152560981578 ], [ -113.188437986444285, 49.807223766343576 ], [ -112.990760293039585, 49.894078491523331 ], [ -112.940914219342531, 49.983268901893048 ], [ -112.800200543189547, 49.918797380267712 ], [ -112.662350289126692, 49.939799104811549 ], [ -112.472350133931243, 49.876408589532382 ], [ -112.477220628632011, 49.850155290849699 ], [ -112.569690404137148, 49.839353191860283 ], [ -112.603836274306985, 49.778117389653289 ], [ -112.806897652695596, 49.713196490738824 ], [ -112.769690805426663, 49.661056476077974 ], [ -112.536020605018493, 49.579022535588983 ], [ -112.662602613942411, 49.565162184980075 ], [ -112.680101663561828, 49.514934117907941 ], [ -112.76119136044845, 49.463768268402063 ], [ -112.751930662041971, 49.409650567727454 ], [ -112.703356593642383, 49.374490001207541 ], [ -112.751168483268103, 49.228141101577243 ], [ -112.795826386224491, 49.211608527228542 ], [ -112.788803691407722, 49.130887175478129 ], [ -112.927829203415669, 49.142194921749969 ], [ -113.110203977853885, 48.973334538738442 ], [ -113.214282065342772, 48.923360947453062 ], [ -113.346904971922683, 48.920467321299142 ], [ -113.290522052181743, 48.864341645216037 ], [ -113.356522691725118, 48.822470947930363 ], [ -113.421619530314302, 48.618284516614303 ], [ -113.513294274002732, 48.574235205069151 ], [ -113.753133525383987, 48.617036178645719 ], [ -113.740955283727118, 48.69276915990465 ], [ -113.702749852964786, 48.71942086887185 ], [ -113.790531337279575, 48.845614854730876 ], [ -114.004206159006642, 48.833068563079273 ], [ -113.993055502134652, 48.854062625056621 ], [ -114.058081168434569, 48.888953369672159 ], [ -114.013623129938949, 48.910021702237167 ], [ -114.047563790447498, 48.936896350761707 ], [ -114.021228917613385, 48.961392336258655 ], [ -114.071399432670546, 49.001243364316608 ], [ -114.05522628761598, 49.041021999903649 ], [ -114.147563914376136, 49.093115067475871 ], [ -114.161529044470811, 49.154945069544262 ] ] ], [ [ [ -90.124057589187373, 48.289705263481295 ], [ -90.17549542940921, 48.296398054273737 ], [ -90.339055397742257, 48.229841824603596 ], [ -90.439642920243543, 48.131151109377434 ], [ -90.605458036971655, 48.093194743848898 ], [ -90.54459478579507, 48.06462083023024 ], [ -90.688176750580396, 48.040904623210373 ], [ -90.60438176951709, 48.033240982073309 ], [ -90.795507589725077, 47.938043024694217 ], [ -90.922604686138087, 47.937882957271405 ], [ -90.956028267367984, 47.771485362384823 ], [ -91.00054463952965, 47.793401270458197 ], [ -91.047574994382074, 47.768829688154788 ], [ -91.03403904770947, 47.737570772153624 ], [ -91.10149981990206, 47.68642576732627 ], [ -91.112770909906686, 47.635585282028778 ], [ -91.264472326528875, 47.60621876933002 ], [ -91.317207409380643, 47.629028697213315 ], [ -91.310728082365571, 47.588952839084527 ], [ -91.445794219713633, 47.516591000509834 ], [ -91.449545254263143, 47.472524334780026 ], [ -91.577676415458342, 47.439752620356941 ], [ -91.607723271297914, 47.470889929531637 ], [ -91.731003765739672, 47.458931203162038 ], [ -91.651129056040261, 47.530434410787933 ], [ -91.706823392331401, 47.545206735807398 ], [ -91.698677870118374, 47.608205573531365 ], [ -91.769636487155793, 47.608520396099728 ], [ -91.839055205791055, 47.557318010691901 ], [ -91.952359863655715, 47.650940720288681 ], [ -91.906141056937003, 47.688855673347874 ], [ -91.917726898821556, 47.711993780741693 ], [ -92.064789387396914, 47.703978676821954 ], [ -92.092368443644133, 47.749480801004381 ], [ -92.073957504235452, 47.764263523223768 ], [ -92.125533581588002, 47.784410526197078 ], [ -92.264253514961368, 47.712519461119697 ], [ -92.249123121532534, 47.656236707081277 ], [ -92.354294044823419, 47.591031272352154 ], [ -92.334290167882088, 47.551026507559712 ], [ -92.503042349967487, 47.477569268295241 ], [ -92.517742984423663, 47.494361023464798 ], [ -92.446188641547707, 47.560890783295925 ], [ -92.59255357396782, 47.574490151009627 ], [ -92.829332313667138, 47.49765016810057 ], [ -92.87700188800838, 47.519855992789353 ], [ -93.00906412190146, 47.462019605395561 ], [ -93.021691600189257, 47.500573692612598 ], [ -92.982887220927211, 47.540035861085478 ], [ -93.077579127168278, 47.569043515369458 ], [ -93.153019506819277, 47.674386091853009 ], [ -93.178346766968488, 47.646663264331899 ], [ -93.237384379431205, 47.672343537243933 ], [ -93.314034623680399, 47.624212447325903 ], [ -93.404598106823897, 47.649932408741442 ], [ -93.43004104022053, 47.687141217625516 ], [ -93.472928975522592, 47.635072646661932 ], [ -93.455767158994448, 47.604917900147377 ], [ -93.487705638937754, 47.542070490478643 ], [ -93.544130010098996, 47.502864956210573 ], [ -93.610179684379787, 47.529139436916125 ], [ -93.668004500825944, 47.471152802284571 ], [ -93.853510513832674, 47.435521169371647 ], [ -94.034923454819833, 47.578385356888759 ], [ -94.114367810825939, 47.559227482694382 ], [ -94.264050885589043, 47.620382846220451 ], [ -94.357963073773718, 47.723345829066695 ], [ -94.32901304293874, 47.77044531571218 ], [ -94.566246680074599, 47.681633915789774 ], [ -94.737517441386345, 47.696389899133699 ], [ -94.877528243573209, 47.65037215690819 ], [ -95.043713968832719, 47.700231439001989 ], [ -95.0887820886404, 47.655072872589436 ], [ -95.052799235992978, 47.642984642501325 ], [ -95.051944740187054, 47.587828966255898 ], [ -95.125888609462251, 47.59632907927525 ], [ -95.160790077680574, 47.559799380396626 ], [ -95.230126236478981, 47.585910868037168 ], [ -95.276873345380722, 47.569887553231389 ], [ -95.267663779116134, 47.54667911347309 ], [ -95.325614294448442, 47.542876738498286 ], [ -95.242124489790072, 47.40030425277363 ], [ -95.324744110751865, 47.353242442728806 ], [ -95.290028587724748, 47.286867788538899 ], [ -95.382196436345737, 47.21136355558648 ], [ -95.469299257405225, 47.218141349804036 ], [ -95.432241235394869, 47.152690932073234 ], [ -95.459880655985771, 47.089033565214095 ], [ -95.440924559591835, 47.045299872638722 ], [ -95.474525685866723, 46.969804043416801 ], [ -95.517472874772551, 46.972169924118582 ], [ -95.5163645544405, 46.923887936546606 ], [ -95.411214126167906, 46.877630891959846 ], [ -95.453533611735338, 46.826503456903843 ], [ -95.428702814843419, 46.724023770303539 ], [ -95.462959217705347, 46.684298505702643 ], [ -95.362889704769046, 46.659450331539354 ], [ -95.333071761421067, 46.621000836859679 ], [ -95.378580644940911, 46.588257214659961 ], [ -95.373638742780926, 46.501311531617141 ], [ -95.567656438191591, 46.424868705465492 ], [ -95.61718340344909, 46.358465374536436 ], [ -95.606902151829587, 46.321185525056109 ], [ -95.494813804128, 46.364927359826467 ], [ -95.442870586019524, 46.32427698968236 ], [ -95.423920574579768, 46.27078224437259 ], [ -95.449162390599369, 46.210242441567388 ], [ -95.498799852984661, 46.174102695334888 ], [ -95.707852972920477, 46.183260494636123 ], [ -95.716016465436695, 46.217703758458811 ], [ -95.790660004710787, 46.235137775585279 ], [ -95.749345253212852, 46.313567576285799 ], [ -95.810640690421351, 46.352885058748306 ], [ -95.879202430612679, 46.264190871040107 ], [ -95.973093468017893, 46.23758737177959 ], [ -96.014201238906793, 46.265522637067278 ], [ -96.04009372410826, 46.159378461022285 ], [ -96.003322106623941, 46.160904747154113 ], [ -96.010604730153958, 46.129292124387675 ], [ -95.934063201260116, 46.077505230035939 ], [ -95.950194143435695, 45.989606119185972 ], [ -95.914161622190605, 45.993631741849228 ], [ -95.901508468183508, 45.950317975071819 ], [ -95.9808022107716, 45.923342153644676 ], [ -95.980687270190145, 45.890374409489112 ], [ -95.877741628413162, 45.854419403285995 ], [ -95.946963659856962, 45.769347396851948 ], [ -95.916875044052745, 45.74597742521032 ], [ -95.92566761791403, 45.698723427994601 ], [ -96.037066120437089, 45.686582814177839 ], [ -96.03014884388908, 45.639598519022258 ], [ -96.200362660822435, 45.581880446120437 ], [ -96.215032992723536, 45.52612448760167 ], [ -96.263421446143639, 45.49598431788754 ], [ -96.359885551067933, 45.507113683564398 ], [ -96.430295067192603, 45.47608067536985 ], [ -96.513767735220313, 45.510316065460501 ], [ -96.573233013599037, 45.623103266439671 ], [ -96.799740617634214, 45.637167812484961 ], [ -96.86226641048863, 45.596374332020403 ], [ -96.869283757382988, 45.652120899955428 ], [ -96.990717494257552, 45.698320916613348 ], [ -97.039115996510901, 45.923130031833558 ], [ -97.10066813519903, 45.918470658076956 ], [ -97.165717149521669, 45.957237441739437 ], [ -97.18278537250275, 45.914910822677278 ], [ -97.357942888568019, 45.834964034441185 ], [ -97.372007931651154, 45.776062481512085 ], [ -97.435611537601417, 45.816163358592902 ], [ -97.521267338459396, 45.786262468638405 ], [ -97.638458592551871, 45.855460830031426 ], [ -97.763865621622145, 45.794307550956141 ], [ -97.745632833594314, 45.87493207261037 ], [ -97.813282391325274, 45.906464287023013 ], [ -97.808307170597487, 45.939646968300814 ], [ -97.959794455455068, 45.932261716139294 ], [ -97.969715708895308, 46.041701197304583 ], [ -97.873124530563672, 46.14220168661042 ], [ -97.911424900998512, 46.171930309652232 ], [ -98.01625759884719, 46.166838306095975 ], [ -98.005575094862266, 46.190176271132344 ], [ -98.065190102725751, 46.21883997431911 ], [ -98.02306335490664, 46.225479912857566 ], [ -97.976108358214219, 46.286845407590974 ], [ -98.024197630819145, 46.345676630203748 ], [ -98.03104078101299, 46.446114055467966 ], [ -97.963850856843379, 46.52901003971332 ], [ -98.011531811366041, 46.579272759387365 ], [ -97.976508228584464, 46.648735036414486 ], [ -98.274512310570486, 46.715848773395855 ], [ -98.264568039966008, 46.780178485048047 ], [ -98.309832784451388, 46.801370385237213 ], [ -98.341609181026627, 46.909759307051516 ], [ -98.326134245678602, 46.997773690877573 ], [ -98.384048660037294, 46.996586165907253 ], [ -98.391722383317131, 46.944054080857924 ], [ -98.446319666278896, 46.9630232595431 ], [ -98.483295071687863, 47.035849249073138 ], [ -98.459839468824484, 47.115293173465702 ], [ -98.60612801679531, 47.162448620500115 ], [ -98.636882303898176, 47.225813648409734 ], [ -98.760011158713482, 47.313502634268708 ], [ -98.778312879880929, 47.410915752041035 ], [ -98.749022946098762, 47.428196795866256 ], [ -98.751193807502077, 47.490124563940597 ], [ -98.708411966370193, 47.508086399731901 ], [ -98.725373252974578, 47.52998549401115 ], [ -98.698936679944751, 47.561188419907126 ], [ -98.645318029388008, 47.558435424966021 ], [ -98.617958596827748, 47.62379739110645 ], [ -98.71093765250113, 47.621219699473521 ], [ -98.729944178374751, 47.682086728335364 ], [ -99.103845395218215, 47.708545054923199 ], [ -99.125903186396584, 47.762986941710615 ], [ -99.092455961643154, 47.764861343807794 ], [ -99.093545208837284, 47.781586582889759 ], [ -99.242629515509336, 47.765747027449514 ], [ -99.356660854123461, 47.825990422736453 ], [ -99.448068393274866, 47.785508114230673 ], [ -99.506704626871382, 47.789135129824459 ], [ -99.490640210036048, 47.81407982334769 ], [ -99.540916878534233, 47.83332247331613 ], [ -99.566597638396033, 47.797446766909815 ], [ -99.716563663249687, 47.803271948577276 ], [ -99.726241409180091, 47.770532437939664 ], [ -99.833479962221716, 47.755554662043288 ], [ -99.91938230360735, 47.702506286939176 ], [ -99.893255535695701, 47.676941982164514 ], [ -99.952388509742661, 47.68144791408556 ], [ -99.996330954665297, 47.646417883053154 ], [ -100.049920471447038, 47.583896346569261 ], [ -100.050344777403367, 47.497928854247796 ], [ -100.107514017988734, 47.466607604732964 ], [ -100.093360472668209, 47.43895981799708 ], [ -100.225759257831271, 47.413103115963239 ], [ -100.267434952652906, 47.510774989590395 ], [ -100.406055357687421, 47.487204708381761 ], [ -100.388714404658941, 47.5128927930974 ], [ -100.416073838943959, 47.54941245181152 ], [ -100.491575811690211, 47.550126504547784 ], [ -100.511950643759931, 47.58849625394712 ], [ -100.579948112712216, 47.596353540831629 ], [ -100.546810640345853, 47.649171227537714 ], [ -100.624514280583156, 47.758224544683621 ], [ -100.732828308316101, 47.767843859822143 ], [ -100.812534994995772, 47.832101894170179 ], [ -100.885157953827061, 47.825419523170282 ], [ -100.982120495786987, 47.889432414266174 ], [ -101.071765559601829, 47.896949794340742 ], [ -101.194956939128232, 47.845082433136923 ], [ -101.25481906405814, 47.943604383739149 ], [ -101.432767403740954, 47.956376398512738 ], [ -101.435147143632975, 48.066517730256422 ], [ -101.520950134905533, 48.060309043268411 ], [ -101.578649991671199, 48.094905393544146 ], [ -101.586051106284003, 48.142240690745467 ], [ -101.69854498137957, 48.236729964196542 ], [ -101.845668574204964, 48.306028049788097 ], [ -101.892179607718546, 48.387165480804313 ], [ -101.997777183868337, 48.387388440780356 ], [ -102.042476605636637, 48.491433487640194 ], [ -102.104640499243104, 48.492519575136093 ], [ -102.174857397661341, 48.560884549470487 ], [ -102.255867650329009, 48.513627666066576 ], [ -102.348989656018475, 48.614969543455778 ], [ -102.463096858247681, 48.627164154096974 ], [ -102.460574162150181, 48.653129201209588 ], [ -102.50420709630562, 48.652515217517134 ], [ -102.498785203035183, 48.676532133593085 ], [ -102.607772055674772, 48.751227382140719 ], [ -102.87024528526635, 48.794634488107221 ], [ -102.960191820842894, 48.734076957552944 ], [ -102.984766679706382, 48.758952833154481 ], [ -103.025892850526745, 48.742370259574187 ], [ -103.038363715683488, 48.78557923764015 ], [ -103.112854494664845, 48.787583062751189 ], [ -103.244223287908412, 48.722913962554095 ], [ -103.240915888580801, 48.67800697582269 ], [ -103.336606533014134, 48.643939263133966 ], [ -103.432754078630168, 48.659308162864001 ], [ -103.481199749137375, 48.738395291786908 ], [ -103.548754534273471, 48.73023062226207 ], [ -103.624583263113749, 48.792418589271875 ], [ -103.587080368721672, 48.854753344089303 ], [ -103.742884542244241, 48.872747579678467 ], [ -103.764675599027868, 48.919049894316004 ], [ -103.742390632960181, 48.965689603193596 ], [ -103.773966255207029, 48.957651285908604 ], [ -103.854768004558395, 49.079402840990447 ], [ -103.917958860534043, 49.065653419823562 ], [ -103.95821306213044, 49.098496646745872 ], [ -104.045489671210888, 49.072851174909303 ], [ -104.06017168144426, 49.107071169789393 ], [ -104.010803336172131, 49.112656970618779 ], [ -103.996513410844003, 49.15666194439374 ], [ -104.035242387299775, 49.198500024363483 ], [ -104.149859172833715, 49.245330095709043 ], [ -104.285815963914487, 49.253485315361331 ], [ -104.322958531811054, 49.225514409774071 ], [ -104.377736803410627, 49.276622853088512 ], [ -104.414367052443765, 49.251429018477751 ], [ -104.655197075559713, 49.284457447855203 ], [ -104.697931474712107, 49.439299626194035 ], [ -104.793211988155136, 49.441105869050226 ], [ -104.74094480093089, 49.565175573668697 ], [ -104.698122763397024, 49.565671019556987 ], [ -104.703909555084707, 49.596074407489162 ], [ -104.518476215658694, 49.62169171340458 ], [ -104.462666056856079, 49.667323239670118 ], [ -104.335197940851558, 49.597645146115021 ], [ -104.243796827394306, 49.585634739864751 ], [ -104.20794546138859, 49.646482546639028 ], [ -104.054791573650633, 49.71088552404138 ], [ -104.316477652956337, 49.858833454584691 ], [ -104.344872564624325, 49.92631532908365 ], [ -104.40991927603487, 49.927935416138617 ], [ -104.503220973347595, 49.982201674921804 ], [ -104.501840911141912, 50.105104166718206 ], [ -104.402113732676668, 50.113200975871543 ], [ -104.314802859946852, 50.168005577181923 ], [ -104.220142944024587, 50.105422025753924 ], [ -104.046890936307307, 50.125093209896029 ], [ -103.931804308155264, 50.042614098155831 ], [ -103.805070549525354, 50.011169674676566 ], [ -103.82446405978682, 49.978754383039082 ], [ -103.712439979420168, 49.970752511761624 ], [ -103.626107756774203, 49.91707514067037 ], [ -103.543150097085032, 49.961777980995443 ], [ -103.537669072489507, 50.002188854634404 ], [ -103.611053245330993, 50.091123865821125 ], [ -103.54659137541168, 50.117031057396005 ], [ -103.500021555184716, 50.091689430274855 ], [ -103.526766533011909, 50.044488558850119 ], [ -103.296036722769614, 49.943820252032125 ], [ -103.216738112309812, 49.807573689988779 ], [ -103.122604441195023, 49.739358030458838 ], [ -103.049673204677987, 49.742680380842984 ], [ -103.011807751899127, 49.692062921655499 ], [ -102.957569466123871, 49.693903754015942 ], [ -102.926162990231063, 49.650418068647603 ], [ -102.831749701730502, 49.618406117698079 ], [ -102.535316049978718, 49.578064014352137 ], [ -102.519054660440361, 49.534051524463024 ], [ -102.392084333408889, 49.541816227461936 ], [ -102.420625613245491, 49.583929131460984 ], [ -102.33962568537352, 49.684341275042904 ], [ -102.420219360830231, 49.784339314547701 ], [ -102.545507851647187, 49.76822423516478 ], [ -102.509365300712673, 49.781467590919419 ], [ -102.520177017856028, 49.812030308523994 ], [ -102.591177525607876, 49.877083596249214 ], [ -102.292812945359486, 49.845879806533262 ], [ -102.21688686750224, 49.907172317596498 ], [ -102.119877629317216, 49.880172221211019 ], [ -101.908606227719844, 49.933757813468873 ], [ -101.752496598164754, 49.888831394866337 ], [ -101.714795635951461, 49.959365344995348 ], [ -101.682532002697243, 49.958860191750404 ], [ -101.458986068668381, 49.774428563904323 ], [ -101.373246872396592, 49.656665732709342 ], [ -101.251373687940557, 49.376340351119602 ], [ -101.072361320070442, 49.371324783216608 ], [ -101.003327421700646, 49.325756562154403 ], [ -100.901072211414615, 49.340346521939757 ], [ -100.914143197911514, 49.306131762513012 ], [ -100.872624472438872, 49.304944698683862 ], [ -100.872710481294391, 49.222307722692989 ], [ -100.752921659400087, 49.208980111962582 ], [ -100.779949118873347, 49.155763609697033 ], [ -100.715675827080389, 49.130801206022724 ], [ -100.661428408277388, 49.132582120133875 ], [ -100.579196151079955, 49.193183869323761 ], [ -100.514509718455386, 49.188195985629335 ], [ -100.516988195548961, 49.140064868195907 ], [ -100.478598768167046, 49.115755500746275 ], [ -100.496157820630103, 49.070010173016946 ], [ -100.420569643635787, 49.024481624081957 ], [ -100.318287746387938, 49.07546344844674 ], [ -100.102333218068694, 49.071701092672242 ], [ -100.053878797620285, 49.12592780985343 ], [ -100.072882877767654, 49.201967211818705 ], [ -100.015220137179668, 49.221348263875498 ], [ -100.104527535454267, 49.237160201384881 ], [ -100.149666355603301, 49.301935325602713 ], [ -100.05956552553728, 49.34662669109089 ], [ -99.788567736174215, 49.358774696317681 ], [ -99.723657223554113, 49.399656515059121 ], [ -99.749612853672517, 49.429965997791719 ], [ -99.705106506251283, 49.47665916195335 ], [ -99.61713779349293, 49.466060490026337 ], [ -99.559302267197211, 49.397040126815476 ], [ -99.500122062122131, 49.393750376230109 ], [ -99.493394179748051, 49.321848821067015 ], [ -99.464956578772316, 49.305620597239127 ], [ -99.359820239604772, 49.281343609896282 ], [ -99.323354752356565, 49.324635007670906 ], [ -99.25844712015747, 49.320706757614388 ], [ -99.246576310700988, 49.266654413140643 ], [ -98.954808025331118, 49.364178530666123 ], [ -98.953248730334678, 49.413674740482897 ], [ -98.813213273354833, 49.454491990351904 ], [ -98.719843422631186, 49.395023275207549 ], [ -98.715358463730979, 49.350425634734869 ], [ -98.602322436829212, 49.375635315061309 ], [ -98.526802926821645, 49.315194139926085 ], [ -98.460576838519728, 49.316512921039383 ], [ -98.377985110750558, 49.203214664731135 ], [ -98.273248397027601, 49.222021785892764 ], [ -98.187626775583965, 49.195911127549941 ], [ -97.606203262398878, 49.332734980439149 ], [ -97.459237517250244, 49.316635298521554 ], [ -97.459171184913046, 49.33998091528175 ], [ -97.355443712358905, 49.357408029124755 ], [ -97.413969646852266, 49.413840248201886 ], [ -97.379890935334927, 49.435971822335432 ], [ -97.391442964012356, 49.487752599267878 ], [ -97.459130880704251, 49.495150225982947 ], [ -97.459075294715177, 49.517328050687375 ], [ -97.242646133385804, 49.554132404703047 ], [ -97.253727554700347, 49.662825562179577 ], [ -97.1776716739856, 49.664879065976358 ], [ -97.136124150168868, 49.748831107091561 ], [ -97.289299337671878, 49.759770999408005 ], [ -97.329152912884851, 49.794229426370478 ], [ -97.322645665494136, 49.847318761336759 ], [ -97.12868382571088, 49.885402861145238 ], [ -97.074703600862748, 49.780326281719255 ], [ -97.12523014099439, 49.757795889816386 ], [ -97.126391448210924, 49.743553044985696 ], [ -97.065626628000231, 49.779351824719612 ], [ -97.032830289066368, 49.756630343656632 ], [ -97.049061101614328, 49.709196082806429 ], [ -96.987815180676179, 49.709131984480521 ], [ -96.980730859867847, 49.694997737541485 ], [ -97.11161408923023, 49.686466093170566 ], [ -97.089767202142724, 49.655663542677701 ], [ -97.121574821884494, 49.587939200495789 ], [ -97.169577321517949, 49.563678786441116 ], [ -97.172273703713557, 49.487603904363844 ], [ -97.210482846593123, 49.472790925655005 ], [ -97.210540050034808, 49.413781936077442 ], [ -97.233180604263353, 49.413781011980511 ], [ -97.210571659432006, 49.362072036849732 ], [ -97.256036414911335, 49.355475071082402 ], [ -97.227277746234478, 49.28083352101072 ], [ -97.269846181072182, 49.266091483813952 ], [ -97.255731403095723, 49.243933797370879 ], [ -97.00705099320767, 49.244134359580073 ], [ -96.796560399646538, 49.178087622197367 ], [ -96.427020076268718, 49.170578319827733 ], [ -96.395726621302515, 49.134184178369402 ], [ -96.230375336636811, 49.135915248010726 ], [ -96.164526980901755, 49.178152402712875 ], [ -96.042756185200105, 49.14855518599439 ], [ -95.954462790000761, 49.177790095593856 ], [ -95.937594698702299, 49.229258120116533 ], [ -95.798492397266543, 49.207871193954418 ], [ -95.742971511589147, 49.167046201640723 ], [ -95.592007368254997, 49.164351952377963 ], [ -95.460954066537212, 49.214656153502993 ], [ -95.455278049466912, 49.249176294473955 ], [ -95.348025843757753, 49.240454195396062 ], [ -95.39979900602188, 49.284173009525723 ], [ -95.404036542123038, 49.344583135587911 ], [ -95.362806570863796, 49.400144754931695 ], [ -95.411381868643787, 49.433729227797663 ], [ -95.294941105623494, 49.507556131212645 ], [ -95.201969549418479, 49.523370911458713 ], [ -95.305780204719269, 49.61337924822525 ], [ -95.298619727597782, 49.64422351514142 ], [ -95.387269295967855, 49.67989476895962 ], [ -95.34078269714206, 49.754604828166094 ], [ -94.956351172078115, 49.711792149415615 ], [ -94.919508538305948, 49.73419027037567 ], [ -94.981312765004901, 49.771092626842865 ], [ -94.823664140824704, 49.781443266212385 ], [ -94.757975592782572, 49.761007791464984 ], [ -94.825631231542062, 49.719248752379613 ], [ -94.722875090865472, 49.715749396128302 ], [ -94.402353241728918, 49.795624069634599 ], [ -94.364478111309666, 49.788332123999425 ], [ -94.394420337888747, 49.746949766029829 ], [ -94.339292991453092, 49.736727340838243 ], [ -94.237550524511406, 49.745959944209638 ], [ -94.258877550803774, 49.783880278177378 ], [ -94.168598903197818, 49.805219182210017 ], [ -94.046219249518842, 49.794386595486827 ], [ -94.027136713793411, 49.762635262455994 ], [ -94.004155959257346, 49.814683465899179 ], [ -93.892614387116495, 49.849758968788883 ], [ -93.845769246639847, 49.841057678735382 ], [ -93.884923355043867, 49.768367284175213 ], [ -93.823346539796574, 49.791656427644391 ], [ -93.870009107456426, 49.741237129550193 ], [ -93.82362488946184, 49.758616089795289 ], [ -93.793282154016964, 49.733221394537026 ], [ -93.823583991493592, 49.676742551926473 ], [ -93.685828621156176, 49.666525971057339 ], [ -93.712742811471372, 49.646913013897354 ], [ -93.692916074542623, 49.625323370368861 ], [ -93.644227554568474, 49.65860816679217 ], [ -93.622407171339177, 49.658319315219359 ], [ -93.641742991622408, 49.623120505486419 ], [ -93.580646376101328, 49.642903769569884 ], [ -93.591636969673772, 49.616372538624134 ], [ -93.510762632683495, 49.608563284325491 ], [ -93.470722881681795, 49.544443956459936 ], [ -93.254709579656762, 49.546147896647305 ], [ -93.352998544563349, 49.431597023676815 ], [ -93.265081777452238, 49.452809477535283 ], [ -93.239928589218565, 49.422052588659831 ], [ -93.256657733330968, 49.383118445095981 ], [ -93.178535523796697, 49.422292953260943 ], [ -93.178380473725255, 49.369744006887629 ], [ -92.964835031309022, 49.365578781438828 ], [ -92.932199809515325, 49.430583093499848 ], [ -92.862522999895305, 49.430371833622246 ], [ -92.703303886488527, 49.526197687064297 ], [ -92.643074314836497, 49.496316692385861 ], [ -92.66785579829768, 49.436207938507117 ], [ -92.56218926724209, 49.423977720705203 ], [ -92.585511293919524, 49.360988276924672 ], [ -92.40846929922877, 49.362365162184453 ], [ -92.177547054751955, 49.306274704614943 ], [ -92.210974659023961, 49.321049102038785 ], [ -92.188520762512326, 49.33118510481745 ], [ -92.197535699320326, 49.403614088857388 ], [ -92.078197558709618, 49.462299390851193 ], [ -92.047855944182544, 49.393233857634932 ], [ -91.992481412022244, 49.429936496983039 ], [ -91.974975385493451, 49.401825450770914 ], [ -91.879698820729999, 49.396254302371105 ], [ -91.872505005906618, 49.358158643068506 ], [ -91.764559281205848, 49.368958652109441 ], [ -91.684071136513921, 49.306831263961008 ], [ -91.585360507668113, 49.314471967255088 ], [ -91.615405770516205, 49.285720978356444 ], [ -91.568853470814943, 49.250315879366916 ], [ -91.582376796005107, 49.220767602901041 ], [ -91.522861447589577, 49.223517531002749 ], [ -91.471825024556068, 49.177101313167228 ], [ -91.383057918610987, 49.183571201790208 ], [ -91.343303175246064, 49.224873433566842 ], [ -91.329293696538556, 49.18469893737457 ], [ -91.409368341719542, 49.125444649037505 ], [ -91.26235073441309, 49.158871524712943 ], [ -91.30202457726422, 49.083536855885058 ], [ -91.274529531740839, 49.05709569424279 ], [ -91.196345343518473, 49.07031313355656 ], [ -91.140346273395366, 49.120976191569227 ], [ -90.766708582676486, 49.178665127542942 ], [ -90.723486342251988, 49.241441983933505 ], [ -90.659141243851366, 49.236607941609336 ], [ -90.51125737630322, 49.346491198807442 ], [ -90.503274279294175, 49.290318411441639 ], [ -90.447126928884472, 49.261085570015489 ], [ -90.474354721792977, 49.229588342926014 ], [ -90.31736030521364, 49.229510604670672 ], [ -90.31862398205044, 49.156535123134503 ], [ -90.240459086720847, 49.126316454283 ], [ -90.243558204418392, 49.075025116069796 ], [ -90.203865366987031, 49.051266417461378 ], [ -90.222519382696248, 49.011267068836354 ], [ -90.148886157646544, 49.026253315558392 ], [ -90.012161105182329, 48.946724371229671 ], [ -89.953089501825716, 48.961729392965729 ], [ -89.976001320679941, 48.927119035403507 ], [ -89.859438681284686, 48.848050072373972 ], [ -89.923307334297149, 48.823055744685504 ], [ -89.916037544207086, 48.78760840455773 ], [ -89.96210427566136, 48.744993802234319 ], [ -90.080736278618716, 48.769097685120229 ], [ -90.137931747045926, 48.83156166963407 ], [ -90.198548575778389, 48.806903153929056 ], [ -90.217741724649031, 48.827566700380878 ], [ -90.317151370993457, 48.770980904541247 ], [ -90.620193252002835, 48.75960211235514 ], [ -90.832858358304506, 48.681554545454802 ], [ -90.521106960856528, 48.655691312354435 ], [ -90.581068134371023, 48.569516319667713 ], [ -90.493778371241888, 48.544900813986963 ], [ -90.506056079164026, 48.494444186931148 ], [ -90.473230554811011, 48.458461107737591 ], [ -90.378751879054832, 48.463571425049921 ], [ -90.438542873008984, 48.394429309584325 ], [ -90.328858510962505, 48.360651106807751 ], [ -90.193073574827011, 48.385246636292202 ], [ -90.162514592857562, 48.335794045773049 ], [ -90.060842142836933, 48.330969143240956 ], [ -90.124057589187373, 48.289705263481295 ] ] ] ] } },
{ "type": "Feature", "properties": { "huc2": "03", "name": "South Atlantic-Gulf Region" }, "geometry": { "type": "Polygon", "coordinates": [ [ [ -88.403491015399439, 34.753962337373274 ], [ -88.349843570433222, 34.683565937972269 ], [ -88.279143760005454, 34.725044409865156 ], [ -88.206948664647669, 34.633974863734856 ], [ -88.230171126945862, 34.577231160839823 ], [ -88.199204705518355, 34.463964402420892 ], [ -87.744809883151305, 34.219439924415958 ], [ -87.721969824434879, 34.247840172669619 ], [ -87.621899951777209, 34.228460079303879 ], [ -87.55919990128055, 34.255590084646869 ], [ -87.501890075565967, 34.390089864535412 ], [ -87.382969911948038, 34.398200052936083 ], [ -87.33721001085884, 34.435290111241031 ], [ -87.31071540006802, 34.384818372105663 ], [ -87.230389790803372, 34.343950031677764 ], [ -87.13511013974302, 34.344849881167605 ], [ -87.07883801559511, 34.300173272933421 ], [ -86.988679792848316, 34.311560029466058 ], [ -86.933239884203203, 34.256430059994706 ], [ -86.864239752408992, 34.240830040540565 ], [ -86.756895197121807, 34.327813595208291 ], [ -86.721339767530864, 34.291419911764983 ], [ -86.608490572232895, 34.280506966005504 ], [ -86.596459906745153, 34.309999854309289 ], [ -86.490230006457878, 34.324520007990209 ], [ -86.441729848196942, 34.28797008563604 ], [ -86.510059985127995, 34.184889988141613 ], [ -86.516189850627185, 34.135279985080643 ], [ -86.489479862782176, 34.123249875461411 ], [ -86.377240010147545, 34.248639884682007 ], [ -86.1984043806263, 34.254489099804708 ], [ -86.149410085555999, 34.233849995074465 ], [ -86.1518899044721, 34.15299984101911 ], [ -86.110329932952013, 34.111869966390927 ], [ -86.107319969560947, 34.150349901561988 ], [ -86.05500024237304, 34.145379913646508 ], [ -85.826169988618958, 34.435830025280985 ], [ -85.661550253275124, 34.592089878879335 ], [ -85.587872101906001, 34.583414773970773 ], [ -85.517980127683373, 34.694550012883916 ], [ -85.466379973343223, 34.709600041410468 ], [ -85.485240163306713, 34.616349722261262 ], [ -85.45539644278368, 34.605466089894939 ], [ -85.30134317399137, 34.781020760417924 ], [ -85.246802759462568, 34.78581166622606 ], [ -85.224495990519372, 34.707754769090805 ], [ -85.078427857354839, 34.706205409901578 ], [ -84.962181992953319, 34.955556890340418 ], [ -84.950271567406531, 35.043857600188737 ], [ -84.91049197923698, 35.052524537012872 ], [ -84.854789725132036, 35.151412930074628 ], [ -84.631156944999844, 35.011486078999411 ], [ -84.566650401744667, 35.027587892906631 ], [ -84.523551960476112, 34.996574374317944 ], [ -84.487653083958421, 34.812514349761692 ], [ -84.331937211091287, 34.868504727363892 ], [ -84.343844694188391, 34.823126202040044 ], [ -84.31210617675697, 34.781404813737751 ], [ -84.337922550749695, 34.73222991352943 ], [ -84.278538372508393, 34.721228552264904 ], [ -84.193641932714655, 34.630588117907024 ], [ -84.126551980319263, 34.66456332384849 ], [ -84.036989924825178, 34.641778781349004 ], [ -83.947390999255873, 34.738173005617668 ], [ -83.830084224072621, 34.730473773893806 ], [ -83.794913191362184, 34.824645555432653 ], [ -83.712102096725403, 34.79060018969308 ], [ -83.658425126004289, 34.813143389784251 ], [ -83.656376026997691, 34.87872261106866 ], [ -83.595150987892396, 34.917378847863624 ], [ -83.602045214784113, 34.989786026988874 ], [ -83.559316879152092, 35.038555946050778 ], [ -83.486456507826276, 34.998556195088305 ], [ -83.457546613673259, 34.920596036798358 ], [ -83.367855409070643, 34.906126890734882 ], [ -83.299692822016667, 34.965524916344599 ], [ -83.285776467118168, 35.037090170849709 ], [ -83.186394834205871, 35.039938576845287 ], [ -83.146789389493705, 35.113261982610389 ], [ -83.066323246151072, 35.162363434746482 ], [ -82.978815771578724, 35.130052131798827 ], [ -82.996649905438417, 35.163523516939456 ], [ -82.927352510184193, 35.172069512292296 ], [ -82.906166630800499, 35.102492066817064 ], [ -82.849580110864849, 35.12208481876425 ], [ -82.774608345583431, 35.064591647564917 ], [ -82.681367026134041, 35.128047520446316 ], [ -82.58006555706838, 35.14150083608159 ], [ -82.539556587346496, 35.229505760414142 ], [ -82.429154828162893, 35.246650093615813 ], [ -82.370704529301179, 35.343543401680172 ], [ -82.310632634556185, 35.377905757128808 ], [ -82.345729892998165, 35.408623458634921 ], [ -82.312770730107147, 35.454324587177155 ], [ -82.371882355987836, 35.480088718925892 ], [ -82.314073598813849, 35.505819666324129 ], [ -82.342674783047727, 35.568932523065875 ], [ -82.265008889003568, 35.61392148193832 ], [ -82.289229288071027, 35.696008103839681 ], [ -82.193594783536952, 35.734793384900826 ], [ -82.099555876429122, 35.851458827182782 ], [ -81.980187877102964, 35.885250639076588 ], [ -81.95446491138874, 35.926917021575704 ], [ -81.963662199902231, 36.013187866398688 ], [ -81.942805519850467, 36.060975815589714 ], [ -81.896604555442977, 36.063431874884024 ], [ -81.875645768150889, 36.124973972760863 ], [ -81.801393092567324, 36.108885052408851 ], [ -81.695059431232295, 36.148093137865381 ], [ -81.66095084477594, 36.11777276066146 ], [ -81.586264748183567, 36.17175584703903 ], [ -81.592258839750514, 36.219383812521244 ], [ -81.507234016715913, 36.22440750985416 ], [ -81.412681710933754, 36.29473123333883 ], [ -81.379428017778835, 36.278467234913229 ], [ -81.371506721744197, 36.359905179018057 ], [ -81.243353625333668, 36.365922910775772 ], [ -81.172498953831024, 36.435087981161324 ], [ -81.066985359461341, 36.447298881941713 ], [ -80.982444796331421, 36.390407900291777 ], [ -80.965415602625171, 36.414436829124803 ], [ -81.00336838637304, 36.421750955296218 ], [ -80.935165814991365, 36.497107596044586 ], [ -80.946799500869474, 36.527563179643117 ], [ -80.900481250298469, 36.565875043671674 ], [ -80.823471030777071, 36.559369103159014 ], [ -80.824840362058708, 36.623175164769471 ], [ -80.783383254762285, 36.606789165022242 ], [ -80.685617876907557, 36.669920808914249 ], [ -80.488245606037211, 36.652845708754747 ], [ -80.458867393473582, 36.738310933758946 ], [ -80.394563367709637, 36.744615929290262 ], [ -80.386296649056476, 36.798260520021365 ], [ -80.145637072947295, 36.949498480633892 ], [ -80.104586455365094, 37.026517015536477 ], [ -80.111611772229438, 37.086660668892144 ], [ -80.231549429209863, 37.033497992789087 ], [ -80.288489854824732, 37.077362194441505 ], [ -80.365072181812124, 37.080475307495924 ], [ -80.408911657003969, 37.041918571515424 ], [ -80.453542544619381, 37.078628975541513 ], [ -80.430262698551701, 37.119443509147651 ], [ -80.366643482172492, 37.13288721931319 ], [ -80.420738550844547, 37.176118489001055 ], [ -80.387572993621006, 37.261401592115767 ], [ -80.40460188361584, 37.301157263970381 ], [ -80.240825205434149, 37.356732570548893 ], [ -80.198432647946049, 37.34691683668941 ], [ -80.214598589042041, 37.320070406862044 ], [ -80.178946080764135, 37.327413305335391 ], [ -80.012490782002388, 37.394928761994791 ], [ -79.993535513334123, 37.442692021780751 ], [ -79.928532414861124, 37.467206935948553 ], [ -79.850600076443314, 37.3978921699088 ], [ -79.67667835517031, 37.48375466297167 ], [ -79.588495622056399, 37.449689193322314 ], [ -79.504804287550556, 37.520859056340399 ], [ -79.395661422797758, 37.466327407886553 ], [ -79.353629464740308, 37.482840641309565 ], [ -79.337627862026295, 37.400849841244288 ], [ -79.275449577049642, 37.336933760822994 ], [ -79.147209559274941, 37.32717281276927 ], [ -79.16890684177946, 37.281142568636049 ], [ -79.1455067876161, 37.262794792029773 ], [ -79.040966881036653, 37.327745312495473 ], [ -78.833109705288607, 37.362996148939622 ], [ -78.687220772934808, 37.279808585369132 ], [ -78.684212969902163, 37.195283507694519 ], [ -78.528994726296574, 37.142157068165773 ], [ -78.447994960301017, 37.078118373412501 ], [ -78.324651190785417, 37.103076736617375 ], [ -78.241300671708473, 37.194445532760078 ], [ -78.167674349016963, 37.202011703311143 ], [ -78.006741178102004, 37.076986766098251 ], [ -77.911807964639635, 37.132921754954452 ], [ -77.75364189249423, 37.141494863483778 ], [ -77.58521765342887, 37.212232495042151 ], [ -77.513832986257171, 37.177195004121145 ], [ -77.400559331876053, 37.179423136474547 ], [ -77.274602184200646, 37.246395547252497 ], [ -77.191937216606703, 37.20526452263703 ], [ -77.175826283748307, 37.161908559358658 ], [ -77.094107746992762, 37.157578203357524 ], [ -77.052670351707093, 37.123338363893303 ], [ -76.982284092965116, 37.156731488749607 ], [ -76.976631613659691, 37.198619267051249 ], [ -76.921529391512522, 37.184910550023126 ], [ -76.86868921789079, 37.126183642592864 ], [ -76.784767713817899, 37.116944026541169 ], [ -76.713327546913348, 37.044024289331141 ], [ -76.691190535519937, 36.983995276429802 ], [ -76.738352783762252, 36.926351132082097 ], [ -76.718448870124021, 36.858212148603585 ], [ -76.785486414356583, 36.765945947008447 ], [ -76.665105594488423, 36.672477586572604 ], [ -76.52582647645157, 36.68132236050198 ], [ -76.459399015453457, 36.771212889632977 ], [ -76.436401709934387, 36.68755918637185 ], [ -76.280523157918509, 36.681922538983969 ], [ -76.248508789916968, 36.724175926207373 ], [ -76.210252311795728, 36.722928983286501 ], [ -76.215692054527977, 36.760173583270337 ], [ -76.165436125991718, 36.813256772888707 ], [ -76.062480597922658, 36.791704622228451 ], [ -76.027080211090862, 36.818720966496365 ], [ -75.90400785393787, 36.821359545463146 ], [ -75.727426153375617, 36.27634315617091 ], [ -75.441305428801442, 35.754237838855609 ], [ -75.39851088068545, 35.596111926613617 ], [ -75.481056778474937, 35.182875948976722 ], [ -75.596678011021737, 35.181669383162927 ], [ -75.772216595188354, 35.128253674838838 ], [ -76.030732821591528, 34.99984153412445 ], [ -76.334914430478719, 34.758706758177176 ], [ -76.496515844721685, 34.522565753338981 ], [ -76.564451041955408, 34.519904900734566 ], [ -76.616403653962422, 34.619491950720153 ], [ -76.722814553784062, 34.646141895324277 ], [ -77.12444390598823, 34.582984989962064 ], [ -77.485707756212648, 34.398478269749496 ], [ -77.690244369457531, 34.24336642085445 ], [ -77.785258640953273, 34.121300547042338 ], [ -77.927656446872433, 33.776128580891722 ], [ -77.989681276251332, 33.775240898696126 ], [ -78.085544196832046, 33.851991276569002 ], [ -78.27824437901161, 33.861740451140918 ], [ -78.59773350976991, 33.787471468368139 ], [ -78.775703173418393, 33.703400629395475 ], [ -79.077326180833637, 33.388604586992834 ], [ -79.121110305889076, 33.24572931181271 ], [ -79.079329940295793, 33.205225893966748 ], [ -79.0863637100734, 33.163298233889073 ], [ -79.270659836077954, 33.055562472949674 ], [ -79.313895462388331, 32.962752221354229 ], [ -79.497194701269095, 32.93095277090962 ], [ -79.534208512396305, 32.869014698970318 ], [ -79.753547857743683, 32.742138038617746 ], [ -79.769859029768099, 32.685305498530504 ], [ -79.967039664512129, 32.562227142383122 ], [ -80.085218509207266, 32.547759619162136 ], [ -80.11704638886026, 32.501253239227161 ], [ -80.243544023377382, 32.472683250168309 ], [ -80.38314158993343, 32.341626809548288 ], [ -80.39920724193432, 32.275524725954817 ], [ -80.499432356247127, 32.248781862043153 ], [ -80.569102454841115, 32.1703975596104 ], [ -80.747827028320771, 32.083902486560874 ], [ -80.810026637999712, 31.938873065747394 ], [ -81.05535445948351, 31.713236109379665 ], [ -81.10212575199391, 31.503290150271734 ], [ -81.186664239503486, 31.39935916892647 ], [ -81.210415942319926, 31.203201362504675 ], [ -81.29352276906765, 31.155026702660432 ], [ -81.290933577507872, 31.091060531226685 ], [ -81.344457987622761, 31.058556388715655 ], [ -81.297737346242371, 30.967309526260426 ], [ -81.399368256691019, 30.768067163697083 ], [ -81.345070390738456, 30.708615763139655 ], [ -81.383032818799222, 30.556711475018155 ], [ -81.319470246166361, 30.405953549344872 ], [ -81.332065023990168, 30.304874939446307 ], [ -81.250202689208891, 29.973874962538165 ], [ -81.116584472317996, 29.588457441057798 ], [ -80.907263946739306, 29.158325614099304 ], [ -80.529383797726425, 28.615394892638871 ], [ -80.470672856359144, 28.476293502696691 ], [ -80.474550818276896, 28.430418883556694 ], [ -80.547789183857816, 28.347930177800279 ], [ -80.518386984416594, 28.129997647152504 ], [ -80.329835133905718, 27.757577789061443 ], [ -79.991300541944781, 26.86946375959111 ], [ -79.980943424293741, 26.583424612114843 ], [ -80.098803161771016, 25.684337869175415 ], [ -80.093391768916931, 25.479424793150294 ], [ -80.340487760651939, 25.086900674151714 ], [ -80.458360162515206, 24.959185727014539 ], [ -80.648888190939161, 24.833422126226978 ], [ -81.057148146236628, 24.639125087093316 ], [ -81.147116970353864, 24.649249464378627 ], [ -81.373679679824363, 24.571796506648059 ], [ -81.521644469706388, 24.567067464840118 ], [ -81.533669127908297, 24.493718100979272 ], [ -81.61809887598767, 24.453082749480942 ], [ -81.732379580007631, 24.432476636403582 ], [ -81.769616031382512, 24.498583316658401 ], [ -81.797056624312219, 24.494391698598751 ], [ -81.809579338951551, 24.42045786794295 ], [ -81.923062824727282, 24.39545538886075 ], [ -81.972070480162316, 24.416904482509892 ], [ -81.975572455739297, 24.471509203207802 ], [ -82.067830972157338, 24.52315427032077 ], [ -82.11815394334667, 24.497185570218033 ], [ -82.199459005465641, 24.509966996353391 ], [ -82.206973655012092, 24.600195589283739 ], [ -82.145012310858888, 24.647305895229522 ], [ -82.052093841520858, 24.606291037189266 ], [ -81.867049630545679, 24.66034434216866 ], [ -81.450072132739834, 24.870813557487921 ], [ -81.224844122772026, 24.876189184943058 ], [ -81.136095043759909, 24.802946882773881 ], [ -81.064141389580215, 24.789668359323347 ], [ -80.897163837917503, 24.860955287995495 ], [ -80.977342679658477, 24.871615881396913 ], [ -81.098980722893387, 25.067214048041738 ], [ -81.191188313674246, 25.135291907516262 ], [ -81.230242702398257, 25.237190205982838 ], [ -81.197014466941553, 25.359467817064242 ], [ -81.342107193641084, 25.637031332014015 ], [ -81.397560519137016, 25.656849807433534 ], [ -81.437950412586574, 25.733377103815265 ], [ -81.583675662041102, 25.8059270523054 ], [ -81.634936552082323, 25.766424399197092 ], [ -81.723050432015683, 25.798062218251982 ], [ -81.811179380442312, 25.944621075490179 ], [ -81.918904888936325, 26.352326224845232 ], [ -81.981375614911116, 26.407689935279777 ], [ -82.110616855959535, 26.37568509056111 ], [ -82.232520445333662, 26.457895999744974 ], [ -82.327100953966706, 26.670758551640798 ], [ -82.339147713491428, 26.803134821474494 ], [ -82.569759991413832, 27.200742616646647 ], [ -82.797131533617559, 27.514824360812444 ], [ -82.822971527714742, 27.594822803417053 ], [ -82.794199524939884, 27.699935377078834 ], [ -82.904357886881854, 27.852172777988901 ], [ -82.882196481422483, 28.037524125834331 ], [ -82.907118400066111, 28.220735102669238 ], [ -82.876925043403688, 28.272240159350169 ], [ -82.797283266587954, 28.297019081651587 ], [ -82.724798743397088, 28.592825299406847 ], [ -82.775603283946978, 28.659937545849601 ], [ -82.816447798169946, 28.804463101045297 ], [ -82.790488830441944, 28.856122076513298 ], [ -82.867591547853223, 29.045360192802569 ], [ -82.949306389694286, 29.078408709911152 ], [ -83.023247709218325, 29.02179211541285 ], [ -83.124477588942867, 29.047587811490303 ], [ -83.250039410896918, 29.318765603671004 ], [ -83.445942606012125, 29.470415105628842 ], [ -83.465322903744578, 29.613400885967696 ], [ -83.612531930350997, 29.702055432459712 ], [ -83.647164355998356, 29.795711656133619 ], [ -83.725589610316248, 29.880679245821618 ], [ -84.046858989408321, 30.038996336426429 ], [ -84.102908671333168, 30.034570779819141 ], [ -84.167879674770759, 29.984430651228674 ], [ -84.24820326726369, 29.994570628127207 ], [ -84.31860826870728, 29.852352978044703 ], [ -84.515098941572646, 29.830800603443429 ], [ -84.537606966736476, 29.771419665218733 ], [ -84.651272576647486, 29.729702013988867 ], [ -84.739759071400613, 29.6530627021199 ], [ -85.068311058930988, 29.538195533281105 ], [ -85.228980885333769, 29.626625104974714 ], [ -85.385504744289946, 29.618630534727778 ], [ -85.468081221315614, 29.779929518500033 ], [ -85.448248565800682, 29.90205779935291 ], [ -85.540800315450099, 29.929184610780819 ], [ -85.633220813277447, 30.015662104321255 ], [ -85.908789371994331, 30.1730053470291 ], [ -86.295264029221201, 30.31069339247178 ], [ -86.620757929559716, 30.346017051652922 ], [ -87.824728600876313, 30.176475924780103 ], [ -88.099042242570093, 30.171324394325612 ], [ -88.16959256168343, 30.198847539528369 ], [ -88.452243120473995, 30.145452733321086 ], [ -88.844451144234, 30.197912240630949 ], [ -88.8550673313148, 30.099960544191294 ], [ -89.129747599353252, 30.183600734517807 ], [ -89.322821270458277, 30.063153536237859 ], [ -89.430423116007901, 30.033787853896836 ], [ -89.536219857836969, 30.180279246615147 ], [ -89.592338846564658, 30.149453382693686 ], [ -89.705103975056957, 30.182810727526459 ], [ -89.691138748087965, 30.22878932194444 ], [ -89.830015364984376, 30.420541144081678 ], [ -89.814093328839846, 30.487840356408409 ], [ -89.932195188328365, 30.542195940501376 ], [ -90.025810214526715, 30.654131933463653 ], [ -90.079499786302605, 30.636716751969512 ], [ -90.149129181728014, 30.746483334523251 ], [ -90.203963374594878, 30.759567947232313 ], [ -90.247118547707572, 30.878505837916592 ], [ -90.414125016884867, 30.9478201531997 ], [ -90.319071600519081, 31.107033957572142 ], [ -90.382982629848286, 31.175609360168767 ], [ -90.383925946038929, 31.221427816268893 ], [ -90.471721151365102, 31.252267445335967 ], [ -90.546617414405716, 31.381014135128279 ], [ -90.577462095831507, 31.377587364952799 ], [ -90.567004556458087, 31.433826585752204 ], [ -90.623484290700446, 31.443018848155742 ], [ -90.495098396369144, 31.634481255701068 ], [ -90.400622534217291, 31.653560039513906 ], [ -90.411786602972398, 31.920579338660719 ], [ -90.333582254515875, 32.028045259666555 ], [ -90.381315642560807, 32.111196273141722 ], [ -90.360741932937458, 32.25120625321739 ], [ -90.287602364161316, 32.278667849522002 ], [ -90.283462507504453, 32.339680919404017 ], [ -90.247471062138956, 32.342790403534181 ], [ -90.241982496051875, 32.407954670315384 ], [ -90.176955844686361, 32.482150502780499 ], [ -90.113750534602204, 32.460681178083007 ], [ -90.037193773542029, 32.483919480689011 ], [ -89.764834620199309, 32.688852497409016 ], [ -89.744269963761454, 32.827764693007509 ], [ -89.684394599074622, 32.877760737413922 ], [ -89.65399693928579, 32.962295886280849 ], [ -89.630535461072142, 32.958560116605327 ], [ -89.56055580840318, 33.170289186690368 ], [ -89.513884581046881, 33.176557173374711 ], [ -89.427882534246478, 33.267328351808906 ], [ -89.382832385433701, 33.262881167632337 ], [ -89.36701377149241, 33.32446165318926 ], [ -89.295882864491531, 33.308841971230521 ], [ -89.206071796252232, 33.385040829386931 ], [ -89.089633033600407, 33.405424668459766 ], [ -89.094298945547166, 33.498067558644664 ], [ -89.05234911048484, 33.544847788260249 ], [ -89.115019931841317, 33.684453659956702 ], [ -89.079643699315127, 33.754144377940733 ], [ -89.096722219998725, 33.808058618117641 ], [ -89.033241834554602, 33.890924316265064 ], [ -89.073253103410224, 34.019890869962843 ], [ -89.007479532153084, 34.140502471393305 ], [ -89.041972677671779, 34.1661786076982 ], [ -89.045623367547421, 34.232620190895304 ], [ -88.971668042659275, 34.257911925855069 ], [ -88.966022153448662, 34.309999899916754 ], [ -88.890557861282602, 34.367390229736571 ], [ -88.892908944791301, 34.5135314658406 ], [ -88.768934663480323, 34.570739009556611 ], [ -88.673680752853912, 34.700148511938835 ], [ -88.542157159037004, 34.638513788144223 ], [ -88.403491015399439, 34.753962337373274 ] ] ] } },
{ "type": "Feature", "properties": { "huc2": "15", "name": "Lower Colorado Region" }, "geometry": { "type": "Polygon", "coordinates": [ [ [ -112.323102915752244, 37.420903231437613 ], [ -112.295382264453806, 37.368348173879319 ], [ -112.315108324367941, 37.325976394711205 ], [ -112.280079592443172, 37.315271125009481 ], [ -112.277170958549021, 37.261328560080301 ], [ -112.204582455310131, 37.181635826896006 ], [ -112.222188250998144, 37.112300382330112 ], [ -112.104036903940468, 37.023006530461359 ], [ -112.128735331083888, 36.940245822948704 ], [ -112.112723810016917, 36.860941728768154 ], [ -112.052746339967229, 36.843528025353002 ], [ -112.009774959817079, 36.763652589482454 ], [ -111.923257332127903, 36.768892526647491 ], [ -111.834938528916183, 36.718051713446947 ], [ -111.656543313446875, 36.888304927883546 ], [ -111.589763842322583, 36.866400516781553 ], [ -111.593570133799318, 36.764754603982574 ], [ -111.633038804484841, 36.697893967943358 ], [ -111.55670929217348, 36.62531541439963 ], [ -111.578331233576975, 36.597231581247669 ], [ -111.558815808735204, 36.529663925346618 ], [ -111.449034498985114, 36.629226248404507 ], [ -111.322271206506471, 36.50198738146338 ], [ -111.284940980017055, 36.538618609687127 ], [ -111.144241101097506, 36.549593701580683 ], [ -111.147786387661313, 36.525308585113336 ], [ -111.056330945955182, 36.501754795059902 ], [ -110.963767188040279, 36.537897587731059 ], [ -110.929617846959843, 36.588998488296298 ], [ -110.809996127087544, 36.60153118593135 ], [ -110.669306667915606, 36.777461589021044 ], [ -110.578944900642711, 36.794833639685478 ], [ -110.584381259996192, 36.730705770009386 ], [ -110.513994575668377, 36.657453557230738 ], [ -110.503416494178708, 36.554203090469755 ], [ -110.399083502658215, 36.650970404551387 ], [ -110.264160077021174, 36.651725855446834 ], [ -110.169675495973877, 36.489295122597191 ], [ -110.070085764373431, 36.452994321405924 ], [ -110.034849719894183, 36.480403126452167 ], [ -109.929823512626385, 36.42183897605458 ], [ -109.916482734094103, 36.384957672989472 ], [ -109.83748725036223, 36.37776947477461 ], [ -109.810979201053229, 36.264205542260072 ], [ -109.958908249566235, 36.090791485705957 ], [ -109.834926183805351, 35.873202699012879 ], [ -109.856885819441302, 35.821063697418104 ], [ -109.754921260826137, 35.751195335268982 ], [ -109.702171960419221, 35.735991720161337 ], [ -109.662443508263323, 35.76835111707674 ], [ -109.62222294236696, 35.742901262529152 ], [ -109.549728191075047, 35.81881132675764 ], [ -109.511503600864685, 35.792601870073923 ], [ -109.437229105562196, 35.815841464690862 ], [ -109.340711311010367, 35.896531447262568 ], [ -109.20492118787665, 35.881693691598848 ], [ -109.071113309284556, 36.024676205447733 ], [ -108.957742246085601, 35.983456830347272 ], [ -108.892719406047263, 36.065229667737491 ], [ -108.856951304445062, 36.064351608834208 ], [ -108.837618690392802, 36.037091874601003 ], [ -108.865541079301067, 36.008517972759257 ], [ -108.826443361228655, 35.989454584686989 ], [ -108.844666597461085, 35.906777451667296 ], [ -108.898479417420219, 35.901980049799981 ], [ -108.960336141673366, 35.840499709895177 ], [ -108.911812225910651, 35.696301210776909 ], [ -108.777708031320671, 35.660465308047094 ], [ -108.712272629774247, 35.598965395316505 ], [ -108.593000378523513, 35.703122812444221 ], [ -108.374325219694356, 35.684267401913303 ], [ -108.336542817016905, 35.644795050362937 ], [ -108.271434309213362, 35.668869796168025 ], [ -108.216881948834015, 35.635671407308493 ], [ -108.151209735307845, 35.645530625260172 ], [ -108.136721874866637, 35.602407839270114 ], [ -108.257451563146986, 35.475980044840689 ], [ -108.244549318420894, 35.459561876557892 ], [ -108.39316354869726, 35.347457938585563 ], [ -108.365215002096576, 35.318809029528637 ], [ -108.390339996121156, 35.260001173973876 ], [ -108.363839011460001, 35.245553383757276 ], [ -108.370897292821169, 35.193962301898438 ], [ -108.190949108749791, 35.122701375177783 ], [ -108.157122907244855, 35.056868583006562 ], [ -108.077295283172234, 35.00983904439034 ], [ -108.145633790200876, 34.97826683790651 ], [ -108.217936873404398, 34.898018287654075 ], [ -108.226978850993646, 34.84067815955509 ], [ -108.323811910956337, 34.772125954127098 ], [ -108.326834969295902, 34.657852382092678 ], [ -108.377532623208822, 34.674409697014489 ], [ -108.414234633951821, 34.580530538391614 ], [ -108.377835664435125, 34.547985477233112 ], [ -108.314314631976103, 34.564299846505357 ], [ -108.289227948960402, 34.456401636538651 ], [ -108.23434914680756, 34.428140493853022 ], [ -108.189378484470481, 34.442956371551048 ], [ -108.159040092954911, 34.378825531361912 ], [ -108.036170399278348, 34.326534123769953 ], [ -108.102974958147655, 34.292911935325428 ], [ -108.257302405502799, 34.077233542333261 ], [ -108.410539905750426, 34.006093327806887 ], [ -108.42500257274186, 33.933525486879532 ], [ -108.403378388155261, 33.921400683627368 ], [ -108.459946865060118, 33.902405698526984 ], [ -108.418146998362559, 33.831899708533058 ], [ -108.474780031338852, 33.810030210831876 ], [ -108.487030945381676, 33.748574466826504 ], [ -108.438264787341296, 33.739883183825604 ], [ -108.492712083855224, 33.681463562197287 ], [ -108.427136840634276, 33.638453593611544 ], [ -108.518490750462036, 33.607036368334299 ], [ -108.40525753624074, 33.55570417516418 ], [ -108.238305730797137, 33.661314154272262 ], [ -108.003791663449476, 33.685866044157166 ], [ -108.02127931859529, 33.734279026902556 ], [ -107.97282531867522, 33.747308362481292 ], [ -107.785090651708316, 33.700781383628879 ], [ -107.83003468313845, 33.635943522104668 ], [ -107.794583195758506, 33.596814440764462 ], [ -107.802176591038858, 33.520304278650833 ], [ -107.869585903222429, 33.448300260793033 ], [ -107.815475278999514, 33.369954644963762 ], [ -107.845085802570111, 33.32601906196615 ], [ -107.828383232995364, 33.250177937542773 ], [ -107.869927231472573, 33.205355462319041 ], [ -107.840372188060542, 33.182881631095306 ], [ -107.852950072310847, 33.145113499665314 ], [ -107.963517944956408, 33.100270771115014 ], [ -108.098755188288379, 32.961451379210885 ], [ -108.103055471406705, 32.922981757462857 ], [ -108.163784112193923, 32.919601682766874 ], [ -108.229485161649691, 32.85489977816173 ], [ -108.353951383514925, 32.832182336598002 ], [ -108.32329156458583, 32.7883671465963 ], [ -108.342803933619521, 32.654460099485547 ], [ -108.431836188720339, 32.590723903439013 ], [ -108.408497105766529, 32.51403182205091 ], [ -108.23811187352338, 32.384838289691807 ], [ -108.203273126459749, 32.309392977822775 ], [ -108.224614462411523, 32.103617189784551 ], [ -108.171708160989994, 32.035235068129538 ], [ -108.204582111831144, 32.002604845074117 ], [ -108.186837558905836, 31.972064373457034 ], [ -108.222078234667507, 32.00148866475282 ], [ -108.338541907431477, 31.994601559893319 ], [ -108.441718839037549, 31.953081821821723 ], [ -108.558460310359337, 32.099502513497981 ], [ -108.709591372189678, 32.099021227852333 ], [ -108.677171293995983, 31.981748366200065 ], [ -108.727351501111499, 31.893003542624239 ], [ -108.662983818884982, 31.695030189431971 ], [ -108.71500076050711, 31.62094693332622 ], [ -108.658789761207629, 31.610558972442107 ], [ -108.695268908220086, 31.545108628022813 ], [ -108.785624310210551, 31.555019396165374 ], [ -108.744433975990333, 31.359917301669338 ], [ -108.811180123633051, 31.245475793787683 ], [ -108.79821010818732, 31.196870788775147 ], [ -108.856666541159001, 31.127441410380371 ], [ -108.83541104957223, 31.03605270088751 ], [ -108.86677553582814, 31.011266694031583 ], [ -108.946601847866361, 31.031261414957264 ], [ -109.033058120864169, 30.972312974425979 ], [ -109.052170099376099, 30.907301136315439 ], [ -109.100334126643858, 30.915309923300061 ], [ -109.135612451239254, 30.864219651601267 ], [ -109.236854577678102, 30.815648990736129 ], [ -109.347694404262583, 30.851146655860543 ], [ -109.478843687626735, 30.819896723479339 ], [ -109.527795601439564, 30.706040435477291 ], [ -109.516746482644336, 30.646425237952503 ], [ -109.582176201663856, 30.611055376251358 ], [ -109.534500090506853, 30.515256890595289 ], [ -109.572189335320161, 30.508033743657858 ], [ -109.596809422211237, 30.454936955225932 ], [ -109.652320869047401, 30.470746959659643 ], [ -109.658355670295705, 30.52367020177131 ], [ -109.761323373384514, 30.561364448691577 ], [ -109.861556995300035, 30.763132094284842 ], [ -109.8536758484519, 30.855722399195066 ], [ -109.95716862447793, 30.928663286995917 ], [ -109.975418104623088, 31.012897523194621 ], [ -110.213363661301827, 31.012763994646349 ], [ -110.33544162175744, 30.968942678376955 ], [ -110.383697551008652, 30.992588038504302 ], [ -110.431449862136901, 30.895111116703152 ], [ -110.513137795985685, 30.864801407568155 ], [ -110.516639750056996, 30.781045885012681 ], [ -110.625208024021191, 30.645835565177929 ], [ -110.753086111825567, 30.643125804363805 ], [ -110.743225120312061, 30.558393450992583 ], [ -110.786491361890043, 30.450771324942362 ], [ -110.828071639800186, 30.42209056292802 ], [ -110.809928916763937, 30.338855744613884 ], [ -111.033706656254864, 30.239223477452363 ], [ -111.122506578663391, 30.071623791179569 ], [ -111.186587942665028, 30.01974963793965 ], [ -111.14598845531745, 29.952217098925786 ], [ -111.178222636182184, 29.901344333306362 ], [ -111.259857173793165, 29.914083492970985 ], [ -111.369506843729837, 29.838590616223943 ], [ -111.351737933506612, 29.913616193285822 ], [ -111.383224459675773, 30.1096171967895 ], [ -111.46675871075557, 30.112443948131585 ], [ -111.562416037645207, 30.055166285338096 ], [ -111.625358623737441, 30.057052568139998 ], [ -111.620796239150692, 30.030384060847659 ], [ -111.665458653302707, 30.005723931427035 ], [ -111.880210832886377, 30.023653012972211 ], [ -112.00952152096464, 30.075744594461465 ], [ -112.020484959544021, 30.043077492913604 ], [ -112.106307944889352, 30.011528021927234 ], [ -112.174510680330343, 30.066876307650546 ], [ -112.322090132669985, 30.081710829819414 ], [ -112.395935062469988, 30.048974991054511 ], [ -112.369496774700011, 30.09300619424338 ], [ -112.4255142382777, 30.204980861160855 ], [ -112.360305756786531, 30.186933562617863 ], [ -112.302551253615661, 30.250728599106022 ], [ -112.414756790417798, 30.515718439436682 ], [ -112.544471761759297, 30.588983502453775 ], [ -112.572593731817648, 30.63765332059965 ], [ -112.623222380105901, 30.643888478675329 ], [ -112.649375930335552, 30.613882077081172 ], [ -112.8156453126971, 30.599759488810268 ], [ -112.89926151301988, 30.518140794750011 ], [ -112.991516109118166, 30.525234209967532 ], [ -113.133239764792236, 30.814432109549962 ], [ -113.098648054117319, 30.937742232388121 ], [ -113.12997435485002, 31.06239322469969 ], [ -113.068649277926355, 31.102754557750913 ], [ -113.107330303560914, 31.19278908975944 ], [ -113.120170586846555, 31.160556754115152 ], [ -113.211837774221223, 31.250034310588145 ], [ -113.625251744713282, 31.327339206664082 ], [ -113.645988488589396, 31.486003894636831 ], [ -113.846366338910528, 31.598477881921333 ], [ -114.000762921759787, 31.523399336453309 ], [ -114.007209758804095, 31.523675916590179 ], [ -114.011169397847169, 31.534027105872386 ], [ -114.022781334021047, 31.538808868636544 ], [ -114.025512658552202, 31.492769212234254 ], [ -114.168632507686141, 31.497074089992722 ], [ -114.583946261724563, 31.75238987424995 ], [ -114.689689651701613, 31.76248166583105 ], [ -114.773765553884644, 31.825183889828484 ], [ -114.806274374336581, 31.819858527973381 ], [ -114.818885838276955, 31.755537009513539 ], [ -114.780975379920321, 31.655513746663033 ], [ -114.992698685399404, 31.724006662833116 ], [ -115.089279212855885, 31.705863976061842 ], [ -115.125076325604084, 31.644489241679633 ], [ -115.154952999152442, 31.655715922228513 ], [ -115.170509317265825, 31.693242995153753 ], [ -115.126075773097128, 31.761358231883332 ], [ -115.169136013059074, 31.774641050089407 ], [ -115.172062193305493, 31.818128715452431 ], [ -115.139854459354765, 31.854990002552821 ], [ -115.266008781845144, 31.966194799276057 ], [ -115.312377936107495, 32.149597195446859 ], [ -115.428649886605697, 32.226036072811127 ], [ -115.370185859501177, 32.280513723299684 ], [ -115.408290687575501, 32.361747209884648 ], [ -115.178815057791695, 32.494864026072015 ], [ -115.155965291143687, 32.471749504287345 ], [ -114.912643402452147, 32.530432596497413 ], [ -114.833040527521149, 32.611021093804318 ], [ -114.846792670583341, 32.637070409088963 ], [ -114.748862271707864, 32.682512122933971 ], [ -114.732390989428964, 32.813774407830117 ], [ -114.803428957898348, 32.891282342518956 ], [ -114.715170060763739, 32.972098986710286 ], [ -114.741687309998042, 32.968689039913954 ], [ -114.751991365458821, 33.017162622460432 ], [ -114.815322172173452, 33.042336978855971 ], [ -114.855745160393511, 33.107415498119536 ], [ -114.960498949571871, 33.14751253509116 ], [ -115.01608757181495, 33.133588700136876 ], [ -115.227474754592308, 33.223392370911519 ], [ -115.216322701846167, 33.310221874793726 ], [ -115.322800973274951, 33.442163679111502 ], [ -115.330458853614914, 33.51978235766839 ], [ -115.258544472449927, 33.489431465565637 ], [ -115.246530584410465, 33.429444502308677 ], [ -115.046617341254077, 33.382417956456777 ], [ -114.92816414922963, 33.390097422261981 ], [ -114.811195519682258, 33.535927839993114 ], [ -114.826014873761622, 33.661345505430759 ], [ -114.905775539056876, 33.742164140998433 ], [ -114.918531882648466, 33.79875907864237 ], [ -114.891101003004309, 33.794467272377396 ], [ -114.830119346911331, 33.875411469631523 ], [ -114.672878309288322, 33.86429589437887 ], [ -114.619768743183855, 33.921267579308484 ], [ -114.652638201307724, 33.96026660402611 ], [ -114.656099544898638, 34.078450521229179 ], [ -114.810908972476795, 34.206065286880424 ], [ -114.810660100066386, 34.248950440171917 ], [ -114.87148125565875, 34.311303336574305 ], [ -114.824105842310928, 34.392153607186074 ], [ -114.872179570782592, 34.450795364909553 ], [ -114.882582325823492, 34.531429395689202 ], [ -114.875231785417952, 34.622494052199585 ], [ -114.799701299246266, 34.730184265832186 ], [ -114.82059982659689, 34.80130048944752 ], [ -114.883259249706839, 34.863758558474373 ], [ -115.018517504839906, 34.921311300939728 ], [ -115.05247976320149, 34.908375926911887 ], [ -115.089828671459799, 34.996339758108206 ], [ -115.160867746294272, 35.052032097893637 ], [ -115.101997602456038, 35.077851702228131 ], [ -115.304084338881879, 35.174206512698106 ], [ -115.325782858447397, 35.219447537348074 ], [ -115.307099774450336, 35.272272731508551 ], [ -115.219938879149282, 35.302748651851196 ], [ -115.220187355258915, 35.336953841498278 ], [ -115.12917624834671, 35.412284286169218 ], [ -115.123839543491457, 35.488042832564844 ], [ -115.174699034553214, 35.564412269609683 ], [ -115.055279664789055, 35.581250032409734 ], [ -114.944330123311758, 35.499582298222172 ], [ -114.855995449743574, 35.512942084863326 ], [ -114.834343219367526, 35.655619792206551 ], [ -114.884478814008048, 35.703082431806763 ], [ -114.826931168960897, 35.726570264210302 ], [ -114.759443924944023, 35.820734558740419 ], [ -114.756346145574554, 35.959517566602806 ], [ -114.795410173104784, 35.945720379901225 ], [ -114.875919498867361, 35.998903822673114 ], [ -114.945135930393349, 35.955835180669503 ], [ -115.031376385183322, 35.961930744583462 ], [ -115.045712406500229, 35.868411270466098 ], [ -115.098677252386466, 35.826920443144786 ], [ -115.133964477283087, 35.88390888700841 ], [ -115.207369096597915, 35.856958292098021 ], [ -115.324355170511808, 35.901108560599766 ], [ -115.364098255064874, 35.867977037002973 ], [ -115.431577211943591, 35.955945012352281 ], [ -115.517573363064841, 35.970943959716323 ], [ -115.482888059525592, 36.044633943909957 ], [ -115.541805659132464, 36.13887913266565 ], [ -115.531504156504056, 36.184329866269849 ], [ -115.665564618060742, 36.243570220218707 ], [ -115.70597851435096, 36.319669721434821 ], [ -115.666781824823317, 36.503801203612234 ], [ -115.617438770171717, 36.60058263037071 ], [ -115.569794606088635, 36.624971048217873 ], [ -115.535014535515103, 36.745784159831679 ], [ -115.344902236669782, 36.747380497802091 ], [ -115.178692477092639, 36.694827341977259 ], [ -115.101696551779639, 36.83785403034549 ], [ -115.13707573381626, 37.122380269499949 ], [ -115.21769507759916, 37.170043024702927 ], [ -115.261226984953993, 37.151910365124486 ], [ -115.347067174968387, 37.323457217143989 ], [ -115.336933586465946, 37.390553075019142 ], [ -115.423710383387686, 37.458562661040872 ], [ -115.434884869527863, 37.512127210335059 ], [ -115.377743004651634, 37.680129825804535 ], [ -115.278509189195944, 37.702842125330726 ], [ -115.261410310226637, 37.807847342276133 ], [ -115.181854682017317, 37.841780673178761 ], [ -115.1908686249742, 37.882011294466061 ], [ -115.145771023482993, 37.898400871178985 ], [ -115.132497370994372, 37.970161080896752 ], [ -115.082809069048466, 38.005579716590319 ], [ -115.134751364650029, 38.103319663345957 ], [ -115.303843797249783, 38.216056824310037 ], [ -115.299905669920278, 38.251633582924164 ], [ -115.500944199215738, 38.349026169961178 ], [ -115.454702923889045, 38.405623077224256 ], [ -115.35878672379765, 38.446026996294925 ], [ -115.396522803005922, 38.50626582851752 ], [ -115.293704072849707, 38.635510478995826 ], [ -115.309877085016495, 38.795496076181799 ], [ -115.282402824532511, 38.817107800057428 ], [ -115.374194680596375, 38.913597585138703 ], [ -115.42445097513324, 38.909046530921785 ], [ -115.418448269135951, 39.089845820404484 ], [ -115.379990972147866, 39.114063849042495 ], [ -115.332239516081003, 39.074340211272606 ], [ -115.252007401863139, 39.095765090375131 ], [ -115.112579532418209, 39.210221055203974 ], [ -115.080281877475855, 39.302841072009002 ], [ -114.946482287558041, 39.197552719336187 ], [ -114.893643563179367, 39.055802988165539 ], [ -114.871568001833481, 38.901226686033915 ], [ -114.909131035550246, 38.886736554651662 ], [ -114.941464744385513, 38.775952612629304 ], [ -114.925015078321181, 38.736878169986753 ], [ -114.97342939891854, 38.676494724526307 ], [ -114.891765415143382, 38.540495373585024 ], [ -114.971403866431885, 38.421692629216025 ], [ -114.938222096009852, 38.391206626757551 ], [ -114.968336486806209, 38.325828595748447 ], [ -114.884074164339964, 38.257579672313213 ], [ -114.887272504625784, 38.213644239415096 ], [ -114.93119604072136, 38.187907198744291 ], [ -114.893912205505941, 37.977604547850248 ], [ -114.934730271099141, 37.928041243969837 ], [ -114.952711021035526, 37.668767076720911 ], [ -115.013263172118556, 37.598031034776355 ], [ -115.032542831868213, 37.516683251746905 ], [ -114.971941571541507, 37.370139599213545 ], [ -114.993925280140601, 37.293798993418093 ], [ -114.943338093495484, 37.246426958032188 ], [ -114.906410044672171, 37.271292040716943 ], [ -114.80612412518542, 37.235467182791517 ], [ -114.770451061127176, 37.262958961196105 ], [ -114.689194547918731, 37.429995053101436 ], [ -114.735544411570032, 37.532272039618945 ], [ -114.718613695658831, 37.576142490114172 ], [ -114.685372124999191, 37.590466299499546 ], [ -114.639668047260926, 37.711798554172567 ], [ -114.555986690405831, 37.713230283224362 ], [ -114.596427729777446, 38.053190021535407 ], [ -114.634246958629461, 38.172382380568386 ], [ -114.674359335583219, 38.202673212191591 ], [ -114.646842464924077, 38.291292131822829 ], [ -114.403135326644218, 38.275550920939516 ], [ -114.371227171615047, 38.231101069240239 ], [ -114.337191881756993, 38.357760049267235 ], [ -114.295457692381049, 38.383348536536637 ], [ -114.233099966330258, 38.300841429833675 ], [ -114.111940874109422, 38.271823078042978 ], [ -114.046553939313625, 38.106836899107726 ], [ -114.043695251138431, 37.938576531560919 ], [ -114.11978547154493, 37.886425675456294 ], [ -114.126282085236269, 37.814642585540447 ], [ -114.18917596010138, 37.786061863150074 ], [ -114.222720824153399, 37.705952546781027 ], [ -114.144560281565589, 37.643749546222395 ], [ -114.087783230593118, 37.670009520016464 ], [ -114.046023397882124, 37.650592796901783 ], [ -114.060159982911273, 37.603769968313038 ], [ -113.986964219779978, 37.572265066278291 ], [ -113.987800923140156, 37.535389904878002 ], [ -113.918402503519758, 37.476364901563876 ], [ -113.844233580106945, 37.47430201885247 ], [ -113.807823617977974, 37.513731466667238 ], [ -113.716330289375577, 37.469447262851084 ], [ -113.651034457305173, 37.513118635674985 ], [ -113.572196955377521, 37.458386434695782 ], [ -113.487467024008041, 37.451121750423177 ], [ -113.37930625234803, 37.516295725944438 ], [ -113.342007585857445, 37.584222829662892 ], [ -113.271730358129844, 37.539361028208248 ], [ -113.185683280257479, 37.563769126211909 ], [ -113.07811542128087, 37.525975597764919 ], [ -112.97166955870496, 37.597224874306519 ], [ -112.939762049842955, 37.569597421413192 ], [ -112.867096236360013, 37.589410356329466 ], [ -112.815374561539457, 37.514793720017096 ], [ -112.73018226850597, 37.491546812197463 ], [ -112.691670416381513, 37.412742940022994 ], [ -112.646908941014601, 37.405099074326735 ], [ -112.56857243770456, 37.496711040859516 ], [ -112.474624811287356, 37.471777023220554 ], [ -112.385918008079472, 37.502229452609541 ], [ -112.396432925661813, 37.410560170893632 ], [ -112.323102915752244, 37.420903231437613 ] ] ] } },
{ "type": "Feature", "properties": { "huc2": "14", "name": "Upper Colorado Region" }, "geometry": { "type": "Polygon", "coordinates": [ [ [ -112.323102915752244, 37.420903231437613 ], [ -112.240570491712845, 37.474216179589888 ], [ -112.265475977690571, 37.514268928351385 ], [ -112.235935017535567, 37.585106983788087 ], [ -112.154023744181529, 37.596590067827471 ], [ -112.171015263559866, 37.620670457666641 ], [ -112.135604770429595, 37.685897459095202 ], [ -112.042573357159554, 37.738127744524711 ], [ -111.98961995349238, 37.70425817711893 ], [ -111.874691552195983, 37.728841228501025 ], [ -111.893224917694681, 37.912518990493048 ], [ -111.863121145595827, 37.944937795037369 ], [ -111.79227568989171, 37.969726123400498 ], [ -111.746918104854103, 37.93890146448814 ], [ -111.727675687288809, 37.964568998813334 ], [ -111.714868404549364, 38.069578663955518 ], [ -111.892792164718031, 38.133681372089995 ], [ -111.850025644416192, 38.208103858520388 ], [ -111.895033891950348, 38.323212608234272 ], [ -111.816515745831339, 38.485745258034115 ], [ -111.762865313715267, 38.525384504751422 ], [ -111.77179140311722, 38.558205585677719 ], [ -111.689308567725419, 38.710914493649362 ], [ -111.475726363283314, 38.793616339097944 ], [ -111.47030350400955, 38.869642071704973 ], [ -111.498690838963029, 38.908552523838132 ], [ -111.44059880357986, 38.959774905914863 ], [ -111.51177975039819, 39.029450070009929 ], [ -111.483321957190327, 39.214791172335978 ], [ -111.444983904549332, 39.255145130865507 ], [ -111.444072532531038, 39.351269715650673 ], [ -111.320329884915267, 39.456744185613928 ], [ -111.296532133325471, 39.537748536493922 ], [ -111.357275295846378, 39.831259224974126 ], [ -111.317345673546413, 39.858598896834934 ], [ -111.181394190224367, 39.793946227417273 ], [ -111.14903798225636, 39.893218753614164 ], [ -111.083146785973213, 39.926509157025031 ], [ -111.205142992138221, 40.047975449528202 ], [ -111.245620868545032, 40.046622562842082 ], [ -111.225150570147505, 40.166122684116473 ], [ -111.313468403942281, 40.287152333865947 ], [ -111.24687396560833, 40.304417164277083 ], [ -111.223726917183669, 40.418679061132337 ], [ -111.185581120713167, 40.405827978093726 ], [ -111.140408096994094, 40.463065276383496 ], [ -110.922250050106342, 40.51978944623913 ], [ -110.978114796950607, 40.572062995511885 ], [ -110.933028119260712, 40.587153601110501 ], [ -110.891479492636208, 40.728403168926079 ], [ -110.80653675510105, 40.711625216083405 ], [ -110.684347277777093, 40.760259850354721 ], [ -110.709097214211099, 40.868797984799095 ], [ -110.666567725266603, 40.934054055818052 ], [ -110.730549817191786, 40.97689596855961 ], [ -110.70416488306148, 41.031466074232128 ], [ -110.746217422483284, 41.061470509441079 ], [ -110.704319481334224, 41.163227395537838 ], [ -110.735215429128189, 41.190564527259461 ], [ -110.77498164034111, 41.172955533506155 ], [ -110.771301089953397, 41.210809066773074 ], [ -110.81360138826993, 41.204110056818166 ], [ -110.802844112365534, 41.274363877225262 ], [ -110.839486404473874, 41.29506306111103 ], [ -110.82179700132474, 41.364770276215076 ], [ -110.909202753512986, 41.355110735560181 ], [ -110.867299606402284, 41.493946481509653 ], [ -110.924882825004175, 41.633537588549999 ], [ -110.854335185664141, 41.70866721381509 ], [ -110.672196209834169, 41.688466579559801 ], [ -110.62163377999471, 41.737476354965004 ], [ -110.598590342069144, 41.832698125774982 ], [ -110.672259502479065, 41.91073996167534 ], [ -110.802775901974471, 41.962236572818178 ], [ -110.784135678701674, 42.15081509846005 ], [ -110.812277824040962, 42.177240942263658 ], [ -110.809859159905145, 42.263533885507883 ], [ -110.764383556873497, 42.349549642908194 ], [ -110.735561738033539, 42.331881096798398 ], [ -110.634149504124167, 42.368471027330543 ], [ -110.736050099232571, 42.588844512020273 ], [ -110.696066053076038, 42.525158957141429 ], [ -110.615509688057685, 42.541271693026388 ], [ -110.641002362276524, 42.802588496846674 ], [ -110.588870782939921, 42.793959292947562 ], [ -110.577026823372691, 42.819215551981493 ], [ -110.644168094894312, 42.999159718328784 ], [ -110.573388542042863, 42.999216363198023 ], [ -110.555456741917155, 42.968323921420811 ], [ -110.46839898327184, 43.046824792900978 ], [ -110.299600467548345, 43.066251469178319 ], [ -110.212771491893491, 43.108898404590704 ], [ -110.20065058707813, 43.211797667041267 ], [ -110.158322719555358, 43.235858093925302 ], [ -110.178829604762356, 43.272660322392269 ], [ -110.248998944294343, 43.285130447678576 ], [ -110.265021247507278, 43.330966635803755 ], [ -110.167175153553913, 43.38176044675911 ], [ -110.116320757772371, 43.364561502626721 ], [ -110.091109214393938, 43.442124337791263 ], [ -110.003166280283864, 43.446278027012305 ], [ -109.877382399462817, 43.378339696391983 ], [ -109.695412256286204, 43.366335041003452 ], [ -109.676160577189151, 43.214925327045087 ], [ -109.552943639155615, 43.072194439266362 ], [ -109.55260087380762, 43.012494599538009 ], [ -109.370529953939339, 42.945517166494895 ], [ -109.319535292729995, 42.859147767277513 ], [ -109.212165123105365, 42.797784049393769 ], [ -109.236055968608241, 42.76836344701173 ], [ -109.133899652154014, 42.738025223750618 ], [ -109.094606261869629, 42.629003026051763 ], [ -109.203770313226698, 42.50683455265068 ], [ -108.915013249724737, 42.382610785936905 ], [ -108.867255683874262, 42.337519723588073 ], [ -108.848428077072754, 42.260543802831187 ], [ -108.592599124801623, 42.316489435681461 ], [ -108.573295805107222, 42.281714822229546 ], [ -108.432352265191668, 42.224908722309962 ], [ -108.292163612595516, 42.2153675114184 ], [ -108.23070149044382, 42.240568160801615 ], [ -108.219775692038411, 42.291096592695418 ], [ -108.133413797481666, 42.27852858267282 ], [ -108.066606096664827, 42.330387482141923 ], [ -107.978918626829667, 42.329145466848694 ], [ -107.999737488472718, 42.363995630304835 ], [ -107.958797997485789, 42.399852811276062 ], [ -107.917747679887, 42.391614413548368 ], [ -107.938402687825103, 42.312132778697638 ], [ -107.872884492295938, 42.301471969835298 ], [ -107.875451001412756, 42.267300171285981 ], [ -107.836594301941929, 42.250898035766063 ], [ -107.692081026320906, 42.257172714333329 ], [ -107.591738046862403, 42.313858444774901 ], [ -107.581612391804455, 42.270381277330898 ], [ -107.476208421606728, 42.239200414327797 ], [ -107.328808241484879, 42.216256621558003 ], [ -107.261544891081087, 42.263386116605218 ], [ -107.208491182337781, 42.248345779463278 ], [ -107.21139531529505, 42.173101620400828 ], [ -107.114360213993166, 42.170908719901007 ], [ -107.085855565486526, 42.149187493862613 ], [ -107.122270363516179, 42.111239442538476 ], [ -107.072686173446073, 42.101284337820488 ], [ -107.149307187665769, 42.006122100394585 ], [ -107.114376167973802, 41.877292135814237 ], [ -107.220296564743279, 41.867926346934226 ], [ -107.297591779738283, 41.950022479515098 ], [ -107.333145396502033, 41.907269398701622 ], [ -107.320722238471532, 41.865320024241477 ], [ -107.374525660624457, 41.817890969909875 ], [ -107.356557984364471, 41.748409215889247 ], [ -107.45927229815193, 41.650922383388789 ], [ -107.387460183354833, 41.626227801933105 ], [ -107.456094640515516, 41.548027234988666 ], [ -107.320568609355206, 41.534027173913159 ], [ -107.327306998352981, 41.481742867970652 ], [ -107.301653095611883, 41.466338771277606 ], [ -107.348277664418418, 41.435496858423591 ], [ -107.340442929119277, 41.399765567796443 ], [ -107.285974130395971, 41.375092479791569 ], [ -107.214647007370004, 41.403766910875056 ], [ -107.164557007305646, 41.364952844189965 ], [ -107.127980250621036, 41.228248832281935 ], [ -106.981928471861167, 41.168568863799706 ], [ -107.007430006783494, 41.114510024811885 ], [ -106.883949969891063, 41.074659987847213 ], [ -106.938559997386506, 41.020800020286508 ], [ -106.857079981960965, 41.003909976731677 ], [ -106.851209951992772, 40.924559983329324 ], [ -106.739340714007071, 40.871817458905603 ], [ -106.68595051155782, 40.885816108970346 ], [ -106.657227402260304, 40.8527345018164 ], [ -106.636044056646739, 40.79209815154298 ], [ -106.669898203832858, 40.761620045886701 ], [ -106.706077067078638, 40.614586266317986 ], [ -106.612305493748465, 40.379901347047962 ], [ -106.534887080076373, 40.365108431860648 ], [ -106.489649428573344, 40.411550013906691 ], [ -106.443331780556306, 40.346446268521632 ], [ -106.353995821020987, 40.358480449871671 ], [ -106.305989748769676, 40.328445024168822 ], [ -106.26583055255756, 40.361036919668393 ], [ -106.230514415590136, 40.323213067564907 ], [ -106.018828893054277, 40.373321155917189 ], [ -105.959599997539073, 40.348271331990318 ], [ -105.903273965221473, 40.400648812936829 ], [ -105.891640594589148, 40.476599877900838 ], [ -105.855009123820281, 40.486214084931191 ], [ -105.80740376584356, 40.473876045193386 ], [ -105.817555877580205, 40.426179122272131 ], [ -105.787316081224589, 40.381081632944557 ], [ -105.645605690855518, 40.24966362496815 ], [ -105.677860153721042, 40.190992392037984 ], [ -105.626566465847418, 40.127157995766837 ], [ -105.640779560137787, 40.034866058058647 ], [ -105.689707412288271, 40.013674364050807 ], [ -105.695826798984569, 39.839216432222273 ], [ -105.763920576426273, 39.794946896205872 ], [ -105.88760679874801, 39.797047418390569 ], [ -105.884357636706198, 39.735545589975686 ], [ -105.924245260969997, 39.704574254521027 ], [ -105.91183695348353, 39.662822024063637 ], [ -105.782714213704807, 39.629211211443696 ], [ -105.775901142520269, 39.606118110328332 ], [ -105.838558237107179, 39.572092304550672 ], [ -105.822795449939392, 39.531067299105032 ], [ -105.860184791710012, 39.531176757915105 ], [ -105.866596045201319, 39.494144000177684 ], [ -105.96675568415175, 39.438386969690306 ], [ -105.952218588262539, 39.416346181805672 ], [ -106.022560037421172, 39.361353440917483 ], [ -106.218974303630887, 39.38305714650204 ], [ -106.284043727721695, 39.349574855418602 ], [ -106.404683876417124, 39.379332890515549 ], [ -106.432522414393873, 39.316213413423718 ], [ -106.502526163166593, 39.298348634086082 ], [ -106.481067892777659, 39.259510547213864 ], [ -106.499448414305562, 39.184220699728264 ], [ -106.561240989495957, 39.155743351660917 ], [ -106.586449158721337, 39.094631773611809 ], [ -106.595434865859161, 38.991225364258241 ], [ -106.554155034059235, 38.998600939947181 ], [ -106.464914893772857, 38.910429053909475 ], [ -106.326155138693792, 38.911088304301991 ], [ -106.349314379305014, 38.854843714532649 ], [ -106.415945644999312, 38.824234947840317 ], [ -106.416574531517753, 38.727918998211059 ], [ -106.451948617968725, 38.698474177985574 ], [ -106.3649159774764, 38.615568149012276 ], [ -106.343313106686537, 38.50344546496067 ], [ -106.245852170181294, 38.439292149569908 ], [ -106.243855590360312, 38.352312990287004 ], [ -106.31605890200612, 38.342621189360571 ], [ -106.338673046852279, 38.287001580890589 ], [ -106.434239032289241, 38.281850061889614 ], [ -106.504878348971019, 38.314903898300287 ], [ -106.610941423108912, 38.13426708549504 ], [ -106.685149172750357, 38.081281856861956 ], [ -106.767696606784753, 38.079153484307326 ], [ -106.816419839422181, 37.955717750150782 ], [ -106.871531108933752, 37.941717754364831 ], [ -106.967238109945697, 37.974842214580413 ], [ -107.008977213249963, 37.946466699910964 ], [ -107.267275065585608, 37.938037383199998 ], [ -107.347645849634688, 37.857328140290463 ], [ -107.494706159714639, 37.849686456925419 ], [ -107.554788605963154, 37.789609552105404 ], [ -107.537236485664408, 37.708300142194346 ], [ -107.461435105916181, 37.629373216187147 ], [ -107.374788049526813, 37.687598046868743 ], [ -107.269192278191227, 37.695965030012154 ], [ -107.289156442239801, 37.667399909283162 ], [ -107.23061591605196, 37.595142248610443 ], [ -107.152313929482631, 37.636962854892637 ], [ -107.077667147847322, 37.568908444456383 ], [ -106.887918377533353, 37.564779683574308 ], [ -106.873550763303328, 37.499336154044258 ], [ -106.660757560538954, 37.429554003814829 ], [ -106.641361872024632, 37.408822183209523 ], [ -106.707585335071997, 37.336213267031397 ], [ -106.663482468350153, 37.310843767702259 ], [ -106.694288495314183, 37.272326223636568 ], [ -106.594415691658924, 37.207895070503476 ], [ -106.588213338844696, 37.138342968514628 ], [ -106.626765603487812, 37.116311176008907 ], [ -106.630090103773995, 37.040267582145184 ], [ -106.691338999474226, 37.039291064356384 ], [ -106.733694770160938, 36.960299678657989 ], [ -106.701382724396368, 36.901127093578239 ], [ -106.873793699304997, 36.804816469943511 ], [ -106.937145477333658, 36.804553770134241 ], [ -106.94841648315716, 36.703981745467047 ], [ -106.999807012553532, 36.658638740742262 ], [ -106.959546886397163, 36.515029485174544 ], [ -107.018580337611951, 36.434379388879435 ], [ -106.950687395566106, 36.338040950088732 ], [ -106.957956950576047, 36.19986245093834 ], [ -107.02524930908055, 36.189239107374938 ], [ -107.062927027511634, 36.107217755067857 ], [ -107.15847429195027, 36.057278189360325 ], [ -107.347207468712796, 36.060368407879544 ], [ -107.498232286354295, 35.842954496204861 ], [ -107.774559144254894, 35.757655975286958 ], [ -107.794881147579559, 35.686859199009611 ], [ -107.918803115832333, 35.578177539070403 ], [ -107.972907877362246, 35.558618871639531 ], [ -108.024723845508476, 35.602422009807448 ], [ -108.122427927143193, 35.573053225350186 ], [ -108.15919599091022, 35.584934220246723 ], [ -108.135064936654956, 35.609154349621967 ], [ -108.151209735307845, 35.645530625260172 ], [ -108.216881948834015, 35.635671407308493 ], [ -108.271434309213362, 35.668869796168025 ], [ -108.336542817016905, 35.644795050362937 ], [ -108.36776102515131, 35.682632252428675 ], [ -108.537284028207836, 35.704903386983219 ], [ -108.654349557740318, 35.67180081206358 ], [ -108.712272629774247, 35.598965395316505 ], [ -108.777708031320671, 35.660465308047094 ], [ -108.911812225910651, 35.696301210776909 ], [ -108.960336141673366, 35.840499709895177 ], [ -108.898479417420219, 35.901980049799981 ], [ -108.844666597461085, 35.906777451667296 ], [ -108.826443361228655, 35.989454584686989 ], [ -108.865541079301067, 36.008517972759257 ], [ -108.837618690392802, 36.037091874601003 ], [ -108.856951304445062, 36.064351608834208 ], [ -108.892719406047263, 36.065229667737491 ], [ -108.957742246085601, 35.983456830347272 ], [ -109.071113309284556, 36.024676205447733 ], [ -109.20492118787665, 35.881693691598848 ], [ -109.340711311010367, 35.896531447262568 ], [ -109.437229105562196, 35.815841464690862 ], [ -109.511503600864685, 35.792601870073923 ], [ -109.549728191075047, 35.81881132675764 ], [ -109.62222294236696, 35.742901262529152 ], [ -109.662443508263323, 35.76835111707674 ], [ -109.702171960419221, 35.735991720161337 ], [ -109.754921260826137, 35.751195335268982 ], [ -109.856885819441302, 35.821063697418104 ], [ -109.834926183805351, 35.873202699012879 ], [ -109.958908249566235, 36.090791485705957 ], [ -109.810979201053229, 36.264205542260072 ], [ -109.83748725036223, 36.37776947477461 ], [ -109.916482734094103, 36.384957672989472 ], [ -109.929823512626385, 36.42183897605458 ], [ -110.034849719894183, 36.480403126452167 ], [ -110.070085764373431, 36.452994321405924 ], [ -110.169675495973877, 36.489295122597191 ], [ -110.264160077021174, 36.651725855446834 ], [ -110.399083502658215, 36.650970404551387 ], [ -110.503416494178708, 36.554203090469755 ], [ -110.513994575668377, 36.657453557230738 ], [ -110.584381259996192, 36.730705770009386 ], [ -110.578944900642711, 36.794833639685478 ], [ -110.669306667915606, 36.777461589021044 ], [ -110.809996127087544, 36.60153118593135 ], [ -110.929617846959843, 36.588998488296298 ], [ -110.963767188040279, 36.537897587731059 ], [ -111.056330945955182, 36.501754795059902 ], [ -111.147786387661313, 36.525308585113336 ], [ -111.144241101097506, 36.549593701580683 ], [ -111.284940980017055, 36.538618609687127 ], [ -111.322271206506471, 36.50198738146338 ], [ -111.449034498985114, 36.629226248404507 ], [ -111.558815808735204, 36.529663925346618 ], [ -111.578331233576975, 36.597231581247669 ], [ -111.55670929217348, 36.62531541439963 ], [ -111.633038804484841, 36.697893967943358 ], [ -111.593570133799318, 36.764754603982574 ], [ -111.589763842322583, 36.866400516781553 ], [ -111.656543313446875, 36.888304927883546 ], [ -111.834938528916183, 36.718051713446947 ], [ -111.923257332127903, 36.768892526647491 ], [ -112.009774959817079, 36.763652589482454 ], [ -112.052746339967229, 36.843528025353002 ], [ -112.112723810016917, 36.860941728768154 ], [ -112.128735331083888, 36.940245822948704 ], [ -112.104036903940468, 37.023006530461359 ], [ -112.222188250998144, 37.112300382330112 ], [ -112.204582455310131, 37.181635826896006 ], [ -112.277170958549021, 37.261328560080301 ], [ -112.280079592443172, 37.315271125009481 ], [ -112.315108324367941, 37.325976394711205 ], [ -112.295382264453806, 37.368348173879319 ], [ -112.323102915752244, 37.420903231437613 ] ] ] } },
{ "type": "Feature", "properties": { "huc2": "18", "name": "California Region" }, "geometry": { "type": "MultiPolygon", "coordinates": [ [ [ [ -124.287626200397725, 41.948750256016851 ], [ -124.069095252693558, 41.974570989210271 ], [ -124.019874333751559, 42.029919004414921 ], [ -124.032969809481926, 42.118311809213793 ], [ -123.953213443137344, 42.143760903930378 ], [ -123.83924144210151, 42.124670851740447 ], [ -123.828843420930625, 42.002504871622421 ], [ -123.65408863009057, 41.938868500439632 ], [ -123.613828606063663, 41.880991984709205 ], [ -123.559527929192754, 41.905977591759502 ], [ -123.539001952845595, 41.988153565695534 ], [ -123.454633450222445, 42.017948909883366 ], [ -123.352073791696867, 42.000216126828633 ], [ -123.303675857591998, 41.946155637968012 ], [ -123.202796082846589, 41.917180867826545 ], [ -123.072777921814222, 41.955800996353581 ], [ -122.965041984885872, 41.932025075235551 ], [ -122.859357910792795, 42.045477794152973 ], [ -122.73299861317328, 42.08610540218254 ], [ -122.621294029426195, 42.083413100943432 ], [ -122.575537806318252, 42.030128389526489 ], [ -122.521147289474769, 42.042329485285386 ], [ -122.476365685503382, 42.075541267208337 ], [ -122.502722758645675, 42.210839930476297 ], [ -122.435408843520818, 42.237115779998746 ], [ -122.442200492553823, 42.275367382127506 ], [ -122.400336107235574, 42.303594911382334 ], [ -122.31284781668019, 42.244646290316631 ], [ -122.248848533919983, 42.283186898061302 ], [ -122.270304227356775, 42.29786561870003 ], [ -122.231141605915255, 42.353669645494726 ], [ -122.270185191364916, 42.364779473730437 ], [ -122.273156918567793, 42.413786002228946 ], [ -122.315154110224739, 42.444525407984536 ], [ -122.213976614372598, 42.544281258679376 ], [ -122.224758514653004, 42.636995943721971 ], [ -122.166354408807123, 42.660401310405135 ], [ -122.191991736517338, 42.839306120848299 ], [ -122.143421651364491, 42.909468425763116 ], [ -122.172198946680624, 42.942976139052313 ], [ -122.064292856144277, 43.047307657272853 ], [ -122.092988792338701, 43.082237847774906 ], [ -122.040797254130993, 43.217875597035182 ], [ -121.925525075112233, 43.276415570004531 ], [ -121.796950792109257, 43.221509864000623 ], [ -121.760392283397096, 43.247865127846097 ], [ -121.76296087391043, 43.224580995763482 ], [ -121.728785248151723, 43.225393929386833 ], [ -121.71703219233305, 43.304966010698713 ], [ -121.63782518449311, 43.342727499662104 ], [ -121.64760245803474, 43.309415151495806 ], [ -121.582019391448867, 43.319361600487895 ], [ -121.556146113827182, 43.284555271062658 ], [ -121.572616447997177, 43.235588329477174 ], [ -121.466367628938485, 43.174666964631967 ], [ -121.46496480814865, 43.1050648062158 ], [ -121.36622708664386, 43.037442548412095 ], [ -121.334740340378474, 42.984664344531247 ], [ -121.348282080897206, 42.935430771587775 ], [ -121.304575680146286, 42.945763853986946 ], [ -121.170566806608562, 42.879381603975368 ], [ -121.021179766203545, 42.881916448655211 ], [ -120.957409834735003, 42.840391630179496 ], [ -120.836980236867944, 42.83655131600851 ], [ -120.837888605333148, 42.766323324735019 ], [ -120.725081209813169, 42.6452362860148 ], [ -120.801315897562148, 42.61965603861421 ], [ -120.765792117523091, 42.551536838355894 ], [ -120.870112764412909, 42.482608319654268 ], [ -120.769251412227504, 42.483646305654531 ], [ -120.775792932879554, 42.446392718897641 ], [ -120.673489724637719, 42.348066840661936 ], [ -120.595465557179665, 42.380842415154781 ], [ -120.54491788891508, 42.364282576703637 ], [ -120.46005737535468, 42.432488309113069 ], [ -120.346615602516792, 42.376722095741428 ], [ -120.322792708986626, 42.309364323624727 ], [ -120.260449362241644, 42.276190971027766 ], [ -120.301143939954116, 42.230526133345023 ], [ -120.240604863059531, 42.130350819188145 ], [ -120.209262949867721, 41.992060202385126 ], [ -119.957294091169928, 41.867832205576541 ], [ -119.937972595916293, 41.813433279774358 ], [ -119.870624800920325, 41.821997982156716 ], [ -119.917606095433371, 41.768895474304095 ], [ -119.893354848524467, 41.701565656375635 ], [ -119.918394895062022, 41.621487584193694 ], [ -119.888054323559842, 41.592077654893174 ], [ -119.933179842237678, 41.545997207422161 ], [ -119.93501584711467, 41.507544415233689 ], [ -119.897377152299029, 41.49056920890159 ], [ -119.940278294704271, 41.454628488130332 ], [ -119.951798184176099, 41.360782129612566 ], [ -119.899309617229179, 41.31281125781873 ], [ -119.953396403604998, 41.208087413935459 ], [ -119.902311261286471, 41.150787027205823 ], [ -119.856068526242353, 41.152663262701623 ], [ -119.850749716115018, 41.117257207662078 ], [ -119.997364437083419, 41.077990547314904 ], [ -120.043759143492835, 41.105774017477771 ], [ -120.1354735685252, 41.033771595090798 ], [ -120.048523313758267, 40.933486001593678 ], [ -119.932367056063811, 40.890112968698965 ], [ -119.966380791897649, 40.773738699595832 ], [ -119.938597261233255, 40.718754048324236 ], [ -119.985412816396703, 40.7045136611045 ], [ -120.11308714530999, 40.773780540121393 ], [ -120.244454924319655, 40.741096125873071 ], [ -120.201008702417866, 40.718891549186758 ], [ -120.189150504957624, 40.649113213536403 ], [ -120.106723704029832, 40.623090530551089 ], [ -120.123762790990099, 40.565243278878341 ], [ -120.072656039544711, 40.53468519858388 ], [ -120.07304047093848, 40.497474114258203 ], [ -119.938809477115939, 40.474075872535757 ], [ -119.910532272184724, 40.392636196452116 ], [ -119.948239735460817, 40.352859879632426 ], [ -119.923077783793232, 40.283099025745472 ], [ -119.876095209585159, 40.24396042689856 ], [ -119.810734608138361, 40.274029381015644 ], [ -119.72863389466157, 40.227612823446265 ], [ -119.792182488834868, 40.218807369774005 ], [ -119.802185261314918, 40.151068912247247 ], [ -119.746033746773705, 39.993908191906826 ], [ -119.853939886088583, 39.94578602709251 ], [ -119.767059809068101, 39.875196815284191 ], [ -119.817631024053753, 39.722377119471965 ], [ -119.759770802900192, 39.676425719608851 ], [ -119.807762909780394, 39.603081305204711 ], [ -119.898181738120996, 39.570138298693749 ], [ -120.062926059787515, 39.601541019161559 ], [ -120.305821817146054, 39.497601247495808 ], [ -120.438239237994438, 39.514922156720779 ], [ -120.46492214138209, 39.437164295322773 ], [ -120.3665541743175, 39.420582299197513 ], [ -120.326671385424362, 39.288526360114034 ], [ -120.263861401672415, 39.222943076513161 ], [ -120.287209850182904, 39.198240134482042 ], [ -120.246184517058794, 39.174854267286207 ], [ -120.252450424897845, 39.084099202813611 ], [ -120.19997760461834, 39.063462181213623 ], [ -120.193337100159226, 38.993184075598421 ], [ -120.141156010660822, 38.965660075882241 ], [ -120.152750053966287, 38.884888910447273 ], [ -120.099409695573655, 38.829917019699366 ], [ -120.029461915930455, 38.822466600854568 ], [ -120.051496338029594, 38.74083778541312 ], [ -119.907637479757057, 38.596032993564627 ], [ -119.847935413096138, 38.597574831923545 ], [ -119.729222373054114, 38.443258217127834 ], [ -119.680238194046979, 38.440356434890973 ], [ -119.628379367009046, 38.349732113165196 ], [ -119.651484687943153, 38.2864311084913 ], [ -119.605339627546329, 38.23879318344143 ], [ -119.630748471099622, 38.20033743019917 ], [ -119.577316280702291, 38.157805147583971 ], [ -119.509237013693493, 38.137001859494006 ], [ -119.496133279642919, 38.157207672896241 ], [ -119.463995014092959, 38.098383803730684 ], [ -119.398104661624302, 38.106817545973925 ], [ -119.307579005989453, 38.030151694116512 ], [ -119.262603513491925, 38.035535197470054 ], [ -119.078919060470383, 38.151509339688999 ], [ -119.082668480307163, 38.224600991483477 ], [ -118.97897516465558, 38.192584220605326 ], [ -118.921694160506519, 38.251593730702702 ], [ -118.803675998373549, 38.278697812508135 ], [ -118.768246254777935, 38.320941811492396 ], [ -118.693482865629349, 38.290832042842588 ], [ -118.66438468320041, 38.309329004294057 ], [ -118.704909903966808, 38.204197118290971 ], [ -118.667549691632345, 38.178167508657012 ], [ -118.699028529444391, 38.151636387700982 ], [ -118.656880211611053, 38.116656149521205 ], [ -118.704424335692863, 38.098801465504629 ], [ -118.725041406105646, 38.017810760734491 ], [ -118.519487504583651, 38.032807288459367 ], [ -118.527723759910245, 37.986973322559585 ], [ -118.497513441788641, 37.964448787528639 ], [ -118.469405044366923, 37.992945458851821 ], [ -118.301234632558575, 37.962935481846053 ], [ -118.30766733883398, 37.890748813260558 ], [ -118.357743703496411, 37.831175307482354 ], [ -118.234714523238722, 37.621796574172443 ], [ -118.248784178515066, 37.57567842830764 ], [ -118.211500137235106, 37.502171120829956 ], [ -118.101445007951853, 37.511756943253289 ], [ -118.039043708884648, 37.448080710228083 ], [ -117.916895449248329, 37.433862904265069 ], [ -117.843674694734304, 37.382940379327124 ], [ -117.707146768746725, 37.395330159536961 ], [ -117.603844954957836, 37.361923870229496 ], [ -117.555159006321361, 37.412065922292648 ], [ -117.489148384554809, 37.314427456274288 ], [ -117.297791453309415, 37.318237236241643 ], [ -117.26358323531575, 37.289831055980969 ], [ -117.293242283057282, 37.254748244380146 ], [ -117.123781972032035, 37.201136361119893 ], [ -117.150664335935019, 37.001015696434401 ], [ -117.085725161353054, 36.923094783068848 ], [ -117.002582649336105, 36.960263503815909 ], [ -116.835898153721075, 36.94446534600484 ], [ -116.800499426778288, 37.020047866864779 ], [ -116.816880493139678, 37.087048432487656 ], [ -116.756230290476267, 37.11363971740915 ], [ -116.725243864097379, 37.172474841387242 ], [ -116.745606265540715, 37.254822327408569 ], [ -116.701739498407647, 37.304069740767474 ], [ -116.620055810580823, 37.297116787556099 ], [ -116.616529974833611, 37.334137888251334 ], [ -116.557893603246882, 37.283337122835491 ], [ -116.484651944271448, 37.312950806562469 ], [ -116.387314845325108, 37.226194209355832 ], [ -116.3418511366975, 37.241323955476638 ], [ -116.325301268081759, 37.202942222012425 ], [ -116.24435621987152, 37.22834737366059 ], [ -116.205892456908828, 37.190285388631679 ], [ -116.211833686654742, 37.099991601403829 ], [ -116.250027255020001, 37.085979406792767 ], [ -116.215705620787105, 37.021000014967903 ], [ -116.255595519504354, 36.945981397172496 ], [ -116.213000681024496, 36.937164218635246 ], [ -116.229063146063254, 36.905900801481614 ], [ -116.161074022657587, 36.850907604572654 ], [ -116.157774224361873, 36.779684701229307 ], [ -116.072135315711961, 36.69296977005947 ], [ -115.903330226144163, 36.66080688814646 ], [ -115.971939122740565, 36.561938244348596 ], [ -115.967761144718153, 36.465990225516613 ], [ -116.101638812822799, 36.407280335869913 ], [ -116.086411551595489, 36.318995519833059 ], [ -116.225319669318708, 36.299862615659478 ], [ -116.256504582439149, 36.267013143083368 ], [ -116.221354515751671, 36.240971977305996 ], [ -116.22549505171456, 36.186590892189088 ], [ -116.068510241709873, 36.003036356506335 ], [ -115.973571647329976, 35.956962494207367 ], [ -115.974705459217716, 35.908273994678879 ], [ -115.877117335416699, 35.819358532853947 ], [ -115.900566294942109, 35.746502997258112 ], [ -115.673561579434306, 35.695370470272607 ], [ -115.590068001106147, 35.572910624392463 ], [ -115.557440411767402, 35.570149841273441 ], [ -115.57705850119126, 35.52958149813049 ], [ -115.547143985599519, 35.452731441639607 ], [ -115.478306813578754, 35.43447217251687 ], [ -115.515539251828926, 35.331947543508328 ], [ -115.573191313128035, 35.277401641081632 ], [ -115.416573110549507, 35.206612635833359 ], [ -115.365267000008572, 35.257926027031019 ], [ -115.312699222009414, 35.260444614432039 ], [ -115.304084338881879, 35.174206512698106 ], [ -115.101997602456038, 35.077851702228131 ], [ -115.160867746294272, 35.052032097893637 ], [ -115.089828671459799, 34.996339758108206 ], [ -115.055507453263644, 34.91109911540152 ], [ -114.883259249706839, 34.863758558474373 ], [ -114.804109023378885, 34.76568202876517 ], [ -114.802085487388965, 34.724422182216557 ], [ -114.875231785417952, 34.622494052199585 ], [ -114.872179570782592, 34.450795364909553 ], [ -114.824105842310928, 34.392153607186074 ], [ -114.87148125565875, 34.311303336574305 ], [ -114.810660100066386, 34.248950440171917 ], [ -114.810908972476795, 34.206065286880424 ], [ -114.656099544898638, 34.078450521229179 ], [ -114.652638201307724, 33.96026660402611 ], [ -114.619768743183855, 33.921267579308484 ], [ -114.672878309288322, 33.86429589437887 ], [ -114.830119346911331, 33.875411469631523 ], [ -114.891101003004309, 33.794467272377396 ], [ -114.918531882648466, 33.79875907864237 ], [ -114.905775539056876, 33.742164140998433 ], [ -114.826014873761622, 33.661345505430759 ], [ -114.811195519682258, 33.535927839993114 ], [ -114.92816414922963, 33.390097422261981 ], [ -115.046617341254077, 33.382417956456777 ], [ -115.246530584410465, 33.429444502308677 ], [ -115.258544472449927, 33.489431465565637 ], [ -115.301203976128562, 33.515728015928381 ], [ -115.329145661513877, 33.521389486731998 ], [ -115.3359654641162, 33.483030400353051 ], [ -115.216322701846167, 33.310221874793726 ], [ -115.227474754592308, 33.223392370911519 ], [ -115.01608757181495, 33.133588700136876 ], [ -114.960498949571871, 33.14751253509116 ], [ -114.855745160393511, 33.107415498119536 ], [ -114.815322172173452, 33.042336978855971 ], [ -114.751991365458821, 33.017162622460432 ], [ -114.741687309998042, 32.968689039913954 ], [ -114.715170060763739, 32.972098986710286 ], [ -114.803428957898348, 32.891282342518956 ], [ -114.732390989428964, 32.813774407830117 ], [ -114.748862271707864, 32.682512122933971 ], [ -114.846792670583341, 32.637070409088963 ], [ -114.865801598004055, 32.561081616634738 ], [ -114.97159459795472, 32.503444647140199 ], [ -115.155965291143687, 32.471749504287345 ], [ -115.178815057791695, 32.494864026072015 ], [ -115.421779575301272, 32.345291820923137 ], [ -115.668115534867638, 32.565121309188086 ], [ -115.720888094903046, 32.571667280713896 ], [ -115.721977466540807, 32.618110754495149 ], [ -115.843924773164858, 32.621264309047888 ], [ -115.931649805802081, 32.5540384868251 ], [ -115.916364773649363, 32.364128204480572 ], [ -115.971986846440714, 32.256306817915934 ], [ -115.89800853419446, 32.164475274714 ], [ -115.913979153726856, 32.138018534380272 ], [ -116.152770805310709, 32.165533500700846 ], [ -116.309145412676884, 32.256499807435084 ], [ -116.376112484039467, 32.175971055559572 ], [ -116.457812912241124, 32.216561919475673 ], [ -116.503448545370574, 32.190432665880707 ], [ -116.590721695856345, 32.208939370872969 ], [ -116.680532593613378, 32.259615482601475 ], [ -116.692992540484454, 32.310989141412222 ], [ -116.845356161078968, 32.319859103060125 ], [ -117.022781134443946, 32.4762557219535 ], [ -117.100601209834764, 32.515795852299348 ], [ -117.184668554235216, 32.515312642480325 ], [ -117.201005791084214, 32.620343199848868 ], [ -117.26764340290886, 32.617481003779432 ], [ -117.303354857512829, 32.654784710205035 ], [ -117.34257849260031, 32.830374838427048 ], [ -117.314804495944671, 32.896212866437892 ], [ -117.38186133683395, 33.097785660717648 ], [ -117.532976975048996, 33.281339752866216 ], [ -118.108206289445661, 33.675454470238343 ], [ -118.300550388357877, 33.654598676338679 ], [ -118.452091803709195, 33.700776541952045 ], [ -118.489088124296472, 33.772018854582882 ], [ -118.461811597801756, 33.851347785582028 ], [ -118.559325895914739, 33.987567596910132 ], [ -118.81269002926652, 33.948418913926183 ], [ -119.139759732339584, 34.047727335867584 ], [ -119.274375439878426, 34.120219027264071 ], [ -119.328570511657929, 34.22602410724663 ], [ -119.609167902998919, 34.368745906832508 ], [ -119.883724399926834, 34.356424260998295 ], [ -120.141817605566402, 34.42246552644616 ], [ -120.466213932738441, 34.392885253957175 ], [ -120.522252114592732, 34.41800059897966 ], [ -120.563868562467107, 34.491721239098645 ], [ -120.688295303213891, 34.531755347368836 ], [ -120.71270106472646, 34.577130317807573 ], [ -120.665172184632809, 34.696990036774288 ], [ -120.701634827545334, 34.751561323704458 ], [ -120.673481653571329, 34.836010773697524 ], [ -120.733533039068718, 34.901210054436945 ], [ -120.691970104518546, 35.098667660938396 ], [ -120.796479911139969, 35.114001636604613 ], [ -120.929605010126636, 35.192478453824549 ], [ -120.964489628887705, 35.251243500793265 ], [ -120.932363056007119, 35.393810187488519 ], [ -121.040356748111989, 35.419383523673524 ], [ -121.202297930339256, 35.585445944641023 ], [ -121.332022101812669, 35.628989335869797 ], [ -121.391434480838754, 35.756818041558233 ], [ -121.528790488919995, 35.866393522510194 ], [ -121.555619195085612, 35.964251088147371 ], [ -121.619038030571588, 35.985816767525641 ], [ -121.719917583316345, 36.124519561133219 ], [ -121.956075582797496, 36.279007144524492 ], [ -122.042668451452457, 36.577184917378673 ], [ -122.001598025524174, 36.648746761645405 ], [ -122.075202686034302, 36.898489629124278 ], [ -122.265840603426597, 36.986596865701692 ], [ -122.459238164442937, 37.16463014940404 ], [ -122.485525056227544, 37.240888897827212 ], [ -122.467934802552776, 37.345223959191884 ], [ -122.583739472679582, 37.519430480923219 ], [ -122.55750259469724, 37.652125491183661 ], [ -122.580628195943305, 37.7846324258443 ], [ -122.767734544683975, 37.863407692596866 ], [ -122.890516542217384, 37.973820603080128 ], [ -122.959905732573489, 37.939087458484806 ], [ -123.074398183214228, 37.964476539263558 ], [ -123.086306552346656, 38.007134507640529 ], [ -123.014970938031396, 38.148242436585072 ], [ -123.136376190936275, 38.30120980414717 ], [ -123.13430485851859, 38.348064643572243 ], [ -123.218711994520035, 38.440513492768936 ], [ -123.378541756794476, 38.528542192910926 ], [ -123.504990776258111, 38.676092483618802 ], [ -123.786222003771869, 38.900018893453819 ], [ -123.810304285732528, 38.964387058964981 ], [ -123.762277468488733, 39.044844591165095 ], [ -123.893772060591957, 39.343105349370134 ], [ -123.83870364071943, 39.545655680586364 ], [ -123.912840327333697, 39.799351592665637 ], [ -124.129083428900728, 39.993822222747859 ], [ -124.148783104953608, 40.055648684178422 ], [ -124.422385159220653, 40.221461803143171 ], [ -124.43272426856079, 40.35479613235389 ], [ -124.531158534105074, 40.431534901280379 ], [ -124.245628868540706, 40.851982578227791 ], [ -124.18503555375878, 40.999732088028757 ], [ -124.232366506833159, 41.047217369971129 ], [ -124.251640066438128, 41.136634969145071 ], [ -124.196308519319956, 41.18671587606687 ], [ -124.160388018583689, 41.286420438798039 ], [ -124.225228130522439, 41.305385583328935 ], [ -124.244337274481339, 41.345979839571015 ], [ -124.201035548775891, 41.387776925569554 ], [ -124.137819603896403, 41.380415010668941 ], [ -124.13578491323814, 41.463961482384939 ], [ -124.212115764218936, 41.684215223399015 ], [ -124.392843396232294, 41.770989540620228 ], [ -124.44314365013301, 41.835002458324219 ], [ -124.3846039251885, 41.886969241793821 ], [ -124.285134999180187, 41.859552155493382 ], [ -124.287626200397725, 41.948750256016851 ] ] ], [ [ [ -123.170969457322585, 37.77205075218572 ], [ -123.139267351044055, 37.815866625922133 ], [ -123.079828692855372, 37.818330588010404 ], [ -122.952558760842209, 37.735052370899119 ], [ -122.938641395114431, 37.682983327430676 ], [ -122.976912432752499, 37.648030449607816 ], [ -123.033809109685393, 37.649184348013968 ], [ -123.170969457322585, 37.77205075218572 ] ] ], [ [ [ -120.580373852357553, 34.102290968531698 ], [ -120.540502086978719, 34.149623986455616 ], [ -120.457363609610127, 34.110035762429476 ], [ -120.39803045450914, 34.155224913701666 ], [ -120.256198294395148, 34.057760500779146 ], [ -120.059592035679472, 34.087950740790582 ], [ -119.990322715823169, 34.06066965365698 ], [ -119.925358132878472, 34.12813001353183 ], [ -119.657535542534745, 34.069913986178321 ], [ -119.561735388123296, 34.106002017567725 ], [ -119.468580498003845, 34.060077185495921 ], [ -119.334490566181216, 34.063992579717493 ], [ -119.295166722981733, 34.014916536725657 ], [ -119.372652023287486, 33.954531953800434 ], [ -119.492587814781487, 33.983310399328438 ], [ -119.713061252605399, 33.909193415247714 ], [ -119.836096289950603, 33.900313181481316 ], [ -119.906972001587235, 33.938118976728944 ], [ -119.93782269252668, 33.89838051484346 ], [ -120.124846998195324, 33.844148978703835 ], [ -120.21690779801547, 33.883166627105275 ], [ -120.298623789403663, 33.970068086984973 ], [ -120.487548141690311, 33.98678850343439 ], [ -120.580373852357553, 34.102290968531698 ] ] ], [ [ [ -119.755614220250536, 33.362162677287493 ], [ -119.696363312507444, 33.412850311301902 ], [ -119.635443317287624, 33.36241031043604 ], [ -119.692455010718604, 33.312000058754052 ], [ -119.755614220250536, 33.362162677287493 ] ] ], [ [ [ -119.663933252800263, 33.277837794869264 ], [ -119.62856384530528, 33.323613627993254 ], [ -119.517623818675673, 33.33766761447712 ], [ -119.380037608463468, 33.264875871339811 ], [ -119.362739053967061, 33.218754769173309 ], [ -119.42044145079106, 33.17226122374727 ], [ -119.510623430752176, 33.169691459252647 ], [ -119.585530049562394, 33.194918108323613 ], [ -119.663933252800263, 33.277837794869264 ] ] ], [ [ [ -119.109718746963438, 33.463860186765181 ], [ -119.053734779020459, 33.535131768789697 ], [ -118.969768189671271, 33.500441950901724 ], [ -118.974484957518996, 33.449724952712394 ], [ -119.016319736575326, 33.417296965616188 ], [ -119.079561028345822, 33.419726659320972 ], [ -119.109718746963438, 33.463860186765181 ] ] ], [ [ [ -118.673734277423151, 33.034215480477229 ], [ -118.635539047399192, 33.081047442929176 ], [ -118.539115353331695, 33.074088680420651 ], [ -118.300283058730443, 32.850378310991751 ], [ -118.296315077572316, 32.79517733520386 ], [ -118.415224787171894, 32.749261531056931 ], [ -118.470266194631961, 32.76164625650955 ], [ -118.552888818814452, 32.825543976291698 ], [ -118.673734277423151, 33.034215480477229 ] ] ], [ [ [ -118.666774220918413, 33.47924764519491 ], [ -118.632272996365273, 33.524659323931274 ], [ -118.53032320923343, 33.527143681989592 ], [ -118.342805027141083, 33.453985503588257 ], [ -118.256816031945476, 33.358149945583307 ], [ -118.249880406535254, 33.288543995531043 ], [ -118.327066735809396, 33.246494218240088 ], [ -118.49473911461736, 33.281691048095119 ], [ -118.545397636434288, 33.378762240228646 ], [ -118.617354382857741, 33.405042272684355 ], [ -118.666774220918413, 33.47924764519491 ] ] ] ] } },
{ "type": "Feature", "properties": { "huc2": "16", "name": "Great Basin Region" }, "geometry": { "type": "Polygon", "coordinates": [ [ [ -119.917606095433371, 41.768895474304095 ], [ -119.840436808403908, 41.893986832221458 ], [ -119.805954330783436, 41.865113086257516 ], [ -119.732428265817873, 41.877724552910799 ], [ -119.7361280438178, 41.964992504432793 ], [ -119.713912658530134, 41.969390274854767 ], [ -119.624795928186629, 41.835913857974695 ], [ -119.637291422426571, 41.796870361071974 ], [ -119.522728986584283, 41.762933958497015 ], [ -119.50221231090849, 41.693666091656702 ], [ -119.529482319505973, 41.663459646100421 ], [ -119.452916292296706, 41.585018345410177 ], [ -119.388036790723959, 41.647998729699026 ], [ -119.326124451214611, 41.609775633351042 ], [ -119.270102802978897, 41.659116797336424 ], [ -119.28251230627572, 41.693339866116666 ], [ -119.230381141754165, 41.719381656492658 ], [ -119.303105410418254, 41.755285229788925 ], [ -119.273610457184077, 41.831212365744804 ], [ -119.348482377739998, 41.84376742228558 ], [ -119.330931687011201, 41.884178653256392 ], [ -119.360433689648815, 41.911883878298497 ], [ -119.322232011014677, 41.913778849507011 ], [ -119.328805467089495, 41.950353962777704 ], [ -119.284241943831802, 41.9857835639095 ], [ -119.080857055716876, 41.939161465191511 ], [ -119.111775724042374, 41.978917853695108 ], [ -119.078592075862915, 41.993230995999717 ], [ -119.044122023658616, 42.104822747735888 ], [ -118.999203134923434, 42.126145578150265 ], [ -118.963964858552913, 42.211353592419883 ], [ -118.897650219801022, 42.245627285695079 ], [ -118.882826264416025, 42.295081722297056 ], [ -118.792413627003853, 42.262146188655343 ], [ -118.704241023131388, 42.100086004635081 ], [ -118.732642992054082, 41.931895940401233 ], [ -118.677313168820888, 41.887025730616713 ], [ -118.666240069517116, 41.810376746883527 ], [ -118.610656611967073, 41.827502007908485 ], [ -118.560537465290764, 41.916767276256266 ], [ -118.455975599160638, 41.870144863020137 ], [ -118.410301450727445, 41.88541184181144 ], [ -118.421551061402766, 41.916543249171504 ], [ -118.318485112688478, 41.967950925969333 ], [ -118.29160090927833, 42.019311597853992 ], [ -118.233485007481647, 41.999748679963496 ], [ -118.253455410293924, 42.054402712852479 ], [ -118.231109925543024, 42.069230509882786 ], [ -118.091985692395383, 42.115107309359743 ], [ -117.986628726455066, 42.112281104606581 ], [ -118.020244873253191, 42.263110591207273 ], [ -117.9730150542742, 42.344126845456479 ], [ -117.918082744474503, 42.308322580780114 ], [ -117.875414451948629, 42.318291508126912 ], [ -117.854358839240575, 42.281795744644263 ], [ -117.691712072012521, 42.327832312333179 ], [ -117.659408972506981, 42.306125150803958 ], [ -117.662059456954026, 42.232082021193285 ], [ -117.610222075154326, 42.19149155622798 ], [ -117.592304882991598, 42.089743533924917 ], [ -117.334837135414261, 41.963159489104157 ], [ -117.295822038614489, 41.769088718315963 ], [ -117.216917321988433, 41.721108180254404 ], [ -117.159604087445814, 41.723977545823033 ], [ -117.068252551847394, 41.62043533830068 ], [ -116.795495656746368, 41.632225290254709 ], [ -116.735340362042095, 41.575806806310482 ], [ -116.741600227794564, 41.483725477291152 ], [ -116.669362890939212, 41.45764743533001 ], [ -116.620332930111104, 41.377691613644394 ], [ -116.511008725658883, 41.430386807973782 ], [ -116.503659101328324, 41.406785017000097 ], [ -116.357885173902304, 41.387962899569729 ], [ -116.322655922114919, 41.352117724492437 ], [ -116.342545482875778, 41.305403453919126 ], [ -116.30406047607714, 41.262023060013377 ], [ -116.304028131786168, 41.178520415195656 ], [ -116.206568443714588, 41.127945129503274 ], [ -116.111539029767258, 41.222310008574702 ], [ -115.991239442960222, 41.234268265601514 ], [ -116.01447216324641, 41.309970084231367 ], [ -115.958521288214413, 41.385776842902871 ], [ -116.006503760672175, 41.482196295763394 ], [ -115.966993131404493, 41.53820533317068 ], [ -116.008956727129828, 41.578282070336904 ], [ -115.984017360724039, 41.604534819834534 ], [ -115.820789387989748, 41.554760310352727 ], [ -115.766283078818176, 41.497531540156224 ], [ -115.721759845396235, 41.5071861595166 ], [ -115.737364380887925, 41.54494665164647 ], [ -115.689017922431745, 41.615176844403265 ], [ -115.619572065871395, 41.625173624967651 ], [ -115.595662535976558, 41.54117003484734 ], [ -115.535987068044918, 41.516467638084613 ], [ -115.452817600415997, 41.399792272014892 ], [ -115.409271142904771, 41.405799626084111 ], [ -115.35660677015008, 41.525677303100991 ], [ -115.410494854395267, 41.558569097762536 ], [ -115.426051923338534, 41.784638438087988 ], [ -115.347675495986721, 41.75949798354533 ], [ -115.329459153524596, 41.69146840882275 ], [ -115.19821106903477, 41.670809474474311 ], [ -115.126301973889284, 41.582563698986149 ], [ -115.047118814676224, 41.560686751376657 ], [ -114.995639753532828, 41.45980259000499 ], [ -114.91758613285883, 41.433783340021364 ], [ -114.775109855721936, 41.497239463029672 ], [ -114.684139830887688, 41.497045135344145 ], [ -114.623361686927581, 41.660088958718305 ], [ -114.493011377924219, 41.737571723268658 ], [ -114.485636475693269, 41.827027062841601 ], [ -114.445820577296544, 41.849889768077354 ], [ -114.322738498575532, 41.767792414883637 ], [ -114.250999687859718, 41.677190329856764 ], [ -114.19568870328618, 41.715644711901589 ], [ -114.073202724381375, 41.692928001440741 ], [ -114.044100032652238, 41.793609998134507 ], [ -113.954690310822997, 41.790235265378158 ], [ -113.944155545907677, 41.842618130934284 ], [ -113.872232504049094, 41.892203818945113 ], [ -113.780133651171312, 41.856167184970118 ], [ -113.709819436677321, 41.750153373445272 ], [ -113.676523400757759, 41.77249462442726 ], [ -113.668807084873819, 41.85529541342941 ], [ -113.633919459577257, 41.873032491185782 ], [ -113.552159049265086, 41.862088559325166 ], [ -113.261611413522985, 41.922995798216427 ], [ -113.138841731613653, 42.029837241662186 ], [ -113.143297827877348, 42.071850491046206 ], [ -113.102972604558303, 42.108633569174046 ], [ -113.12510420520114, 42.152338925741255 ], [ -113.020149201097709, 42.220145068863282 ], [ -112.817225268729473, 42.268107775249668 ], [ -112.79917571843346, 42.341042799450214 ], [ -112.723679196224182, 42.360014204717615 ], [ -112.696242834916418, 42.462223443476439 ], [ -112.656037682960502, 42.471133716537622 ], [ -112.655610577647124, 42.384807652058527 ], [ -112.52995514275139, 42.363005424463836 ], [ -112.453650463431813, 42.556930320222563 ], [ -112.367074898296522, 42.45404345605904 ], [ -112.297380212399986, 42.45415944932229 ], [ -112.326906554000871, 42.323709907319191 ], [ -112.190601326292125, 42.347657067596366 ], [ -112.097902098668413, 42.269533427539926 ], [ -112.0723426210089, 42.351988178703365 ], [ -111.987935473931216, 42.373150480895127 ], [ -111.961834703892706, 42.414267767350381 ], [ -111.978465364990839, 42.475504199429096 ], [ -111.937853165430965, 42.543963064248665 ], [ -111.656582250626428, 42.691607267109084 ], [ -111.720047941806413, 42.757904473271346 ], [ -111.658618628814864, 42.855762321626308 ], [ -111.591922399546377, 42.778692145973672 ], [ -111.524120505967673, 42.785008655229952 ], [ -111.454966247794729, 42.654492149284181 ], [ -111.335414180343079, 42.566609422968376 ], [ -111.279353148411218, 42.552913795858196 ], [ -111.241159119596489, 42.60232923233567 ], [ -111.234885737702413, 42.478289541248309 ], [ -110.994592410043595, 42.503148428953239 ], [ -110.958276126352473, 42.542854372921383 ], [ -110.86017549543709, 42.486657676256492 ], [ -110.749930458880186, 42.604167993513443 ], [ -110.634149504124167, 42.368471027330543 ], [ -110.793707588889248, 42.323077632894488 ], [ -110.802775901974471, 41.962236572818178 ], [ -110.672259502479065, 41.91073996167534 ], [ -110.598514323135348, 41.82286293764038 ], [ -110.62163377999471, 41.737476354965004 ], [ -110.672196209834169, 41.688466579559801 ], [ -110.854335185664141, 41.70866721381509 ], [ -110.924882825004175, 41.633537588549999 ], [ -110.867299606402284, 41.493946481509653 ], [ -110.909202753512986, 41.355110735560181 ], [ -110.82179700132474, 41.364770276215076 ], [ -110.839486404473874, 41.29506306111103 ], [ -110.802844112365534, 41.274363877225262 ], [ -110.81360138826993, 41.204110056818166 ], [ -110.771301089953397, 41.210809066773074 ], [ -110.77498164034111, 41.172955533506155 ], [ -110.735215429128189, 41.190564527259461 ], [ -110.704319481334224, 41.163227395537838 ], [ -110.746217422483284, 41.061470509441079 ], [ -110.70416488306148, 41.031466074232128 ], [ -110.730549817191786, 40.97689596855961 ], [ -110.666567725266603, 40.934054055818052 ], [ -110.709097214211099, 40.868797984799095 ], [ -110.684347277777093, 40.760259850354721 ], [ -110.80653675510105, 40.711625216083405 ], [ -110.891479492636208, 40.728403168926079 ], [ -110.933028119260712, 40.587153601110501 ], [ -110.978114796950607, 40.572062995511885 ], [ -110.922250050106342, 40.51978944623913 ], [ -111.140408096994094, 40.463065276383496 ], [ -111.185581120713167, 40.405827978093726 ], [ -111.223726917183669, 40.418679061132337 ], [ -111.24687396560833, 40.304417164277083 ], [ -111.313468403942281, 40.287152333865947 ], [ -111.225150570147505, 40.166122684116473 ], [ -111.245620868545032, 40.046622562842082 ], [ -111.205142992138221, 40.047975449528202 ], [ -111.083146785973213, 39.926509157025031 ], [ -111.14903798225636, 39.893218753614164 ], [ -111.181394190224367, 39.793946227417273 ], [ -111.317345673546413, 39.858598896834934 ], [ -111.357275295846378, 39.831259224974126 ], [ -111.296532133325471, 39.537748536493922 ], [ -111.320329884915267, 39.456744185613928 ], [ -111.444072532531038, 39.351269715650673 ], [ -111.444983904549332, 39.255145130865507 ], [ -111.483321957190327, 39.214791172335978 ], [ -111.51177975039819, 39.029450070009929 ], [ -111.44059880357986, 38.959774905914863 ], [ -111.498690838963029, 38.908552523838132 ], [ -111.47030350400955, 38.869642071704973 ], [ -111.475726363283314, 38.793616339097944 ], [ -111.689308567725419, 38.710914493649362 ], [ -111.77179140311722, 38.558205585677719 ], [ -111.762865313715267, 38.525384504751422 ], [ -111.816515745831339, 38.485745258034115 ], [ -111.895033891950348, 38.323212608234272 ], [ -111.850025644416192, 38.208103858520388 ], [ -111.892792164718031, 38.133681372089995 ], [ -111.714868404549364, 38.069578663955518 ], [ -111.727675687288809, 37.964568998813334 ], [ -111.746918104854103, 37.93890146448814 ], [ -111.799909372645246, 37.967358056361007 ], [ -111.893224917694681, 37.912518990493048 ], [ -111.874691552195983, 37.728841228501025 ], [ -111.98961995349238, 37.70425817711893 ], [ -112.042573357159554, 37.738127744524711 ], [ -112.135604770429595, 37.685897459095202 ], [ -112.171015263559866, 37.620670457666641 ], [ -112.154023744181529, 37.596590067827471 ], [ -112.235935017535567, 37.585106983788087 ], [ -112.266644151341694, 37.442477988273858 ], [ -112.383427490156478, 37.404624614547735 ], [ -112.385918008079472, 37.502229452609541 ], [ -112.474624811287356, 37.471777023220554 ], [ -112.56857243770456, 37.496711040859516 ], [ -112.646908941014601, 37.405099074326735 ], [ -112.691670416381513, 37.412742940022994 ], [ -112.73018226850597, 37.491546812197463 ], [ -112.815374561539457, 37.514793720017096 ], [ -112.867096236360013, 37.589410356329466 ], [ -112.939762049842955, 37.569597421413192 ], [ -112.97166955870496, 37.597224874306519 ], [ -113.07811542128087, 37.525975597764919 ], [ -113.185683280257479, 37.563769126211909 ], [ -113.271730358129844, 37.539361028208248 ], [ -113.342007585857445, 37.584222829662892 ], [ -113.37930625234803, 37.516295725944438 ], [ -113.487467024008041, 37.451121750423177 ], [ -113.572196955377521, 37.458386434695782 ], [ -113.651034457305173, 37.513118635674985 ], [ -113.716330289375577, 37.469447262851084 ], [ -113.807823617977974, 37.513731466667238 ], [ -113.844233580106945, 37.47430201885247 ], [ -113.918402503519758, 37.476364901563876 ], [ -113.987800923140156, 37.535389904878002 ], [ -113.986964219779978, 37.572265066278291 ], [ -114.060159982911273, 37.603769968313038 ], [ -114.046023397882124, 37.650592796901783 ], [ -114.087783230593118, 37.670009520016464 ], [ -114.144560281565589, 37.643749546222395 ], [ -114.222720824153399, 37.705952546781027 ], [ -114.18917596010138, 37.786061863150074 ], [ -114.126282085236269, 37.814642585540447 ], [ -114.11978547154493, 37.886425675456294 ], [ -114.043695251138431, 37.938576531560919 ], [ -114.046553939313625, 38.106836899107726 ], [ -114.111940874109422, 38.271823078042978 ], [ -114.233099966330258, 38.300841429833675 ], [ -114.295457692381049, 38.383348536536637 ], [ -114.337191881756993, 38.357760049267235 ], [ -114.371227171615047, 38.231101069240239 ], [ -114.403135326644218, 38.275550920939516 ], [ -114.646842464924077, 38.291292131822829 ], [ -114.674359335583219, 38.202673212191591 ], [ -114.634246958629461, 38.172382380568386 ], [ -114.596427729777446, 38.053190021535407 ], [ -114.555986690405831, 37.713230283224362 ], [ -114.639668047260926, 37.711798554172567 ], [ -114.685372124999191, 37.590466299499546 ], [ -114.718613695658831, 37.576142490114172 ], [ -114.735544411570032, 37.532272039618945 ], [ -114.689194547918731, 37.429995053101436 ], [ -114.770451061127176, 37.262958961196105 ], [ -114.80612412518542, 37.235467182791517 ], [ -114.906410044672171, 37.271292040716943 ], [ -114.943338093495484, 37.246426958032188 ], [ -114.993925280140601, 37.293798993418093 ], [ -114.971941571541507, 37.370139599213545 ], [ -115.032542831868213, 37.516683251746905 ], [ -115.013263172118556, 37.598031034776355 ], [ -114.952711021035526, 37.668767076720911 ], [ -114.934730271099141, 37.928041243969837 ], [ -114.893912205505941, 37.977604547850248 ], [ -114.93119604072136, 38.187907198744291 ], [ -114.887272504625784, 38.213644239415096 ], [ -114.884074164339964, 38.257579672313213 ], [ -114.968336486806209, 38.325828595748447 ], [ -114.938222096009852, 38.391206626757551 ], [ -114.971403866431885, 38.421692629216025 ], [ -114.891765415143382, 38.540495373585024 ], [ -114.97342939891854, 38.676494724526307 ], [ -114.925015078321181, 38.736878169986753 ], [ -114.941464744385513, 38.775952612629304 ], [ -114.909131035550246, 38.886736554651662 ], [ -114.871568001833481, 38.901226686033915 ], [ -114.893643563179367, 39.055802988165539 ], [ -114.946482287558041, 39.197552719336187 ], [ -115.080281877475855, 39.302841072009002 ], [ -115.112579532418209, 39.210221055203974 ], [ -115.252007401863139, 39.095765090375131 ], [ -115.332239516081003, 39.074340211272606 ], [ -115.379990972147866, 39.114063849042495 ], [ -115.418448269135951, 39.089845820404484 ], [ -115.42445097513324, 38.909046530921785 ], [ -115.374194680596375, 38.913597585138703 ], [ -115.282402824532511, 38.817107800057428 ], [ -115.309877085016495, 38.795496076181799 ], [ -115.293704072849707, 38.635510478995826 ], [ -115.396522803005922, 38.50626582851752 ], [ -115.35878672379765, 38.446026996294925 ], [ -115.454702923889045, 38.405623077224256 ], [ -115.500944199215738, 38.349026169961178 ], [ -115.299905669920278, 38.251633582924164 ], [ -115.303843797249783, 38.216056824310037 ], [ -115.134751364650029, 38.103319663345957 ], [ -115.082809069048466, 38.005579716590319 ], [ -115.132497370994372, 37.970161080896752 ], [ -115.145771023482993, 37.898400871178985 ], [ -115.1908686249742, 37.882011294466061 ], [ -115.181854682017317, 37.841780673178761 ], [ -115.261410310226637, 37.807847342276133 ], [ -115.278509189195944, 37.702842125330726 ], [ -115.377743004651634, 37.680129825804535 ], [ -115.434884869527863, 37.512127210335059 ], [ -115.423710383387686, 37.458562661040872 ], [ -115.336933586465946, 37.390553075019142 ], [ -115.347067174968387, 37.323457217143989 ], [ -115.261226984953993, 37.151910365124486 ], [ -115.21769507759916, 37.170043024702927 ], [ -115.13707573381626, 37.122380269499949 ], [ -115.101696551779639, 36.83785403034549 ], [ -115.178692477092639, 36.694827341977259 ], [ -115.344902236669782, 36.747380497802091 ], [ -115.538263195210021, 36.742935919494428 ], [ -115.569794606088635, 36.624971048217873 ], [ -115.617438770171717, 36.60058263037071 ], [ -115.666781824823317, 36.503801203612234 ], [ -115.695262333082979, 36.266674354577141 ], [ -115.531504156504056, 36.184329866269849 ], [ -115.541805659132464, 36.13887913266565 ], [ -115.482888059525592, 36.044633943909957 ], [ -115.517573363064841, 35.970943959716323 ], [ -115.431577211943591, 35.955945012352281 ], [ -115.364098255064874, 35.867977037002973 ], [ -115.324355170511808, 35.901108560599766 ], [ -115.207369096597915, 35.856958292098021 ], [ -115.133964477283087, 35.88390888700841 ], [ -115.087664403672704, 35.829448121415631 ], [ -115.040595980527186, 35.879851155772116 ], [ -115.031376385183322, 35.961930744583462 ], [ -114.945135930393349, 35.955835180669503 ], [ -114.875919498867361, 35.998903822673114 ], [ -114.789154437222081, 35.943837228671313 ], [ -114.758346933670268, 35.963514345242643 ], [ -114.746349284979246, 35.906702521850953 ], [ -114.759443924944023, 35.820734558740419 ], [ -114.826931168960897, 35.726570264210302 ], [ -114.884478814008048, 35.703082431806763 ], [ -114.834343219367526, 35.655619792206551 ], [ -114.86103425050527, 35.507173834097678 ], [ -114.949341196628978, 35.501460653023386 ], [ -115.055279664789055, 35.581250032409734 ], [ -115.174699034553214, 35.564412269609683 ], [ -115.117070228660509, 35.463451402829655 ], [ -115.135398371544213, 35.400493805412907 ], [ -115.220187355258915, 35.336953841498278 ], [ -115.226513525141499, 35.29758256572466 ], [ -115.365267000008572, 35.257926027031019 ], [ -115.416573110549507, 35.206612635833359 ], [ -115.583004819659692, 35.288180316464079 ], [ -115.523620761136854, 35.31981493598942 ], [ -115.478541340837324, 35.430577233518228 ], [ -115.547143985599519, 35.452731441639607 ], [ -115.57705850119126, 35.52958149813049 ], [ -115.557440411767402, 35.570149841273441 ], [ -115.590068001106147, 35.572910624392463 ], [ -115.673561579434306, 35.695370470272607 ], [ -115.900566294942109, 35.746502997258112 ], [ -115.889475086599333, 35.837485180933463 ], [ -115.974705459217716, 35.908273994678879 ], [ -115.973571647329976, 35.956962494207367 ], [ -116.068510241709873, 36.003036356506335 ], [ -116.198170303080474, 36.143596654649066 ], [ -116.221354515751671, 36.240971977305996 ], [ -116.255364738813412, 36.251183745738452 ], [ -116.225319669318708, 36.299862615659478 ], [ -116.086411551595489, 36.318995519833059 ], [ -116.101638812822799, 36.407280335869913 ], [ -115.967761144718153, 36.465990225516613 ], [ -115.971939122740565, 36.561938244348596 ], [ -115.903330226144163, 36.66080688814646 ], [ -116.072135315711961, 36.69296977005947 ], [ -116.157774224361873, 36.779684701229307 ], [ -116.161074022657587, 36.850907604572654 ], [ -116.229063146063254, 36.905900801481614 ], [ -116.213000681024496, 36.937164218635246 ], [ -116.255595519504354, 36.945981397172496 ], [ -116.215705620787105, 37.021000014967903 ], [ -116.250027255020001, 37.085979406792767 ], [ -116.214575411664654, 37.095742835014136 ], [ -116.199926657961427, 37.155917310133141 ], [ -116.235004447584558, 37.222394435129544 ], [ -116.29741863468233, 37.231176183051971 ], [ -116.325301268081759, 37.202942222012425 ], [ -116.3418511366975, 37.241323955476638 ], [ -116.387314845325108, 37.226194209355832 ], [ -116.4802281572195, 37.311118194694174 ], [ -116.557893603246882, 37.283337122835491 ], [ -116.616529974833611, 37.334137888251334 ], [ -116.620055810580823, 37.297116787556099 ], [ -116.701739498407647, 37.304069740767474 ], [ -116.745606265540715, 37.254822327408569 ], [ -116.725243864097379, 37.172474841387242 ], [ -116.756230290476267, 37.11363971740915 ], [ -116.816880493139678, 37.087048432487656 ], [ -116.800499426778288, 37.020047866864779 ], [ -116.835898153721075, 36.94446534600484 ], [ -117.002582649336105, 36.960263503815909 ], [ -117.085725161353054, 36.923094783068848 ], [ -117.150664335935019, 37.001015696434401 ], [ -117.123781972032035, 37.201136361119893 ], [ -117.293242283057282, 37.254748244380146 ], [ -117.26358323531575, 37.289831055980969 ], [ -117.297791453309415, 37.318237236241643 ], [ -117.489148384554809, 37.314427456274288 ], [ -117.555159006321361, 37.412065922292648 ], [ -117.603844954957836, 37.361923870229496 ], [ -117.707146768746725, 37.395330159536961 ], [ -117.843674694734304, 37.382940379327124 ], [ -117.916895449248329, 37.433862904265069 ], [ -118.039043708884648, 37.448080710228083 ], [ -118.101445007951853, 37.511756943253289 ], [ -118.211500137235106, 37.502171120829956 ], [ -118.248784178515066, 37.57567842830764 ], [ -118.234714523238722, 37.621796574172443 ], [ -118.357743703496411, 37.831175307482354 ], [ -118.30766733883398, 37.890748813260558 ], [ -118.301234632558575, 37.962935481846053 ], [ -118.469405044366923, 37.992945458851821 ], [ -118.497513441788641, 37.964448787528639 ], [ -118.527723759910245, 37.986973322559585 ], [ -118.519487504583651, 38.032807288459367 ], [ -118.725041406105646, 38.017810760734491 ], [ -118.704424335692863, 38.098801465504629 ], [ -118.656880211611053, 38.116656149521205 ], [ -118.699028529444391, 38.151636387700982 ], [ -118.667549691632345, 38.178167508657012 ], [ -118.704909903966808, 38.204197118290971 ], [ -118.66438468320041, 38.309329004294057 ], [ -118.693482865629349, 38.290832042842588 ], [ -118.768246254777935, 38.320941811492396 ], [ -118.803675998373549, 38.278697812508135 ], [ -118.921694160506519, 38.251593730702702 ], [ -118.97897516465558, 38.192584220605326 ], [ -119.082668480307163, 38.224600991483477 ], [ -119.078919060470383, 38.151509339688999 ], [ -119.237565190462092, 38.043667727663539 ], [ -119.307579005989453, 38.030151694116512 ], [ -119.349272471050469, 38.0856511377986 ], [ -119.428730496522633, 38.114080047888365 ], [ -119.459688199485896, 38.096392539375984 ], [ -119.496133279642919, 38.157207672896241 ], [ -119.545676646466632, 38.143509742092441 ], [ -119.629089952050677, 38.19601510804722 ], [ -119.604652717073989, 38.234636741854224 ], [ -119.651484687943153, 38.2864311084913 ], [ -119.628379367009046, 38.349732113165196 ], [ -119.680238194046979, 38.440356434890973 ], [ -119.76677514739049, 38.4755543172122 ], [ -119.769230180620085, 38.516597100038837 ], [ -119.833771455034849, 38.552970220524259 ], [ -119.853604015454124, 38.602636678936896 ], [ -119.907637479757057, 38.596032993564627 ], [ -119.983494164734907, 38.66048194784814 ], [ -119.993052840510529, 38.707895430701761 ], [ -120.051496338029594, 38.74083778541312 ], [ -120.029461915930455, 38.822466600854568 ], [ -120.099409695573655, 38.829917019699366 ], [ -120.151179231033538, 38.882524984955651 ], [ -120.141156010660822, 38.965660075882241 ], [ -120.193337100159226, 38.993184075598421 ], [ -120.19997760461834, 39.063462181213623 ], [ -120.252450424897845, 39.084099202813611 ], [ -120.246184517058794, 39.174854267286207 ], [ -120.287209850182904, 39.198240134482042 ], [ -120.263861401672415, 39.222943076513161 ], [ -120.326671385424362, 39.288526360114034 ], [ -120.3665541743175, 39.420582299197513 ], [ -120.455165436421794, 39.42465569854356 ], [ -120.464390145964416, 39.455849028959065 ], [ -120.441030273991686, 39.514039035047297 ], [ -120.295929135135452, 39.499542325311204 ], [ -120.062926059787515, 39.601541019161559 ], [ -119.877636300770334, 39.57392807866843 ], [ -119.807762909780394, 39.603081305204711 ], [ -119.759770802900192, 39.676425719608851 ], [ -119.817631024053753, 39.722377119471965 ], [ -119.779471446941699, 39.777136807811907 ], [ -119.808263791060057, 39.811461367210903 ], [ -119.768506697738289, 39.879555664678335 ], [ -119.853939886088583, 39.94578602709251 ], [ -119.746033746773705, 39.993908191906826 ], [ -119.803305154588884, 40.135810038972721 ], [ -119.792182488834868, 40.218807369774005 ], [ -119.728742505740499, 40.229617692067293 ], [ -119.810734608138361, 40.274029381015644 ], [ -119.876095209585159, 40.24396042689856 ], [ -119.923077783793232, 40.283099025745472 ], [ -119.948239735460817, 40.352859879632426 ], [ -119.910532272184724, 40.392636196452116 ], [ -119.938809477115939, 40.474075872535757 ], [ -120.07304047093848, 40.497474114258203 ], [ -120.072656039544711, 40.53468519858388 ], [ -120.123762790990099, 40.565243278878341 ], [ -120.106723704029832, 40.623090530551089 ], [ -120.189150504957624, 40.649113213536403 ], [ -120.201008702417866, 40.718891549186758 ], [ -120.245014759866478, 40.74369069340964 ], [ -120.11308714530999, 40.773780540121393 ], [ -119.985412816396703, 40.7045136611045 ], [ -119.938597261233255, 40.718754048324236 ], [ -119.966380791897649, 40.773738699595832 ], [ -119.932367056063811, 40.890112968698965 ], [ -120.048523313758267, 40.933486001593678 ], [ -120.1354735685252, 41.033771595090798 ], [ -120.043759143492835, 41.105774017477771 ], [ -119.997364437083419, 41.077990547314904 ], [ -119.850749716115018, 41.117257207662078 ], [ -119.856068526242353, 41.152663262701623 ], [ -119.902311261286471, 41.150787027205823 ], [ -119.953396403604998, 41.208087413935459 ], [ -119.899309617229179, 41.31281125781873 ], [ -119.951798184176099, 41.360782129612566 ], [ -119.940278294704271, 41.454628488130332 ], [ -119.897377152299029, 41.49056920890159 ], [ -119.93501584711467, 41.507544415233689 ], [ -119.933179842237678, 41.545997207422161 ], [ -119.888054323559842, 41.592077654893174 ], [ -119.918394895062022, 41.621487584193694 ], [ -119.893354848524467, 41.701565656375635 ], [ -119.917606095433371, 41.768895474304095 ] ] ] } },
{ "type": "Feature", "properties": { "huc2": "07", "name": "Upper Mississippi Region" }, "geometry": { "type": "Polygon", "coordinates": [ [ [ -92.984304288790852, 47.467671709537576 ], [ -93.015382294622057, 47.453605562442924 ], [ -93.017891821678006, 47.355141454613367 ], [ -93.135102678420338, 47.248802240611901 ], [ -93.153920575430746, 47.210863559416865 ], [ -93.119989118180243, 47.184164810358453 ], [ -93.174275133719277, 47.149789240530289 ], [ -93.158362197589426, 47.124244790841054 ], [ -93.190230023427659, 47.091462081326355 ], [ -93.079662302193128, 46.984153312189207 ], [ -93.206010748586223, 46.951442872507428 ], [ -93.213363193959154, 46.878658255678317 ], [ -93.088275652606143, 46.813664504526187 ], [ -92.809376428132893, 46.788942470887797 ], [ -92.766415522069451, 46.757371647261529 ], [ -92.787409382069583, 46.711086253766794 ], [ -92.705104762171402, 46.649085823448466 ], [ -92.65376425247922, 46.650418493755737 ], [ -92.617978969276678, 46.704716131078065 ], [ -92.566405860451908, 46.679113218158776 ], [ -92.604326100608588, 46.662224360604696 ], [ -92.573041925239266, 46.62817534650133 ], [ -92.581463429005765, 46.582147139100385 ], [ -92.661488709632891, 46.540444807793278 ], [ -92.624950809324361, 46.529705288303198 ], [ -92.65749181359223, 46.460881953194459 ], [ -92.638582901990134, 46.41814790460063 ], [ -92.523485558212357, 46.374282052823887 ], [ -92.367797052798835, 46.362314099444781 ], [ -92.329160731698622, 46.316069651223579 ], [ -92.155592230286047, 46.391168648986017 ], [ -92.11196968557806, 46.358582455363049 ], [ -92.046923337760617, 46.364871303919678 ], [ -92.01337854534026, 46.40412384832014 ], [ -91.947707256584764, 46.401560469248189 ], [ -91.925451798090066, 46.440289754347113 ], [ -91.904276704041379, 46.418092427011253 ], [ -91.791181793039854, 46.433640284935016 ], [ -91.779152405252887, 46.39507787512332 ], [ -91.708706095885887, 46.388121998174171 ], [ -91.706530000026362, 46.360972740434455 ], [ -91.548730800732315, 46.46275610497608 ], [ -91.463120428289102, 46.466892987868007 ], [ -91.294096381099195, 46.346824269050188 ], [ -91.272549196298868, 46.314416252598697 ], [ -91.315216135216332, 46.284441597915837 ], [ -91.267435974661367, 46.232034689588943 ], [ -91.174602215574282, 46.260340676820341 ], [ -91.135167146300091, 46.240802157154995 ], [ -91.064967622161845, 46.304084099282115 ], [ -90.978967436778504, 46.266576742652596 ], [ -90.962532561107025, 46.212328916256993 ], [ -90.725050584441377, 46.207767204436529 ], [ -90.685396619771367, 46.165733522071868 ], [ -90.461224979790174, 46.234477202881649 ], [ -90.423219571879557, 46.271359097855679 ], [ -90.304907067140761, 46.225599026913031 ], [ -90.279372522428559, 46.265847055080172 ], [ -90.1515603706696, 46.231416134262204 ], [ -90.064349901830596, 46.304097056959066 ], [ -89.897404060526739, 46.301098061045401 ], [ -89.774356113869885, 46.178034232650425 ], [ -89.631673610762704, 46.199542688590512 ], [ -89.593631817031692, 46.166336691512562 ], [ -89.425289186379516, 46.155732996673606 ], [ -89.411227836189667, 46.099493876287887 ], [ -89.339355460103633, 46.176257980499152 ], [ -89.30068945442639, 46.169178928687252 ], [ -89.322213515046201, 46.201581354302888 ], [ -89.297434434201108, 46.216143411984326 ], [ -89.250730977035147, 46.204463456284437 ], [ -89.25223257655567, 46.17899448392572 ], [ -88.995765404458936, 46.176741493310935 ], [ -89.036690010424479, 46.109314187620697 ], [ -88.986573707994026, 46.132809110013554 ], [ -88.99300818662752, 46.10592096419407 ], [ -88.918012639994046, 46.102929240942132 ], [ -88.967091484256343, 46.04425066957559 ], [ -89.048433472846781, 46.015137468303244 ], [ -89.028047363650373, 45.966057468843431 ], [ -88.991936722886976, 45.96569784677083 ], [ -89.030177457520821, 45.946663691144529 ], [ -89.022706284583592, 45.903651728864794 ], [ -88.95609140613638, 45.893663231818351 ], [ -89.00297558511356, 45.835991523959727 ], [ -88.961301220813638, 45.801705551262572 ], [ -88.994049508898883, 45.791700296845185 ], [ -88.96458761001999, 45.765921426060295 ], [ -89.055349414489285, 45.593930967061922 ], [ -89.14837296052967, 45.553394371836383 ], [ -89.137481213887995, 45.500659638078915 ], [ -89.209497816325467, 45.467917439241802 ], [ -89.243743326728307, 45.412973867919163 ], [ -89.16205398711493, 45.354737726361179 ], [ -88.977294351498244, 45.312177963679559 ], [ -88.893170927250907, 45.247922906258545 ], [ -89.174126788736842, 45.0782939874642 ], [ -89.216590928487335, 45.031533495425421 ], [ -89.193846806663231, 45.016536453549797 ], [ -89.267799854501803, 44.986862555920005 ], [ -89.266257228338347, 44.924645834574576 ], [ -89.3055216432207, 44.915682835571531 ], [ -89.28819008993878, 44.88213504290389 ], [ -89.33423438537595, 44.872530542277978 ], [ -89.302088100547479, 44.80348782337736 ], [ -89.374931197423109, 44.764981537915091 ], [ -89.367082753689004, 44.716507322828889 ], [ -89.412159889752445, 44.67783479434064 ], [ -89.379921207196261, 44.648309309966088 ], [ -89.428697862760401, 44.629695777230403 ], [ -89.416155569599965, 44.462702611761102 ], [ -89.353982105611948, 44.259144135437481 ], [ -89.391242205810414, 44.248397611531601 ], [ -89.356708421244889, 44.233805070949316 ], [ -89.349141503933311, 44.186728256308371 ], [ -89.555060898395581, 44.043323157522515 ], [ -89.614972196358536, 43.9105858142172 ], [ -89.670207564281824, 43.893986245419029 ], [ -89.70518541832385, 43.667058440979893 ], [ -89.623882891924353, 43.624615260290412 ], [ -89.643373282273231, 43.579302262026999 ], [ -89.406826084254689, 43.514358647144448 ], [ -88.948101859663765, 43.620317301491013 ], [ -88.969293752612515, 43.656570062092428 ], [ -88.868766151648359, 43.676634509621636 ], [ -88.826801190636488, 43.755030771604247 ], [ -88.71890600085068, 43.781804334030383 ], [ -88.648775643854194, 43.755804271719867 ], [ -88.624816504434904, 43.67137335449214 ], [ -88.467292997095441, 43.656403583052075 ], [ -88.457112925807607, 43.616129652673379 ], [ -88.356791098440112, 43.578796631426293 ], [ -88.33292730392337, 43.505172827655755 ], [ -88.263649858760402, 43.446343811502949 ], [ -88.291792297112167, 43.358117395230181 ], [ -88.215301553727329, 43.265327855515324 ], [ -88.2302160792715, 43.246409529236672 ], [ -88.18738549908268, 43.242446251199233 ], [ -88.202246052613887, 43.190672498310775 ], [ -88.109565756463766, 43.154866943797401 ], [ -88.142817364655855, 43.038797551196652 ], [ -88.088669026668981, 43.026469958964412 ], [ -88.085818549607524, 42.966524061364211 ], [ -88.126158542146115, 42.931501150181113 ], [ -88.060745450574188, 42.859375423582975 ], [ -88.085860146321338, 42.683318472196127 ], [ -88.017674075608028, 42.683489306385759 ], [ -87.9924742157541, 42.639557253443819 ], [ -87.970930524151584, 42.700893514329884 ], [ -87.925419690200599, 42.698790848872719 ], [ -87.938706579158321, 42.600257358188962 ], [ -87.922689277306745, 42.561624403085112 ], [ -87.885069469704703, 42.574074937687122 ], [ -87.866872047630949, 42.54584964932468 ], [ -87.884393942045847, 42.387435104150839 ], [ -87.840105265032804, 42.23671893090534 ], [ -87.721646357674985, 42.079367012807467 ], [ -87.683249056361987, 42.074695070883429 ], [ -87.67591780080032, 41.991389181816601 ], [ -87.612615676565071, 41.889202598641113 ], [ -87.624447125789416, 41.77894962496562 ], [ -87.539544828746457, 41.733924088886695 ], [ -87.609245129715404, 41.677591707905492 ], [ -87.471905690035499, 41.618303155496854 ], [ -87.252003468227286, 41.608838081874154 ], [ -87.359446103697209, 41.58029658375591 ], [ -87.336085419593573, 41.539837997807439 ], [ -87.427598053772954, 41.520485583035786 ], [ -87.485071419518775, 41.458118729140516 ], [ -87.440899867502509, 41.455996991264094 ], [ -87.436112860993561, 41.389005717491123 ], [ -87.365141943603433, 41.400692114111607 ], [ -87.326221976164433, 41.364196451006706 ], [ -87.259404405629439, 41.362277205306988 ], [ -87.255028984240695, 41.393868922030975 ], [ -87.161600866452105, 41.453368949391866 ], [ -87.031506770217931, 41.404346259770207 ], [ -87.014032960598982, 41.447913646338712 ], [ -87.052872501538218, 41.535659301555008 ], [ -86.999384095792109, 41.504991771828884 ], [ -86.980490620049338, 41.559577406749582 ], [ -86.838323830691763, 41.586899457140994 ], [ -86.835669686220797, 41.626878892146358 ], [ -86.783761679654987, 41.653817205173397 ], [ -86.694438126123231, 41.658838661047987 ], [ -86.677728779433409, 41.69560740583681 ], [ -86.51376101429247, 41.734185672745845 ], [ -86.453844617024842, 41.785881752165452 ], [ -86.437858636076498, 41.754821253807435 ], [ -86.388591890442669, 41.754138616629902 ], [ -86.353627898788886, 41.804776057403572 ], [ -86.358050406576979, 41.682428398481086 ], [ -86.276921204919276, 41.650384706656951 ], [ -86.306146533770644, 41.584052792565529 ], [ -86.226019380552131, 41.564561483347909 ], [ -86.193971105280866, 41.586105841194943 ], [ -85.965568073513339, 41.481503551784328 ], [ -86.055354116395634, 41.467429637002333 ], [ -85.968369530210438, 41.438356287744831 ], [ -85.976745413448455, 41.398604804132518 ], [ -85.892312624958123, 41.365703225038864 ], [ -85.911741085819628, 41.307386864177531 ], [ -86.070070682123031, 41.347707010568925 ], [ -86.229421244379395, 41.285374085125653 ], [ -86.243033943334467, 41.172445124173564 ], [ -86.514579093708321, 41.269061930865334 ], [ -86.581181843542737, 41.209106810208212 ], [ -86.633734069853801, 41.206755747567385 ], [ -86.630099750175219, 41.149929710896529 ], [ -86.662218157486649, 41.124686399307734 ], [ -86.74963383815188, 41.148826381864701 ], [ -86.794025157684374, 41.21478141134498 ], [ -86.891751612795488, 41.190004908350353 ], [ -86.892914994392697, 41.143011762300894 ], [ -86.968912410745517, 41.110863731461926 ], [ -86.940299730986538, 41.067241767919015 ], [ -86.95450387440053, 41.019742893020101 ], [ -86.987917175193544, 41.012866162327711 ], [ -86.939687281176418, 40.990458928713679 ], [ -86.962754766499074, 40.907834420889792 ], [ -86.92252596927689, 40.880015297949754 ], [ -87.069744803375158, 40.832814049547011 ], [ -87.030265881088667, 40.780350904626189 ], [ -87.13594530099229, 40.747542458405547 ], [ -87.183656719964404, 40.692728906488291 ], [ -87.296891013673203, 40.697444855701306 ], [ -87.271896361764789, 40.626221106306659 ], [ -87.476952015193802, 40.538961974273448 ], [ -87.715700065661949, 40.484741471628418 ], [ -87.791685517012141, 40.399652542317824 ], [ -87.895124199950274, 40.407479553093665 ], [ -87.996667118045281, 40.473258902898621 ], [ -88.145778279026288, 40.508151157240789 ], [ -88.202773108734803, 40.581449287180611 ], [ -88.210862983882294, 40.674456987083111 ], [ -88.263053969275759, 40.629299818808462 ], [ -88.346636751021308, 40.639286460609263 ], [ -88.330446900644191, 40.485904697808103 ], [ -88.142584336424989, 40.341007097746726 ], [ -88.318623357133333, 40.183185487498562 ], [ -88.258551495626008, 40.125473450341204 ], [ -88.285442478882118, 40.047922285972042 ], [ -88.259852909798568, 40.007328939552664 ], [ -88.275023429156548, 39.937998382675325 ], [ -88.32497618333619, 39.888602712341083 ], [ -88.346912782323471, 39.760215202605337 ], [ -88.263062581738794, 39.636945998234978 ], [ -88.165659298084407, 39.621748061432143 ], [ -88.383757330297712, 39.519501701725588 ], [ -88.38813081331071, 39.486863191765572 ], [ -88.463095313853529, 39.479885047844284 ], [ -88.474303910722853, 39.444321792489909 ], [ -88.621002303184298, 39.401975084259327 ], [ -88.633251439838475, 39.310820903579106 ], [ -88.600653167593961, 39.252361459751022 ], [ -88.710142464474004, 39.104112155542047 ], [ -88.798094963072671, 39.039510615768975 ], [ -88.795124794204284, 38.967420599116792 ], [ -88.836227124850907, 38.959197304530399 ], [ -88.797108058630187, 38.938536203526347 ], [ -88.831481859064695, 38.891073146901228 ], [ -88.737758906959442, 38.861578235285997 ], [ -88.785837293501274, 38.775754132175955 ], [ -88.879176950024643, 38.742714096825537 ], [ -88.882363290084882, 38.65342666323982 ], [ -88.847651494967394, 38.596169348428376 ], [ -88.901572011754041, 38.49419774102963 ], [ -88.776729953279229, 38.327872391568739 ], [ -88.804267573332595, 38.257675754579878 ], [ -88.78637077906231, 38.208893239341066 ], [ -88.729593434214976, 38.145404235244513 ], [ -88.6318218717919, 38.106397470938852 ], [ -88.627886096278743, 38.048112241777595 ], [ -88.671675991042576, 38.016644503118016 ], [ -88.687314593084267, 37.9477238142941 ], [ -88.745199681221862, 37.924059354375828 ], [ -88.763273523723853, 37.822065778649858 ], [ -88.795667986888404, 37.815896989338064 ], [ -88.785997618587871, 37.711227378078 ], [ -88.883434958883853, 37.702625031515183 ], [ -88.995902635404661, 37.6133381025491 ], [ -89.018355220079542, 37.557268518053867 ], [ -89.177146115896932, 37.577019714563406 ], [ -89.210422633698116, 37.530592432492938 ], [ -89.266371979545966, 37.540792695779345 ], [ -89.247873689351451, 37.446990262857767 ], [ -89.192223961986954, 37.472963833365462 ], [ -89.072580251428363, 37.439237615788954 ], [ -89.075968580321288, 37.413592579554454 ], [ -89.020876697621347, 37.390344700763791 ], [ -89.037341336750927, 37.357785883191312 ], [ -88.923848124062218, 37.332206424448657 ], [ -88.979866569696142, 37.248966446355261 ], [ -89.140857377112624, 37.214330574411143 ], [ -89.150367581196889, 37.172285675358452 ], [ -89.250726708187031, 37.134975910946103 ], [ -89.252883036483979, 37.086777314871277 ], [ -89.137152272579172, 36.972853513759475 ], [ -89.240726515911021, 37.008191459890625 ], [ -89.285837701447477, 36.960603053707224 ], [ -89.382242432663233, 36.95114942019255 ], [ -89.419504976431995, 36.994632302727368 ], [ -89.404212914764543, 37.054447259879531 ], [ -89.44764570857761, 37.093535675618696 ], [ -89.446710974989998, 37.153825202144318 ], [ -89.537435373224582, 37.129182035727993 ], [ -89.62993488826568, 37.171824935440995 ], [ -89.552320210023524, 37.243024614567432 ], [ -89.728704227432161, 37.231458579465901 ], [ -89.810852438628899, 37.173885685264452 ], [ -89.849067734725608, 37.205252221987877 ], [ -90.055212140116538, 37.095402303372019 ], [ -90.134897390675874, 37.134538769878951 ], [ -90.269078275959828, 37.09456700801325 ], [ -90.381312768499882, 37.138644363443412 ], [ -90.423592556086589, 37.217933689985436 ], [ -90.374461403257683, 37.282812934783749 ], [ -90.322620253914693, 37.290579821883561 ], [ -90.358674253905164, 37.350639230378484 ], [ -90.279627736935893, 37.420930700769155 ], [ -90.243460047429693, 37.543377046614495 ], [ -90.194026280756972, 37.572449921094403 ], [ -90.246781001831891, 37.641482261884306 ], [ -90.255898274636209, 37.765277517052979 ], [ -90.336148333357642, 37.82238362359999 ], [ -90.333223364228871, 37.861337578213856 ], [ -90.661253751376549, 37.756255204232083 ], [ -90.723469590980613, 37.640735630908836 ], [ -90.821341496137208, 37.64871007157214 ], [ -90.877197785163418, 37.714005637292054 ], [ -90.911781674737171, 37.682778414357166 ], [ -90.996399767695323, 37.69603820712554 ], [ -91.115349184887592, 37.660167157235314 ], [ -91.125799963091026, 37.604347216426035 ], [ -91.170843756332161, 37.572294696543182 ], [ -91.301196284434781, 37.576741943467077 ], [ -91.330601203202136, 37.496897148546971 ], [ -91.53376896619524, 37.575225657551677 ], [ -91.580616137708844, 37.572867044678681 ], [ -91.592614271804521, 37.519820206484226 ], [ -91.669328336836131, 37.51676524001271 ], [ -91.789504823520232, 37.570767465275878 ], [ -91.719369679689052, 37.714853591323532 ], [ -91.791786666252264, 37.957044520440043 ], [ -91.722906633624021, 37.978672763902559 ], [ -91.778312762793746, 38.049449054117822 ], [ -91.760696402513759, 38.111523734443409 ], [ -91.791426942526314, 38.172484064010511 ], [ -91.7495596995863, 38.220976556480004 ], [ -91.748068891446437, 38.277620094436081 ], [ -91.540794651252071, 38.316780226681878 ], [ -91.482399929593925, 38.364098116176919 ], [ -91.48935230172107, 38.41256146278905 ], [ -91.38289346194783, 38.384236383141896 ], [ -91.27101487605735, 38.432448346750014 ], [ -91.129390732992618, 38.406365119281865 ], [ -91.045648634070233, 38.480335322292326 ], [ -90.829207865043145, 38.480987138919254 ], [ -90.679491740820552, 38.583276751743171 ], [ -90.612028555645324, 38.566006736319096 ], [ -90.591402498746945, 38.60419701762298 ], [ -90.457204838089822, 38.62236987992754 ], [ -90.446271529858464, 38.670700693585246 ], [ -90.350593519780432, 38.700206466712608 ], [ -90.319567524589587, 38.765488541156294 ], [ -90.246650967972613, 38.79932588404349 ], [ -90.207093684538961, 38.776408939528018 ], [ -90.191109100120542, 38.816836229753029 ], [ -90.122056913695488, 38.809406650924501 ], [ -90.11671397728999, 38.844047031557949 ], [ -90.332040147551709, 38.909932602590786 ], [ -90.391991260258408, 38.867006634308432 ], [ -90.396690746685024, 38.827550776491435 ], [ -90.473344142421851, 38.831433377228464 ], [ -90.48821046761978, 38.783823537637645 ], [ -90.605771639511076, 38.710823790988684 ], [ -90.920122028860092, 38.69971459700848 ], [ -91.005247709605413, 38.729315171530686 ], [ -90.990252617559051, 38.759163998544906 ], [ -91.038587208129471, 38.798280054654853 ], [ -91.165209108117992, 38.794397427435484 ], [ -91.432311779672759, 38.88101655831084 ], [ -91.543464707321149, 39.000620266844912 ], [ -91.551354778796878, 39.065677319481352 ], [ -91.657298794691641, 39.11429465398794 ], [ -91.796009682811629, 39.096915898630606 ], [ -91.834178263001149, 39.032510993021447 ], [ -91.891887879405445, 39.021171517032073 ], [ -91.980041132839048, 39.084907166238153 ], [ -92.137003556485496, 39.106763286506599 ], [ -92.165536680643399, 39.202614773689696 ], [ -92.309492916831729, 39.205334602013039 ], [ -92.322675780619036, 39.272204579300521 ], [ -92.449703821991051, 39.352468876085645 ], [ -92.428665982998879, 39.480274379458102 ], [ -92.477846223089685, 39.591734099742318 ], [ -92.492904983564188, 40.078037525891936 ], [ -92.604993903187179, 40.145952532034393 ], [ -92.583778359690086, 40.194565531990072 ], [ -92.625191839810654, 40.243414886727948 ], [ -92.563176123516911, 40.327749313467592 ], [ -92.605957767351811, 40.463722539487009 ], [ -92.571281075556939, 40.514842038098152 ], [ -92.632752003426234, 40.54961187036578 ], [ -92.616840129626084, 40.602621893632588 ], [ -92.683844772243901, 40.661901770579334 ], [ -92.727031006853323, 40.763537300650263 ], [ -92.858818931415826, 40.90029840822011 ], [ -93.086369753553882, 40.915770898264093 ], [ -93.121657140758117, 40.965870915136762 ], [ -93.191820063929441, 40.988234606699308 ], [ -93.245269879290618, 40.968263264509744 ], [ -93.342735088776251, 41.042327110420707 ], [ -93.426916980736237, 40.972851501415612 ], [ -93.7981493254632, 40.917396021723704 ], [ -93.805103977379801, 40.970115242681139 ], [ -93.877725982775189, 40.988506553415775 ], [ -93.895032374362771, 41.047734572408814 ], [ -93.953434875646877, 41.044257848636171 ], [ -93.986857857377089, 41.108773207966522 ], [ -94.078074451835448, 41.131940544464577 ], [ -94.225201862392993, 41.269407578089606 ], [ -94.262993740796503, 41.256705467974626 ], [ -94.317153018628602, 41.333883213154529 ], [ -94.47969234864226, 41.362799271412264 ], [ -94.544979257342703, 41.460034988615654 ], [ -94.574350400057241, 41.439228578673472 ], [ -94.63741497861372, 41.484356300011406 ], [ -94.695070303555156, 41.583063024437642 ], [ -94.65051317702094, 41.630655539164813 ], [ -94.749518379007242, 41.76680330234624 ], [ -94.857449437624027, 41.89120436838882 ], [ -94.954978520659111, 41.92957975854339 ], [ -95.051821967535986, 42.047773091321325 ], [ -95.026643732780997, 42.117932704452365 ], [ -95.064638417106792, 42.156113835974899 ], [ -94.994675385148057, 42.201257503630842 ], [ -95.059446459670767, 42.237553701180858 ], [ -95.058922461675579, 42.309678026056815 ], [ -95.119130129966535, 42.366658211905666 ], [ -95.151203912028933, 42.590798204176515 ], [ -95.269406305286694, 42.608626606281639 ], [ -95.313840293178231, 42.679953420035623 ], [ -95.289163519763036, 42.723831008562065 ], [ -95.236481472762918, 42.658709281348429 ], [ -95.207160391533208, 42.667660872457041 ], [ -95.255411742529546, 42.755229668429195 ], [ -95.224422931617667, 42.773487909115673 ], [ -95.238655131196637, 42.827655458401338 ], [ -95.158381821704097, 42.872724728223254 ], [ -95.011798968991428, 42.877882065001465 ], [ -94.97548379278831, 43.009346577035366 ], [ -94.927390251910168, 43.011585279038258 ], [ -94.931052353174692, 43.050016137053454 ], [ -94.850230828184891, 43.123361999550816 ], [ -94.847219877338716, 43.272296699825262 ], [ -94.936488464647056, 43.383249303776147 ], [ -94.930231629837309, 43.433682298672124 ], [ -95.013790788181581, 43.431780959369441 ], [ -94.993815888645528, 43.486155232795106 ], [ -95.07995593783788, 43.512922125535695 ], [ -95.061675530781599, 43.625405816350032 ], [ -95.106194791422155, 43.657633290060474 ], [ -95.298032219017443, 43.670466723584283 ], [ -95.337882659541279, 43.644353362821626 ], [ -95.429990408363452, 43.668978735938815 ], [ -95.456966776199863, 43.629397920687133 ], [ -95.593848104531631, 43.618867587385694 ], [ -95.719457445702318, 43.746191660896962 ], [ -95.848206491973258, 43.772949274058625 ], [ -95.885481616440956, 43.814167119139512 ], [ -95.828216691605476, 43.870389265750141 ], [ -95.859707959055768, 43.894724043026748 ], [ -95.846294249359829, 43.951050087714144 ], [ -95.979490783366032, 43.943001614840121 ], [ -96.106837391439598, 44.113013904908406 ], [ -96.416819669206944, 44.346588480031876 ], [ -96.427156879454671, 44.425230771140249 ], [ -96.558412486194143, 44.468041088588159 ], [ -96.6831282448548, 44.613743730510237 ], [ -96.640428357834764, 44.65023156608202 ], [ -96.645504161694205, 44.722607049553844 ], [ -96.585929119527378, 44.743970643099345 ], [ -96.630518782834571, 44.756374498193907 ], [ -96.653974217012291, 44.812618374638035 ], [ -96.772751058271425, 44.907324239485888 ], [ -96.853850384217552, 45.056446889344464 ], [ -96.993412615640707, 45.098005387358 ], [ -96.968636848051887, 45.157386610689997 ], [ -97.019616014508372, 45.173467802260703 ], [ -96.990582808310876, 45.191057543401691 ], [ -97.001640328429133, 45.239510318513787 ], [ -97.10190191292314, 45.433350275463212 ], [ -97.102067565504456, 45.499754050097138 ], [ -97.123549971612846, 45.538611430428077 ], [ -97.227227234136734, 45.546501502945844 ], [ -97.192831488623384, 45.685845375483005 ], [ -97.263759074841531, 45.743567557674197 ], [ -97.294264981981428, 45.718153637723255 ], [ -97.358598712795015, 45.77603840349142 ], [ -97.357942888568019, 45.834964034441185 ], [ -97.18278537250275, 45.914910822677278 ], [ -97.165717149521669, 45.957237441739437 ], [ -97.10066813519903, 45.918470658076956 ], [ -97.039115996510901, 45.923130031833558 ], [ -96.990717494257552, 45.698320916613348 ], [ -96.869283757382988, 45.652120899955428 ], [ -96.86226641048863, 45.596374332020403 ], [ -96.799740617634214, 45.637167812484961 ], [ -96.573233013599037, 45.623103266439671 ], [ -96.513767735220313, 45.510316065460501 ], [ -96.430295067192603, 45.47608067536985 ], [ -96.359885551067933, 45.507113683564398 ], [ -96.263421446143639, 45.49598431788754 ], [ -96.215032992723536, 45.52612448760167 ], [ -96.200362660822435, 45.581880446120437 ], [ -96.03014884388908, 45.639598519022258 ], [ -96.037066120437089, 45.686582814177839 ], [ -95.92773710789605, 45.695989854135867 ], [ -95.916875044052745, 45.74597742521032 ], [ -95.946963659856962, 45.769347396851948 ], [ -95.877741628413162, 45.854419403285995 ], [ -95.980687270190145, 45.890374409489112 ], [ -95.9808022107716, 45.923342153644676 ], [ -95.901508468183508, 45.950317975071819 ], [ -95.914161622190605, 45.993631741849228 ], [ -95.950194143435695, 45.989606119185972 ], [ -95.934063201260116, 46.077505230035939 ], [ -96.010604730153958, 46.129292124387675 ], [ -96.003322106623941, 46.160904747154113 ], [ -96.04009372410826, 46.159378461022285 ], [ -96.029246948827534, 46.244391463745899 ], [ -95.86426352455814, 46.270990042241905 ], [ -95.810640690421351, 46.352885058748306 ], [ -95.749345253212852, 46.313567576285799 ], [ -95.790660004710787, 46.235137775585279 ], [ -95.716016465436695, 46.217703758458811 ], [ -95.707852972920477, 46.183260494636123 ], [ -95.498799852984661, 46.174102695334888 ], [ -95.449162390599369, 46.210242441567388 ], [ -95.423920574579768, 46.27078224437259 ], [ -95.442870586019524, 46.32427698968236 ], [ -95.494813804128, 46.364927359826467 ], [ -95.606902151829587, 46.321185525056109 ], [ -95.61718340344909, 46.358465374536436 ], [ -95.567656438191591, 46.424868705465492 ], [ -95.373638742780926, 46.501311531617141 ], [ -95.378580644940911, 46.588257214659961 ], [ -95.333071761421067, 46.621000836859679 ], [ -95.362889704769046, 46.659450331539354 ], [ -95.462959217705347, 46.684298505702643 ], [ -95.428702814843419, 46.724023770303539 ], [ -95.453533611735338, 46.826503456903843 ], [ -95.411214126167906, 46.877630891959846 ], [ -95.5163645544405, 46.923887936546606 ], [ -95.517472874772551, 46.972169924118582 ], [ -95.474525685866723, 46.969804043416801 ], [ -95.440924559591835, 47.045299872638722 ], [ -95.459880655985771, 47.089033565214095 ], [ -95.432241235394869, 47.152690932073234 ], [ -95.469299257405225, 47.218141349804036 ], [ -95.382196436345737, 47.21136355558648 ], [ -95.290028587724748, 47.286867788538899 ], [ -95.324744110751865, 47.353242442728806 ], [ -95.242124489790072, 47.40030425277363 ], [ -95.325614294448442, 47.542876738498286 ], [ -95.267663779116134, 47.54667911347309 ], [ -95.276873345380722, 47.569887553231389 ], [ -95.230126236478981, 47.585910868037168 ], [ -95.160790077680574, 47.559799380396626 ], [ -95.125888609462251, 47.59632907927525 ], [ -95.051944740187054, 47.587828966255898 ], [ -95.052799235992978, 47.642984642501325 ], [ -95.0887820886404, 47.655072872589436 ], [ -95.043713968832719, 47.700231439001989 ], [ -94.877528243573209, 47.65037215690819 ], [ -94.737517441386345, 47.696389899133699 ], [ -94.566246680074599, 47.681633915789774 ], [ -94.32901304293874, 47.77044531571218 ], [ -94.357963073773718, 47.723345829066695 ], [ -94.264050885589043, 47.620382846220451 ], [ -94.114367810825939, 47.559227482694382 ], [ -94.034923454819833, 47.578385356888759 ], [ -93.864201849541445, 47.435227656674392 ], [ -93.668004500825944, 47.471152802284571 ], [ -93.603307870346612, 47.53059779108073 ], [ -93.544130010098996, 47.502864956210573 ], [ -93.487705638937754, 47.542070490478643 ], [ -93.455767158994448, 47.604917900147377 ], [ -93.472928975522592, 47.635072646661932 ], [ -93.43004104022053, 47.687141217625516 ], [ -93.404598106823897, 47.649932408741442 ], [ -93.314034623680399, 47.624212447325903 ], [ -93.237384379431205, 47.672343537243933 ], [ -93.178346766968488, 47.646663264331899 ], [ -93.156203834123261, 47.675751457683525 ], [ -93.077579127168278, 47.569043515369458 ], [ -92.982887220927211, 47.540035861085478 ], [ -93.023260431332432, 47.479126099194893 ], [ -92.984304288790852, 47.467671709537576 ] ] ] } },
{ "type": "Feature", "properties": { "huc2": "05", "name": "Ohio Region" }, "geometry": { "type": "Polygon", "coordinates": [ [ [ -88.255663697939283, 40.09879505391811 ], [ -88.318623357133333, 40.183185487498562 ], [ -88.142584336424989, 40.341007097746726 ], [ -88.330446900644191, 40.485904697808103 ], [ -88.346636751021308, 40.639286460609263 ], [ -88.263053969275759, 40.629299818808462 ], [ -88.210862983882294, 40.674456987083111 ], [ -88.202773108734803, 40.581449287180611 ], [ -88.145778279026288, 40.508151157240789 ], [ -87.996667118045281, 40.473258902898621 ], [ -87.895124199950274, 40.407479553093665 ], [ -87.791685517012141, 40.399652542317824 ], [ -87.715700065661949, 40.484741471628418 ], [ -87.476952015193802, 40.538961974273448 ], [ -87.271896361764789, 40.626221106306659 ], [ -87.296891013673203, 40.697444855701306 ], [ -87.183656719964404, 40.692728906488291 ], [ -87.13594530099229, 40.747542458405547 ], [ -87.030265881088667, 40.780350904626189 ], [ -87.069744803375158, 40.832814049547011 ], [ -86.92252596927689, 40.880015297949754 ], [ -86.962754766499074, 40.907834420889792 ], [ -86.939687281176418, 40.990458928713679 ], [ -86.987917175193544, 41.012866162327711 ], [ -86.95450387440053, 41.019742893020101 ], [ -86.940299730986538, 41.067241767919015 ], [ -86.968912410745517, 41.110863731461926 ], [ -86.880911954399622, 41.157587075136391 ], [ -86.900611976744074, 41.185170331115366 ], [ -86.794025157684374, 41.21478141134498 ], [ -86.74963383815188, 41.148826381864701 ], [ -86.662218157486649, 41.124686399307734 ], [ -86.630099750175219, 41.149929710896529 ], [ -86.633734069853801, 41.206755747567385 ], [ -86.581181843542737, 41.209106810208212 ], [ -86.514579093708321, 41.269061930865334 ], [ -86.243033943334467, 41.172445124173564 ], [ -86.229421244379395, 41.285374085125653 ], [ -86.070070682123031, 41.347707010568925 ], [ -85.886145381790655, 41.301557731503856 ], [ -85.796875690389953, 41.34299754713836 ], [ -85.649565306079509, 41.352799155537973 ], [ -85.640867800421688, 41.322410588882725 ], [ -85.576679969835311, 41.336213147842081 ], [ -85.522445533430897, 41.288394666046422 ], [ -85.46631845775461, 41.296361523060234 ], [ -85.454240536939309, 41.265976422105346 ], [ -85.41692025623739, 41.303708176626216 ], [ -85.317277556158942, 41.321066185652583 ], [ -85.302274385823736, 41.252793530039078 ], [ -85.150812531975419, 41.196158988593787 ], [ -85.221979333831456, 41.12706269005534 ], [ -85.191868600130519, 41.082149264819819 ], [ -85.227867261024883, 41.046291410803825 ], [ -85.189120770798738, 41.029825523051933 ], [ -85.208214941009672, 40.910376123245626 ], [ -85.093336304879827, 40.870741393338413 ], [ -85.063762896768267, 40.830970113129972 ], [ -85.097351997035929, 40.730603053054679 ], [ -84.77642612615368, 40.574608081381221 ], [ -84.688067310793429, 40.601517322248689 ], [ -84.618003558799771, 40.552245223841538 ], [ -84.424265005826584, 40.5532766452232 ], [ -84.406471489382298, 40.482610501110052 ], [ -84.431521297453898, 40.40757557696984 ], [ -84.410357137914446, 40.395486584373757 ], [ -84.28421728760668, 40.422992154945277 ], [ -84.283986594267915, 40.446875416960346 ], [ -84.243415226263849, 40.431300241259805 ], [ -84.162365867183013, 40.490744886737829 ], [ -84.098198201349319, 40.469390933211265 ], [ -84.023428741287219, 40.592926031548522 ], [ -83.948575157142884, 40.641324754086746 ], [ -83.902030982999804, 40.62251897045369 ], [ -83.890242500725506, 40.721922034806084 ], [ -83.718419962051485, 40.710627068111215 ], [ -83.639441467168439, 40.656789967848788 ], [ -83.334484135473105, 40.591809387031788 ], [ -83.223303545786578, 40.600922992841248 ], [ -83.129404694008585, 40.728677465455661 ], [ -83.069463022308057, 40.717079612619656 ], [ -82.974691607564594, 40.801036970737258 ], [ -82.806195106454723, 40.788269010689362 ], [ -82.755824585263483, 40.747706563288439 ], [ -82.650715210017339, 40.780854753643105 ], [ -82.672518130788035, 40.826032071497885 ], [ -82.774043904437036, 40.874316075599033 ], [ -82.701721030233898, 40.945333971411017 ], [ -82.502064702976028, 40.981897536227883 ], [ -82.427074952578209, 40.934210390192888 ], [ -82.341603343642547, 40.927233403813723 ], [ -82.33158555991885, 40.988877272745384 ], [ -82.277112631846791, 41.019619417347499 ], [ -82.216284090764304, 40.994837390342695 ], [ -82.204231291479658, 41.015994682648078 ], [ -82.019233681606977, 41.000572564160414 ], [ -81.97744795091549, 41.032642959457405 ], [ -81.986620515932856, 41.132786202105741 ], [ -81.909804617925559, 41.140194457265046 ], [ -81.831145850106893, 41.072559033644737 ], [ -81.767480398131724, 41.0827824273819 ], [ -81.782805411863308, 41.143049289880025 ], [ -81.684027731677716, 41.110954095367909 ], [ -81.638288883819925, 41.142793659838986 ], [ -81.550391644340365, 41.117632243064257 ], [ -81.56075874836479, 41.073505629755168 ], [ -81.463230472214462, 41.012636646572489 ], [ -81.39197886375419, 41.018786474532725 ], [ -81.312260774291488, 40.958247046729241 ], [ -81.249326768978705, 40.980623170418362 ], [ -81.196797943852658, 41.097895795130988 ], [ -81.233831740599499, 41.112745849207052 ], [ -81.220090508807132, 41.169993216048084 ], [ -81.253898519409589, 41.210308877645339 ], [ -81.174069749742443, 41.268614536436516 ], [ -81.189078648023369, 41.288658415330495 ], [ -81.146612798680067, 41.36310795472329 ], [ -81.107400859486901, 41.3853962808315 ], [ -81.120694638909129, 41.350478119031621 ], [ -81.010470419641123, 41.333750619456019 ], [ -80.946054050576734, 41.284684800702472 ], [ -80.856611440876961, 41.308738062066851 ], [ -80.800616701019806, 41.350391336349347 ], [ -80.807921636886874, 41.455958163418501 ], [ -80.77134721279468, 41.481628755321466 ], [ -80.74962443685699, 41.571885634107041 ], [ -80.694685968737716, 41.582672293563022 ], [ -80.68672000412829, 41.625068118241778 ], [ -80.544640845067349, 41.667701251704571 ], [ -80.506790089139756, 41.754511305030682 ], [ -80.444801514005007, 41.765329225301592 ], [ -80.385024871724482, 41.662572884956468 ], [ -80.335914743973788, 41.665086019448964 ], [ -80.310985825118479, 41.680322947330261 ], [ -80.32979892622123, 41.812763272837849 ], [ -80.192812498405829, 41.926370864157917 ], [ -80.094589595057258, 41.968757233583219 ], [ -80.032925811625589, 41.959926921451931 ], [ -80.018363877426566, 41.981775891921238 ], [ -80.073516625271964, 42.026038215633712 ], [ -79.986366369760859, 42.034176238252613 ], [ -79.995369133417597, 42.062566526058269 ], [ -79.947815052948158, 42.061642700659256 ], [ -79.94221511045329, 42.091630925211945 ], [ -79.898231616196284, 42.066849458046214 ], [ -79.87723778052252, 42.132269921202337 ], [ -79.754050020128744, 42.18882733967537 ], [ -79.698520570111043, 42.19201181740226 ], [ -79.669727129688724, 42.142586382352277 ], [ -79.626588052310808, 42.187671385546551 ], [ -79.562669423755338, 42.177027157922474 ], [ -79.559694324672151, 42.258582939388091 ], [ -79.492157618328775, 42.277579555191224 ], [ -79.491586722283998, 42.326447663572196 ], [ -79.379264387813208, 42.377755147987536 ], [ -79.347091848444961, 42.356585106171806 ], [ -79.279794760912353, 42.37716653206293 ], [ -79.19104836285932, 42.332796023099931 ], [ -79.223906979162138, 42.383963249579409 ], [ -79.15536848622051, 42.434496243899751 ], [ -79.014722583509055, 42.44715073787885 ], [ -78.899732432963248, 42.364823470149794 ], [ -78.916668658403779, 42.323597265508575 ], [ -78.870576038778637, 42.287395525819669 ], [ -78.721651856159198, 42.275779831822277 ], [ -78.648239781555148, 42.339776774821502 ], [ -78.669530920493273, 42.359667520514115 ], [ -78.646593889252784, 42.395018474996185 ], [ -78.597470375813842, 42.380499903185594 ], [ -78.559584996587375, 42.43818319322979 ], [ -78.470481733130839, 42.419124807489055 ], [ -78.442015661121189, 42.444617307533548 ], [ -78.360585863325639, 42.387493552127502 ], [ -78.376860969455649, 42.340648636112896 ], [ -78.284375559913855, 42.330885297947624 ], [ -78.287066531322949, 42.276801238183282 ], [ -78.216801675759385, 42.247001512076373 ], [ -78.226046092560665, 42.187478736686529 ], [ -78.167711748774821, 42.121577152087802 ], [ -78.1191116931561, 42.124579210268436 ], [ -78.077845525279628, 42.058544046124076 ], [ -78.033926297818553, 42.071184728397888 ], [ -77.997044354515168, 42.025697964813936 ], [ -77.953920191102355, 42.027157779935635 ], [ -77.999626252338729, 41.992428195121242 ], [ -77.920707704424117, 41.953125453787962 ], [ -77.928146261913909, 41.887443281538559 ], [ -77.839370526141337, 41.845650260524479 ], [ -77.889709428736623, 41.783767559948771 ], [ -77.892082251556047, 41.7146428257251 ], [ -78.001029814238692, 41.751602322365635 ], [ -78.243286060075107, 41.663486710570247 ], [ -78.277411152122596, 41.692637655745038 ], [ -78.282440213835059, 41.643327492718925 ], [ -78.356353682971204, 41.599337962151509 ], [ -78.422502397895485, 41.632813648686223 ], [ -78.466316347476493, 41.597359104554961 ], [ -78.465133652244404, 41.556911241212127 ], [ -78.561729483534805, 41.489991576911521 ], [ -78.508590708987356, 41.402202917051873 ], [ -78.598693709023763, 41.347581606932053 ], [ -78.619018489472168, 41.26527777901557 ], [ -78.689491384722544, 41.212850875555887 ], [ -78.648925850593514, 41.189290421485268 ], [ -78.666221892744616, 41.141609862427941 ], [ -78.632270922029008, 41.12360834533763 ], [ -78.702384923722519, 41.045776586826534 ], [ -78.687553246554074, 41.002607125389417 ], [ -78.749603369500008, 40.982285351171093 ], [ -78.78650665884966, 40.915944971302537 ], [ -78.889804318990358, 40.894052341488717 ], [ -78.863441543234856, 40.860135635581287 ], [ -78.901824937432508, 40.813085035846449 ], [ -78.88130189488426, 40.763631048473982 ], [ -78.913986270603843, 40.71746195790076 ], [ -78.840544327923894, 40.695866171009634 ], [ -78.85963442317906, 40.658088067291843 ], [ -78.826065117504285, 40.624323186090763 ], [ -78.721634035757887, 40.582719943918185 ], [ -78.743461457116751, 40.530531235727018 ], [ -78.664344930862114, 40.502247437493992 ], [ -78.654365497385697, 40.468642254759665 ], [ -78.574455448636726, 40.468744211190831 ], [ -78.563865520578318, 40.376288264979998 ], [ -78.637527318423111, 40.307889941705774 ], [ -78.737251180290357, 40.069116355880084 ], [ -78.823143110974414, 40.007868049214167 ], [ -78.9705811137989, 39.822731598506962 ], [ -78.922158563825064, 39.786576754262533 ], [ -78.912627651678051, 39.736557354009072 ], [ -78.965694972817445, 39.68595291374568 ], [ -79.072738009909031, 39.674142649194238 ], [ -79.186568215362726, 39.597741840679994 ], [ -79.239090073550685, 39.545191041261916 ], [ -79.209810931921723, 39.506984263475822 ], [ -79.286019151843917, 39.444637136952501 ], [ -79.27486504325833, 39.418828971450417 ], [ -79.509603712163369, 39.21430460333881 ], [ -79.468199323218045, 39.178691873063556 ], [ -79.306714745801301, 39.209645910289602 ], [ -79.289820081204851, 39.188643593513454 ], [ -79.354767978760606, 39.087131387775962 ], [ -79.29834914221864, 39.073756379838088 ], [ -79.303661374477215, 39.046754393558956 ], [ -79.367580111046124, 38.924891323692847 ], [ -79.454001618335127, 38.930251228223028 ], [ -79.446634898813187, 38.899775927556227 ], [ -79.519656977355524, 38.891655308726961 ], [ -79.539461035506434, 38.841123623323853 ], [ -79.508604381882506, 38.783676087574023 ], [ -79.596119522264274, 38.662798440029 ], [ -79.62686712222731, 38.664641356615647 ], [ -79.619337672927571, 38.620212193970765 ], [ -79.697622124274773, 38.487275478050265 ], [ -79.689976922612999, 38.43110582641566 ], [ -79.727273780974585, 38.362190483034809 ], [ -79.810272566292042, 38.306563821029144 ], [ -79.789090347462277, 38.268319093752176 ], [ -79.920010740927481, 38.182565564285106 ], [ -79.945193435566324, 38.131946997564711 ], [ -79.926279895313883, 38.106895465599131 ], [ -79.999308952140041, 37.995143225830965 ], [ -80.162094215132768, 37.875033824424968 ], [ -80.253042228565576, 37.725435372102488 ], [ -80.318315035566584, 37.685562070101469 ], [ -80.346590819461838, 37.641675529872209 ], [ -80.311992209626723, 37.630866566164009 ], [ -80.356259695777482, 37.605503794255149 ], [ -80.318103029916614, 37.568429623787878 ], [ -80.502669696801163, 37.482255904301368 ], [ -80.463102316016261, 37.433176959364893 ], [ -80.532620559244407, 37.340403353301795 ], [ -80.26212009710234, 37.458860451641279 ], [ -80.208304533436802, 37.434726459850125 ], [ -80.467229681239772, 37.293795078757711 ], [ -80.396480278409456, 37.291094150727432 ], [ -80.420738550844547, 37.176118489001055 ], [ -80.366911861921523, 37.140809378494083 ], [ -80.453542544619381, 37.078628975541513 ], [ -80.408911657003969, 37.041918571515424 ], [ -80.365072181812124, 37.080475307495924 ], [ -80.288489854824732, 37.077362194441505 ], [ -80.231549429209863, 37.033497992789087 ], [ -80.113473311323105, 37.087199067788632 ], [ -80.104586455365094, 37.026517015536477 ], [ -80.145637072947295, 36.949498480633892 ], [ -80.386296649056476, 36.798260520021365 ], [ -80.394563367709637, 36.744615929290262 ], [ -80.458867393473582, 36.738310933758946 ], [ -80.488245606037211, 36.652845708754747 ], [ -80.685617876907557, 36.669920808914249 ], [ -80.783383254762285, 36.606789165022242 ], [ -80.824840362058708, 36.623175164769471 ], [ -80.823471030777071, 36.559369103159014 ], [ -80.900481250298469, 36.565875043671674 ], [ -80.946799500869474, 36.527563179643117 ], [ -80.935165814991365, 36.497107596044586 ], [ -81.00336838637304, 36.421750955296218 ], [ -80.965415602625171, 36.414436829124803 ], [ -80.982444796331421, 36.390407900291777 ], [ -81.071015087865632, 36.447435996690359 ], [ -81.1777996634803, 36.433376728031774 ], [ -81.243353625333668, 36.365922910775772 ], [ -81.358763373109639, 36.367788332379128 ], [ -81.373726576310887, 36.282925049249819 ], [ -81.412681710933754, 36.29473123333883 ], [ -81.507234016715913, 36.22440750985416 ], [ -81.592258839750514, 36.219383812521244 ], [ -81.586264748183567, 36.17175584703903 ], [ -81.662624061628378, 36.117963879699538 ], [ -81.70503483351888, 36.150380825431903 ], [ -81.699404074857185, 36.233615707436591 ], [ -81.737919080589307, 36.269332768075898 ], [ -81.705253583504401, 36.341453562878215 ], [ -81.741844210707001, 36.410888664718144 ], [ -81.695289655039616, 36.467330930077296 ], [ -81.707962054050327, 36.536170985941652 ], [ -81.67237094331341, 36.592700930025622 ], [ -81.53904420393259, 36.665323231631483 ], [ -81.544557091465819, 36.701815181666937 ], [ -81.329087808566001, 36.748208825674801 ], [ -81.391107917181316, 36.81021467591551 ], [ -81.285578217716406, 36.885419576587822 ], [ -81.372682682225744, 36.963927998201335 ], [ -81.261118422386801, 37.031719456608329 ], [ -81.269834673881363, 37.068307971835765 ], [ -81.403138662349619, 37.060367718833334 ], [ -81.401306945652507, 37.116158674421996 ], [ -81.45332763455194, 37.10808902916402 ], [ -81.411739308212958, 37.122067131164954 ], [ -81.442302194305555, 37.214096787463191 ], [ -81.665237818203494, 37.118332682524937 ], [ -81.699401903063205, 37.161163761745868 ], [ -81.678115552217406, 37.201455223573781 ], [ -81.726302758498846, 37.240500804289489 ], [ -81.91453883338275, 37.130566515866207 ], [ -82.007923698754666, 37.119735477173812 ], [ -82.044672834326946, 37.046567429081264 ], [ -82.217562787576384, 37.030609435424083 ], [ -82.258047221073923, 36.98907703549974 ], [ -82.311030442044213, 37.007419185885531 ], [ -82.358951075286299, 36.955846970183778 ], [ -82.471242981428887, 36.991197220036327 ], [ -82.510000695296014, 36.942715177776336 ], [ -82.520458000254067, 36.993498266179948 ], [ -82.676808885422247, 37.061102873678337 ], [ -82.868291905108222, 36.976679474226643 ], [ -82.878452051224045, 36.889777726553675 ], [ -83.072781026130812, 36.854474639645936 ], [ -83.135245217715322, 36.742600327328724 ], [ -83.53033811304374, 36.666035325968558 ], [ -83.877769476854269, 36.473297107664592 ], [ -84.078491180922185, 36.454872122144231 ], [ -84.225158707234542, 36.376354196220269 ], [ -84.296951261297167, 36.436366992482569 ], [ -84.32669069250916, 36.424804687626271 ], [ -84.225494395349301, 36.217601805420905 ], [ -84.24791713696635, 36.149753573353202 ], [ -84.32477572494615, 36.104446383641331 ], [ -84.454635651145821, 36.118995671851856 ], [ -84.458587627002558, 36.18952560956582 ], [ -84.585807796615981, 36.234256720941879 ], [ -84.761993374004419, 36.195575744067881 ], [ -84.761276273410175, 36.237800622420302 ], [ -84.848854077777816, 36.254554750100098 ], [ -84.914802542756277, 36.18256758615518 ], [ -85.052360551590837, 36.177616080492768 ], [ -85.19249728867824, 36.053878804784418 ], [ -85.132698063227579, 36.018516534718792 ], [ -85.116050717917304, 35.913257555940675 ], [ -85.071800238348118, 35.907035818255167 ], [ -85.100975010698008, 35.872943876745595 ], [ -85.096351585857192, 35.742591897118345 ], [ -85.166114839871909, 35.711269356239363 ], [ -85.308128380064602, 35.545242341874719 ], [ -85.365158115484334, 35.523979193542537 ], [ -85.441726674083199, 35.576606741631842 ], [ -85.491615273639525, 35.528621696740473 ], [ -85.465484607830049, 35.41637803462919 ], [ -85.580673200884362, 35.313434574599526 ], [ -85.597541821730701, 35.358108525338622 ], [ -85.77339172820713, 35.352958715014168 ], [ -85.797721884963138, 35.446472188394424 ], [ -85.849998472796329, 35.431682603360677 ], [ -85.895477282265574, 35.478824579708245 ], [ -85.946403527549307, 35.481197351727936 ], [ -86.030471770723182, 35.551502245958304 ], [ -86.020721465495726, 35.579540280787235 ], [ -86.191970861842691, 35.701541858545262 ], [ -86.24659726721579, 35.687023188728482 ], [ -86.240875257948034, 35.627799984489762 ], [ -86.3425521785245, 35.664154012424682 ], [ -86.403373725845199, 35.618820150609132 ], [ -86.410011328027309, 35.656688715008414 ], [ -86.469703655639009, 35.644187958356689 ], [ -86.519599904224222, 35.712753259487776 ], [ -86.640731780303682, 35.703510314773716 ], [ -86.797218345584056, 35.795082095747183 ], [ -87.017669660822051, 35.797042838690267 ], [ -87.083709699827011, 35.876075706189972 ], [ -87.304954527776658, 35.953674335894824 ], [ -87.394462553756611, 36.099140174290291 ], [ -87.529220556592421, 36.093952194055348 ], [ -87.58953859897791, 36.214050324119803 ], [ -87.699157739885237, 36.250774410439888 ], [ -87.77165985515262, 36.362480149878571 ], [ -87.958976720953984, 36.475631732150816 ], [ -87.969306927315913, 36.600662255510358 ], [ -88.046907280986616, 36.710002132725599 ], [ -88.10246073945045, 36.939750182467357 ], [ -88.216770298956348, 36.97939555865036 ], [ -88.330380702227842, 37.121986892035792 ], [ -88.395123999925673, 37.110153326623184 ], [ -88.483340655203378, 37.035103652586187 ], [ -88.626830702994411, 37.084963789301213 ], [ -88.682904916077106, 36.963611394417498 ], [ -88.803700813014615, 37.008316856026568 ], [ -88.948067157834174, 36.989236315701923 ], [ -89.015354975327966, 37.100986775072073 ], [ -89.086042981973762, 37.121840306394013 ], [ -89.15932260969096, 37.061699953655314 ], [ -89.160670389131297, 37.010946913709311 ], [ -89.125029722795801, 36.990263010175511 ], [ -89.149293828315436, 36.983661724086581 ], [ -89.256401543622388, 37.092140305392938 ], [ -89.243396173810837, 37.144290993207171 ], [ -89.158227215289401, 37.166801379422047 ], [ -89.140857377112624, 37.214330574411143 ], [ -88.984861530560934, 37.2460689799574 ], [ -88.92320257946362, 37.329140742971241 ], [ -89.037341336750927, 37.357785883191312 ], [ -89.020876697621347, 37.390344700763791 ], [ -89.075968580321288, 37.413592579554454 ], [ -89.072580251428363, 37.439237615788954 ], [ -89.192223961986954, 37.472963833365462 ], [ -89.247873689351451, 37.446990262857767 ], [ -89.266371979545966, 37.540792695779345 ], [ -89.210422633698116, 37.530592432492938 ], [ -89.177146115896932, 37.577019714563406 ], [ -89.018355220079542, 37.557268518053867 ], [ -88.995902635404661, 37.6133381025491 ], [ -88.883434958883853, 37.702625031515183 ], [ -88.785997618587871, 37.711227378078 ], [ -88.795667986888404, 37.815896989338064 ], [ -88.763273523723853, 37.822065778649858 ], [ -88.745199681221862, 37.924059354375828 ], [ -88.687314593084267, 37.9477238142941 ], [ -88.671675991042576, 38.016644503118016 ], [ -88.629309466264289, 38.042362638465193 ], [ -88.6318218717919, 38.106397470938852 ], [ -88.729593434214976, 38.145404235244513 ], [ -88.78637077906231, 38.208893239341066 ], [ -88.804267573332595, 38.257675754579878 ], [ -88.776729953279229, 38.327872391568739 ], [ -88.900406532752328, 38.489899953260476 ], [ -88.847651494967394, 38.596169348428376 ], [ -88.88407922005041, 38.731476597587211 ], [ -88.785837293501274, 38.775754132175955 ], [ -88.740786079214701, 38.851073877390839 ], [ -88.831481859064695, 38.891073146901228 ], [ -88.797108058630187, 38.938536203526347 ], [ -88.836227124850907, 38.959197304530399 ], [ -88.795124794204284, 38.967420599116792 ], [ -88.798094963072671, 39.039510615768975 ], [ -88.710142464474004, 39.104112155542047 ], [ -88.600653167593961, 39.252361459751022 ], [ -88.633251439838475, 39.310820903579106 ], [ -88.621002303184298, 39.401975084259327 ], [ -88.474303910722853, 39.444321792489909 ], [ -88.463095313853529, 39.479885047844284 ], [ -88.38813081331071, 39.486863191765572 ], [ -88.383757330297712, 39.519501701725588 ], [ -88.165659298084407, 39.621748061432143 ], [ -88.263062581738794, 39.636945998234978 ], [ -88.346912782323471, 39.760215202605337 ], [ -88.32497618333619, 39.888602712341083 ], [ -88.275023429156548, 39.937998382675325 ], [ -88.259828778265259, 40.021355577815861 ], [ -88.285442478882118, 40.047922285972042 ], [ -88.255663697939283, 40.09879505391811 ] ] ] } },
{ "type": "Feature", "properties": { "huc2": "01", "name": "New England Region" }, "geometry": { "type": "MultiPolygon", "coordinates": [ [ [ [ -72.939717505756192, 43.280426814691495 ], [ -72.875023124460697, 43.360773862492941 ], [ -72.785673916643432, 43.38086075853483 ], [ -72.798216136447451, 43.438368336708074 ], [ -72.769246742183967, 43.481850119067182 ], [ -72.810938944483198, 43.524887769076713 ], [ -72.830640523473278, 43.669609647628221 ], [ -72.97105172342232, 43.829597139702486 ], [ -72.981398332320666, 43.879565821578062 ], [ -72.917867596825886, 44.020104955457619 ], [ -72.815382019136834, 44.037764849928841 ], [ -72.781267297708112, 44.099353584149092 ], [ -72.710812907501051, 44.091320958140578 ], [ -72.710538105615228, 44.045160887991301 ], [ -72.635775560209268, 44.047851863002641 ], [ -72.580086232537866, 44.106906853724865 ], [ -72.539831763081821, 44.06911371197566 ], [ -72.493543932942814, 44.098063541570056 ], [ -72.39821613458173, 44.072401798476882 ], [ -72.325753851790836, 44.206503553592903 ], [ -72.355885363003267, 44.233007574757345 ], [ -72.314494824309946, 44.242821073832978 ], [ -72.335576320490688, 44.302984639703375 ], [ -72.222516447306646, 44.321836799006704 ], [ -72.229875066234584, 44.40489128933104 ], [ -72.270079770182704, 44.434889729435312 ], [ -72.223847433102065, 44.519247460359892 ], [ -72.167617611770737, 44.532473411597252 ], [ -72.192925327346188, 44.642228717895676 ], [ -72.025229073473923, 44.708785805986913 ], [ -71.983372236115116, 44.768611407779936 ], [ -71.893359688828056, 44.750347032552277 ], [ -71.828087613603671, 44.823292383973978 ], [ -71.872062295881818, 44.851264682497899 ], [ -71.848706101863399, 44.920045359290775 ], [ -71.656452618574079, 44.941200404101153 ], [ -71.72740190380452, 45.028984307022043 ], [ -71.683395352120797, 45.090549837282396 ], [ -71.615561401936617, 45.095144900162708 ], [ -71.632553427111361, 45.138873109852781 ], [ -71.571943466134002, 45.131756881199962 ], [ -71.485887999524024, 45.212874830102272 ], [ -71.386080207862165, 45.234525121617494 ], [ -71.28592382833196, 45.301438753775876 ], [ -71.22872625826021, 45.249473794048001 ], [ -71.146544289471038, 45.239586560346552 ], [ -71.09492329121592, 45.304110756449269 ], [ -71.008234712627996, 45.319397214425976 ], [ -71.010546518082421, 45.347713577288737 ], [ -70.950185318384897, 45.337689721869992 ], [ -70.89838876246364, 45.243620827273212 ], [ -70.855992158765858, 45.229774693105547 ], [ -70.807908440785695, 45.315106304769493 ], [ -70.825950139806125, 45.398380996720924 ], [ -70.795390970636745, 45.428063202554362 ], [ -70.634531211681747, 45.383066969043902 ], [ -70.629403020078172, 45.426454581038726 ], [ -70.724280023482848, 45.508610800850974 ], [ -70.68685545620076, 45.569678318233215 ], [ -70.557367420581116, 45.667071905957521 ], [ -70.398241571425956, 45.719441962418038 ], [ -70.418296525451453, 45.79419733595325 ], [ -70.264948770486413, 45.885388693573198 ], [ -70.239506602849659, 45.939847403991287 ], [ -70.315476264494137, 45.964474420225947 ], [ -70.286599152839273, 45.992217702619641 ], [ -70.317773594127758, 46.020680089165083 ], [ -70.279832968852688, 46.052205823167199 ], [ -70.310693420652441, 46.062299879490965 ], [ -70.270032667537748, 46.147559176442165 ], [ -70.344586425490263, 46.152980502067166 ], [ -70.319100214110904, 46.242979498825115 ], [ -70.285065029355749, 46.257485900493791 ], [ -70.303689773712961, 46.277429880044714 ], [ -70.250472662138122, 46.305701321214386 ], [ -70.291925693679275, 46.320955379096787 ], [ -70.293324476020899, 46.368604676907985 ], [ -70.388514589912802, 46.365135011485989 ], [ -70.331763951520713, 46.424777279885596 ], [ -70.431968262468516, 46.439257302723583 ], [ -70.349289888803554, 46.51454802816864 ], [ -70.399609762970087, 46.590014464002422 ], [ -70.275210678925433, 46.74206477134198 ], [ -70.323825065026526, 46.769872220567102 ], [ -70.28119363113133, 46.780225798092353 ], [ -70.299822674484133, 46.797803472963629 ], [ -70.270288703347802, 46.820191289465846 ], [ -70.160334326905939, 46.831436643492161 ], [ -70.204824895535978, 46.845444946592437 ], [ -70.167179849289923, 46.868684445413038 ], [ -70.203123946478001, 46.876684228547632 ], [ -70.122685819091757, 46.898578875285878 ], [ -70.146804972861389, 46.933524919256058 ], [ -70.039678538577334, 47.033160875555907 ], [ -69.953628267274993, 47.013928588049531 ], [ -69.862526584885586, 47.142528460210144 ], [ -69.737048123005621, 47.147248184063137 ], [ -69.673975885404047, 47.2468097546652 ], [ -69.556637894312658, 47.286918576482321 ], [ -69.566905447234916, 47.322461297562022 ], [ -69.498597731265207, 47.386014986036379 ], [ -69.527684601973348, 47.423316805011744 ], [ -69.469876124732366, 47.426001919270441 ], [ -69.46534422703499, 47.457421336859184 ], [ -69.40650215748974, 47.478291268849027 ], [ -69.417798172042438, 47.506461774145571 ], [ -69.357315008590817, 47.606944975643252 ], [ -69.380369053203424, 47.640126055916603 ], [ -69.335339135564752, 47.642935752266908 ], [ -69.378032890882281, 47.69747143994153 ], [ -69.294183815536314, 47.721013790246268 ], [ -69.356971655762607, 47.770109652004649 ], [ -69.323021981019494, 47.803220170591594 ], [ -69.24726329253734, 47.828440997258994 ], [ -69.245762715775712, 47.692963048559001 ], [ -69.175687953212474, 47.718803478914026 ], [ -69.129118563314464, 47.687214001618173 ], [ -69.069446257623298, 47.792150499411655 ], [ -68.988982401472228, 47.801141535131165 ], [ -68.947367136220947, 47.84971798735409 ], [ -68.959325428901892, 47.89893861890706 ], [ -68.8916024455566, 47.937654206260973 ], [ -68.891769032951743, 47.964692412801007 ], [ -68.927151332106476, 47.964673807137387 ], [ -68.908150053499043, 47.990019187347933 ], [ -68.811977786408093, 48.03356789267756 ], [ -68.725381586261051, 47.990814948749367 ], [ -68.648590161829603, 48.075882942516834 ], [ -68.626163921364338, 48.04323233529523 ], [ -68.568018655437641, 48.085514596114592 ], [ -68.493039112659275, 48.057617745258824 ], [ -68.455369131660291, 48.098994537707092 ], [ -68.337406913351316, 48.070437747747434 ], [ -68.274593602913285, 47.958865784827971 ], [ -68.350732608873528, 47.94296246226169 ], [ -68.334329584560464, 47.88435574791626 ], [ -68.123148466173419, 47.840442846112943 ], [ -68.033625330512422, 47.774928406053718 ], [ -67.979300240064148, 47.781704084532166 ], [ -67.966109679331822, 47.749366947707806 ], [ -68.08159123956348, 47.677447547107356 ], [ -68.021364295905869, 47.610891647217741 ], [ -68.049656992733318, 47.550787891152012 ], [ -67.917578447366054, 47.45115913846039 ], [ -67.950179003999381, 47.416736444494639 ], [ -67.864002220763695, 47.38124891732533 ], [ -67.875912477867388, 47.326803976427648 ], [ -67.795155085995233, 47.353775404446267 ], [ -67.739892748473196, 47.310881386022601 ], [ -67.72880801872634, 47.394947789554564 ], [ -67.679764837392199, 47.452983188162314 ], [ -67.537709144266842, 47.362847777314691 ], [ -67.461106611599533, 47.384011979218698 ], [ -67.44202339964032, 47.328686808809529 ], [ -67.464647757235312, 47.281673968329336 ], [ -67.441000021998292, 47.229963916944989 ], [ -67.379880410243729, 47.204381390491569 ], [ -67.403228785002526, 47.168918662133144 ], [ -67.376870677360358, 47.093217068710935 ], [ -67.500465368101004, 46.965335843782981 ], [ -67.554605443338971, 46.965070166516675 ], [ -67.57091114797403, 46.889849964390976 ], [ -67.646836863289195, 46.828304158654916 ], [ -67.685700003473997, 46.833514486512748 ], [ -67.704511223181143, 46.767846861922415 ], [ -67.655365801206841, 46.768526943267204 ], [ -67.633967751179611, 46.706248177414111 ], [ -67.488962579201456, 46.687459035053728 ], [ -67.417324740668676, 46.649877469739444 ], [ -67.414786654175586, 46.610949828675693 ], [ -67.328701514091748, 46.594562100776479 ], [ -67.384319714901679, 46.499948231354821 ], [ -67.334847166619667, 46.480655107341271 ], [ -67.32631812155995, 46.429795956642188 ], [ -67.224044902172494, 46.376325741996183 ], [ -67.186775308066075, 46.289174975307752 ], [ -67.114288265244568, 46.303849713876524 ], [ -67.016268662987642, 46.269965919213782 ], [ -67.003125002550703, 46.225140491793653 ], [ -66.921822736653638, 46.165569142969254 ], [ -66.662134143308521, 46.11171670506031 ], [ -66.61430663533072, 46.049455213037582 ], [ -66.634159912795894, 46.013634113959746 ], [ -66.607863549318665, 46.018161010628141 ], [ -66.603646552900017, 45.974061335395916 ], [ -66.687806117871418, 45.94062813982093 ], [ -66.675008583209276, 45.921495676684216 ], [ -66.81951518071854, 45.921646427966678 ], [ -66.822060325741944, 45.864265332190179 ], [ -66.793183988515693, 45.847145462089991 ], [ -66.907019197872998, 45.767206255580987 ], [ -66.904910521276221, 45.704327582671873 ], [ -66.941995566595608, 45.762829755243736 ], [ -67.044456502813702, 45.709255197378795 ], [ -67.0297240861604, 45.621189142098267 ], [ -67.078254719785321, 45.556426973518214 ], [ -67.050117500887893, 45.522556296477461 ], [ -66.855407711087906, 45.586196863690944 ], [ -66.801399197671643, 45.571258541819816 ], [ -66.735832264028772, 45.432823174300765 ], [ -66.680076550821951, 45.37490845451488 ], [ -66.611633283827956, 45.357467668070704 ], [ -66.561248814872584, 45.421733854755708 ], [ -66.487091107393226, 45.386184683448867 ], [ -66.478561403410268, 45.464557664548842 ], [ -66.415626472401556, 45.406429290821222 ], [ -66.26982112931799, 45.363975545476876 ], [ -66.225006114441001, 45.199394241462258 ], [ -66.183029181383716, 45.185649840988482 ], [ -66.238491874547364, 45.143204196983746 ], [ -66.018746722573681, 44.900272082730538 ], [ -66.193586687204345, 44.837930947619817 ], [ -66.541503969586856, 44.435771926014723 ], [ -66.6457795375335, 44.417615537339238 ], [ -67.133872312094439, 44.455371450603387 ], [ -67.169363628483381, 44.518808805649449 ], [ -67.139338096923893, 44.571586282649506 ], [ -67.075685164490352, 44.587846355634944 ], [ -67.128210618355922, 44.61816560161737 ], [ -67.435622298243587, 44.504522698987742 ], [ -67.482369387678844, 44.43677511093054 ], [ -67.5660783603807, 44.397511409669846 ], [ -67.762953155610404, 44.402114437732124 ], [ -67.833298225554557, 44.318114280514685 ], [ -67.923958254603207, 44.335942327021705 ], [ -68.003635362814848, 44.278291717714495 ], [ -68.131067998078549, 44.266227566671141 ], [ -68.12602284519474, 44.222278812098722 ], [ -68.172699609407118, 44.188559310632705 ], [ -68.195564479358126, 44.105741256810298 ], [ -68.320169856809585, 44.052811787253688 ], [ -68.437531468292889, 44.052461267450539 ], [ -68.566402536924002, 43.960346232860211 ], [ -68.98320406858177, 43.960485207876083 ], [ -68.934087182436883, 43.915891579477091 ], [ -68.732248203666089, 43.94487298237437 ], [ -68.667659126095188, 43.91680286328981 ], [ -68.67425285354372, 43.861674610606762 ], [ -68.786358376746065, 43.804673785092895 ], [ -68.819562537955036, 43.739427745488847 ], [ -68.932925176025634, 43.753394926077981 ], [ -69.038154649054334, 43.850432014839555 ], [ -69.156330707498853, 43.795322601741425 ], [ -69.263308679731182, 43.815476860694751 ], [ -69.23337886021568, 43.7571545881463 ], [ -69.305701039491112, 43.705289246049816 ], [ -69.386982093271726, 43.735081228166933 ], [ -69.38833259284668, 43.799882878098984 ], [ -69.465444485075338, 43.79490636645621 ], [ -69.548708680221665, 43.707896680201117 ], [ -69.663260371970594, 43.711749492605698 ], [ -69.726931852557613, 43.658708055549852 ], [ -69.85406689122108, 43.647103119372062 ], [ -70.150440826422312, 43.526877549360663 ], [ -70.367622738293406, 43.323796033456297 ], [ -70.488098277531236, 43.286172542959221 ], [ -70.521666075195157, 43.162447116685243 ], [ -70.438285397410382, 43.164769560177916 ], [ -70.410790548815683, 43.09989832077914 ], [ -70.484024708915641, 43.070559714756719 ], [ -70.555407612927979, 43.12140579609131 ], [ -70.598040107778445, 43.057627647346592 ], [ -70.531761635253801, 43.018419436619993 ], [ -70.543294168279701, 42.937245609380874 ], [ -70.612429368631012, 42.912553860690572 ], [ -70.695462844585066, 42.952790370731009 ], [ -70.747128033142928, 42.857846708388649 ], [ -70.69645478383319, 42.72393858908471 ], [ -70.605779823553831, 42.740044724032174 ], [ -70.499202533157913, 42.676103934442885 ], [ -70.515370673212942, 42.610974928315251 ], [ -70.601148861847776, 42.549320337837955 ], [ -70.692166106454252, 42.277633739916261 ], [ -70.609647729865031, 42.13982953743848 ], [ -70.155554792861992, 42.131415804251901 ], [ -70.024102863431466, 42.085847401765946 ], [ -69.944674225957556, 42.003999163357093 ], [ -69.878372253567946, 41.851550843659737 ], [ -69.860440413269586, 41.701559602143838 ], [ -69.931877241800976, 41.526857113088127 ], [ -70.043705365944277, 41.465194747530347 ], [ -69.895247630302194, 41.286148755916777 ], [ -69.910046048883345, 41.225443385205466 ], [ -69.969605685023907, 41.19460530184255 ], [ -70.136554192886848, 41.194464237345329 ], [ -70.343881766338114, 41.276010767214544 ], [ -70.459523525092706, 41.263880216181867 ], [ -70.559545795430594, 41.29977457005041 ], [ -70.702070772610583, 41.290001737105811 ], [ -70.761922960682242, 41.210492519106992 ], [ -70.846443494103227, 41.20397971815153 ], [ -70.896835340787263, 41.244736541414632 ], [ -70.873533165754708, 41.298689524636174 ], [ -70.899169127693312, 41.325753265500701 ], [ -71.009208855172375, 41.358835865912873 ], [ -71.09103025625042, 41.43705689585066 ], [ -71.4591339439514, 41.312676683811127 ], [ -71.559649763591466, 41.321160922404651 ], [ -71.743505832220166, 41.27518709327078 ], [ -71.884332820174251, 41.305479977454574 ], [ -71.855273327501877, 41.314812213800586 ], [ -71.881308188669024, 41.346334240823836 ], [ -72.065593911158501, 41.31521518798489 ], [ -72.084717942627108, 41.363800400731179 ], [ -72.111461005659336, 41.299122441025361 ], [ -72.189511959558644, 41.32359190942293 ], [ -72.205393759757342, 41.285509063878187 ], [ -72.218236751526462, 41.30818368491726 ], [ -72.387140258944726, 41.261067781649793 ], [ -72.664139829309846, 41.271651117223861 ], [ -72.706314504881433, 41.243714544905401 ], [ -72.755962106569285, 41.269312587150239 ], [ -72.816473640084197, 41.249750136778957 ], [ -72.807999696749775, 41.276660196945897 ], [ -72.893606729696927, 41.242017113677022 ], [ -72.906033156553008, 41.298863952068977 ], [ -73.013924779604935, 41.205082452175247 ], [ -73.106804893530366, 41.172233680114374 ], [ -73.111730702785266, 41.200585142508871 ], [ -73.125997850961042, 41.173932650417349 ], [ -73.103021743248249, 41.151409793753771 ], [ -73.186246365351522, 41.176603563416336 ], [ -73.262352787278431, 41.117914112068298 ], [ -73.367683040744765, 41.11953945610923 ], [ -73.477553635353516, 41.036312454781985 ], [ -73.502191703040097, 41.058095639727583 ], [ -73.570689006016082, 41.001953037399247 ], [ -73.572756840501853, 41.029864862137735 ], [ -73.640981460672847, 41.010758145247074 ], [ -73.698036820841494, 40.939619414710599 ], [ -73.736872038386892, 41.152413167486472 ], [ -73.643837459058531, 41.212767251359139 ], [ -73.584851714592673, 41.192377887287982 ], [ -73.523298152955164, 41.287200545528506 ], [ -73.502596022460523, 41.274509527154883 ], [ -73.49508030079275, 41.320532164138683 ], [ -73.558787146327731, 41.367100672546854 ], [ -73.49464063942122, 41.52981837404657 ], [ -73.538653911662095, 41.584334432867479 ], [ -73.645488932701554, 41.554875384334011 ], [ -73.637338060257434, 41.707023036064228 ], [ -73.674831470209796, 41.749587590970421 ], [ -73.629831691668741, 41.751666002687465 ], [ -73.624829689305699, 41.777827560301922 ], [ -73.663179300937756, 41.857978617681162 ], [ -73.590050111296406, 41.902728387038728 ], [ -73.547369903031495, 42.021217895362966 ], [ -73.432338306895474, 42.081465520385386 ], [ -73.438103794119911, 42.119696825250976 ], [ -73.490839791223081, 42.134776878016559 ], [ -73.468123711658038, 42.215701230749445 ], [ -73.511786933887706, 42.28343459051662 ], [ -73.499815389439348, 42.326125602891317 ], [ -73.379963470714927, 42.412199721365262 ], [ -73.263269498909722, 42.555741765809877 ], [ -73.270025889472052, 42.602731163944249 ], [ -73.202209716219713, 42.584712121764788 ], [ -73.208590364594386, 42.486115876149697 ], [ -73.056998326463898, 42.543397269484863 ], [ -73.075268332691081, 42.662885136112834 ], [ -72.999361165852775, 42.815518840973681 ], [ -73.082956524668077, 42.840776514620615 ], [ -73.053442780555642, 42.891237444462917 ], [ -73.072748805867874, 42.99561135273543 ], [ -73.00955886252666, 43.037975509940907 ], [ -72.993442471549514, 43.169466416894323 ], [ -72.942582969375607, 43.207986224597747 ], [ -72.939717505756192, 43.280426814691495 ] ] ], [ [ [ -71.680196038591234, 41.160119925834778 ], [ -71.631043864744498, 41.268277206434981 ], [ -71.569566966653866, 41.290919977355315 ], [ -71.49577845125134, 41.239921462283569 ], [ -71.476596169462383, 41.152342132917923 ], [ -71.518970350842352, 41.107494640242344 ], [ -71.601459738833285, 41.096103793383776 ], [ -71.680196038591234, 41.160119925834778 ] ] ] ] } },
{ "type": "Feature", "properties": { "huc2": "04", "name": "Great Lakes Region" }, "geometry": { "type": "Polygon", "coordinates": [ [ [ -93.015382294622057, 47.453605562442924 ], [ -92.87700188800838, 47.519855992789353 ], [ -92.829332313667138, 47.49765016810057 ], [ -92.59255357396782, 47.574490151009627 ], [ -92.446188641547707, 47.560890783295925 ], [ -92.517742984423663, 47.494361023464798 ], [ -92.492605034060631, 47.480516798845926 ], [ -92.334290167882088, 47.551026507559712 ], [ -92.354294044823419, 47.591031272352154 ], [ -92.249123121532534, 47.656236707081277 ], [ -92.264253514961368, 47.712519461119697 ], [ -92.125533581588002, 47.784410526197078 ], [ -92.073957504235452, 47.764263523223768 ], [ -92.092368443644133, 47.749480801004381 ], [ -92.064789387396914, 47.703978676821954 ], [ -91.917726898821556, 47.711993780741693 ], [ -91.906141056937003, 47.688855673347874 ], [ -91.952359863655715, 47.650940720288681 ], [ -91.839055205791055, 47.557318010691901 ], [ -91.769636487155793, 47.608520396099728 ], [ -91.697033045050489, 47.606863958429322 ], [ -91.706823392331401, 47.545206735807398 ], [ -91.651129056040261, 47.530434410787933 ], [ -91.731003765739672, 47.458931203162038 ], [ -91.607723271297914, 47.470889929531637 ], [ -91.577676415458342, 47.439752620356941 ], [ -91.4529297242631, 47.471448962307988 ], [ -91.445794219713633, 47.516591000509834 ], [ -91.310728082365571, 47.588952839084527 ], [ -91.317207409380643, 47.629028697213315 ], [ -91.264472326528875, 47.60621876933002 ], [ -91.112770909906686, 47.635585282028778 ], [ -91.10149981990206, 47.68642576732627 ], [ -91.03403904770947, 47.737570772153624 ], [ -91.047574994382074, 47.768829688154788 ], [ -91.00054463952965, 47.793401270458197 ], [ -90.956028267367984, 47.771485362384823 ], [ -90.922604686138087, 47.937882957271405 ], [ -90.830095056848421, 47.926560233002569 ], [ -90.62562346853268, 48.014178480575339 ], [ -90.604367568113645, 48.036285364351606 ], [ -90.688176750580396, 48.040904623210373 ], [ -90.551531266320609, 48.058918591381712 ], [ -90.607725938596076, 48.090484439239617 ], [ -90.439642920243543, 48.131151109377434 ], [ -90.339055397742257, 48.229841824603596 ], [ -90.17549542940921, 48.296398054273737 ], [ -90.123382924081881, 48.295662394800118 ], [ -90.15086998590003, 48.273959983274665 ], [ -90.122999986137259, 48.243489988911328 ], [ -89.951489986873469, 48.263290004373971 ], [ -89.870240002225259, 48.213249986257601 ], [ -89.644040041674216, 48.268459976235128 ], [ -89.597370036412983, 48.193969993736026 ], [ -89.551849985522622, 48.219699972651576 ], [ -89.468820038815764, 48.199520001956486 ], [ -89.413979977964814, 48.27286002845878 ], [ -89.358139971513978, 48.274999984285941 ], [ -89.278680004342306, 48.352540023514379 ], [ -89.240480004605544, 48.351930023913084 ], [ -89.261787756878732, 48.370056715731565 ], [ -89.215880872867814, 48.405518543484 ], [ -89.252469447716436, 48.4358179624803 ], [ -89.183645064552238, 48.452310646303381 ], [ -89.166139985764033, 48.491869988082783 ], [ -89.065432894713652, 48.490963208297138 ], [ -89.000123048278027, 48.530620244531683 ], [ -88.962802857668152, 48.512660588726995 ], [ -88.854099999186047, 48.593260431773906 ], [ -88.844631064694084, 48.561178192791765 ], [ -88.816628166919529, 48.584780004839928 ], [ -88.73592975222158, 48.57441347099418 ], [ -88.85986851271791, 48.405490706112687 ], [ -88.853423721173428, 48.349884534265428 ], [ -88.913732296932793, 48.328831280407556 ], [ -88.749634178940823, 48.357517332025687 ], [ -88.692937999116211, 48.442590785744471 ], [ -88.715628570614527, 48.508531307379009 ], [ -88.647007477034549, 48.524758529360781 ], [ -88.636605444203212, 48.613743563485627 ], [ -88.552064041480861, 48.655713168526994 ], [ -88.577561007347072, 48.684039548368744 ], [ -88.550068201458458, 48.690141993431681 ], [ -88.571317419381955, 48.748206074339159 ], [ -88.548144463266027, 48.748161905272582 ], [ -88.584092883605393, 48.763086230259702 ], [ -88.542638496021368, 48.773320850233993 ], [ -88.576284296000424, 48.798010271353462 ], [ -88.485709907983107, 48.81768840870739 ], [ -88.565669013253626, 48.84375979880555 ], [ -88.495280311686969, 48.837617614969396 ], [ -88.472847357626492, 48.873478799264724 ], [ -88.438093277083809, 48.849402065200451 ], [ -88.376488101115712, 48.885794143516037 ], [ -88.404237381246134, 48.83645978773643 ], [ -88.330517474242257, 48.867611293005531 ], [ -88.342784140081889, 48.821817030835689 ], [ -88.305286509853318, 48.816638878376565 ], [ -88.291020260909107, 48.785951927181792 ], [ -88.316004837241422, 48.773816300703686 ], [ -88.269376410161755, 48.74394360498524 ], [ -88.327526710723419, 48.706408761884319 ], [ -88.330578401991303, 48.665683328137781 ], [ -88.436184228394453, 48.607853874417451 ], [ -88.446953973471935, 48.570324227091284 ], [ -88.453006250060696, 48.569651365254906 ], [ -88.455668201789791, 48.568288367275677 ], [ -88.45706782168466, 48.563554387760995 ], [ -88.464542145319001, 48.562106738873531 ], [ -88.466136087707127, 48.561243450959481 ], [ -88.468042264195077, 48.556002919981097 ], [ -88.495116338065898, 48.555534579633616 ], [ -88.552784919374105, 48.520392862292624 ], [ -88.552886254045333, 48.415513730194533 ], [ -88.521045227476293, 48.475700832688943 ], [ -88.491249217268532, 48.469872224927833 ], [ -88.503020438522441, 48.51427048126893 ], [ -88.461995445958635, 48.523542368605504 ], [ -88.439632791581943, 48.583858016405841 ], [ -88.39876245075861, 48.545050717223866 ], [ -88.330614969190563, 48.574551915941157 ], [ -88.352448252335137, 48.646042016257717 ], [ -88.309580514538325, 48.658539265706906 ], [ -88.274988819224603, 48.60051428844578 ], [ -88.221626693556686, 48.630283446958678 ], [ -88.238658193112499, 48.580985274528196 ], [ -88.100907888743279, 48.705181304571802 ], [ -88.121603208247379, 48.742174176679413 ], [ -88.101608057684459, 48.790635595974067 ], [ -88.2486233416152, 48.829416357817621 ], [ -88.241925849076509, 48.927523513574208 ], [ -88.277159953284581, 48.9609999655544 ], [ -88.00333875884877, 49.022612604276731 ], [ -88.024258906115023, 49.009550607849704 ], [ -87.996444501872475, 49.006512295856098 ], [ -88.005188406592694, 48.966897333547386 ], [ -87.974978229201156, 48.983155337811539 ], [ -87.92392596425185, 48.930667812056946 ], [ -87.889177047764406, 48.960807597938924 ], [ -87.831735503301417, 48.916735668881046 ], [ -87.781523195751603, 48.933306959414757 ], [ -87.771472143604072, 48.897846892980112 ], [ -87.742892821804006, 48.922833776266934 ], [ -87.653738417231409, 48.901156206527766 ], [ -87.633849533018733, 48.85748921798551 ], [ -87.543318341084742, 48.886263182420436 ], [ -87.542985699022367, 48.828082359198497 ], [ -87.473789518334627, 48.863149753364439 ], [ -87.471031325956886, 48.840515664724215 ], [ -87.390875541328199, 48.841300474242992 ], [ -87.364538872950476, 48.801381686622477 ], [ -87.290260443700774, 48.808311800652845 ], [ -87.278064191532138, 48.761848179141992 ], [ -87.206295457170626, 48.759846004496637 ], [ -87.148073175431705, 48.800045985992334 ], [ -87.149084378646862, 48.771604318531963 ], [ -87.035743308919635, 48.797365732850018 ], [ -87.006936799420274, 48.778304070701914 ], [ -87.016112293439534, 48.810454721225881 ], [ -86.96395075816281, 48.819647482284232 ], [ -86.872580471131144, 48.750203838319351 ], [ -86.696021948217137, 48.814554494515782 ], [ -86.684089574088091, 48.790372918038763 ], [ -86.569437720337689, 48.782256684658954 ], [ -86.615235808971306, 48.776201436910362 ], [ -86.599180082473964, 48.759203880188572 ], [ -86.633231312056395, 48.744215916453648 ], [ -86.604809476702542, 48.732841007945019 ], [ -86.54504817717995, 48.731667114567784 ], [ -86.496413860085795, 48.781243196641753 ], [ -86.437607226733903, 48.787169382876513 ], [ -86.382602014705299, 48.733190561484321 ], [ -86.325241903007893, 48.765861704552648 ], [ -86.318965090932835, 48.662232699480903 ], [ -86.26829810191046, 48.647020537397403 ], [ -86.3247688438192, 48.61785566789554 ], [ -86.250035255498631, 48.578103004507796 ], [ -86.273334362137703, 48.554154116078628 ], [ -86.218843796732003, 48.411517284075082 ], [ -86.163358020369003, 48.389691602088163 ], [ -86.191557988960568, 48.370600646705093 ], [ -86.158446383250435, 48.333001888822054 ], [ -86.182934580901843, 48.337980501004438 ], [ -86.136984175833078, 48.297518821222191 ], [ -86.105065319398506, 48.195598100276115 ], [ -85.975228909952108, 48.084480522573834 ], [ -86.023819089546478, 48.084360714641683 ], [ -85.795673677597335, 47.951020228063598 ], [ -85.475657769968407, 47.918007831341228 ], [ -85.255542467208869, 47.969536689900707 ], [ -84.834752440447161, 47.955995390876986 ], [ -84.83724197683496, 47.90912307165582 ], [ -84.938857705737334, 47.842679719118969 ], [ -84.895302315163335, 47.779680475006153 ], [ -84.998609941079053, 47.707529815433737 ], [ -84.961808793375212, 47.670461586774096 ], [ -85.032601450903925, 47.598809951897216 ], [ -84.93347226761928, 47.581012514171967 ], [ -84.944838093558516, 47.530168363460646 ], [ -84.800335639142219, 47.494547234305792 ], [ -84.668188986366758, 47.399377548202267 ], [ -84.691272153794927, 47.377435132093524 ], [ -84.576185744679108, 47.351067031520273 ], [ -84.615972682271419, 47.33232530199804 ], [ -84.563565038224297, 47.305449012727586 ], [ -84.610596988089426, 47.230685093393319 ], [ -84.646255974487161, 47.238006754480622 ], [ -84.640359975086483, 47.205569974153399 ], [ -84.67713361122, 47.201252117122479 ], [ -84.677674166827757, 47.150942672594027 ], [ -84.715799183864362, 47.149418176301502 ], [ -84.6902666419371, 47.089160504601793 ], [ -84.765722814644533, 47.053986936818667 ], [ -84.753677541032104, 47.029101101326077 ], [ -84.787850746549765, 46.995488165591865 ], [ -84.726481534947041, 46.957995348662337 ], [ -84.678198792772264, 46.977289136737497 ], [ -84.635450897528671, 46.935767919958096 ], [ -84.53325457190833, 46.960431783810108 ], [ -84.517234405410164, 46.921274736828146 ], [ -84.45220471452302, 46.948863258318092 ], [ -84.339621708683794, 46.874778954471289 ], [ -84.390789232352915, 46.813001030578597 ], [ -84.459181610531672, 46.81776770099021 ], [ -84.461175102905912, 46.843345118428168 ], [ -84.540813497672403, 46.794346639032234 ], [ -84.557490868775787, 46.686030287456461 ], [ -84.512733578282507, 46.767180667148509 ], [ -84.458850962531599, 46.766029052717954 ], [ -84.427666189925631, 46.758669801690466 ], [ -84.438840643034752, 46.70844112226375 ], [ -84.392643705271624, 46.667905460405763 ], [ -84.427778536612735, 46.681204829774501 ], [ -84.416478092682965, 46.66332092127103 ], [ -84.453102319105014, 46.666762769192445 ], [ -84.445306257042418, 46.639196649619564 ], [ -84.447428951606653, 46.636940325051327 ], [ -84.4500569005302, 46.635366964108407 ], [ -84.452123694129057, 46.635705414560633 ], [ -84.458772560322444, 46.63448695664249 ], [ -84.462516897149982, 46.634926894910727 ], [ -84.46824714696028, 46.633752661628947 ], [ -84.496753234585967, 46.644011392771731 ], [ -84.498739296392614, 46.616266792522566 ], [ -84.527414462387824, 46.626055895699693 ], [ -84.508187535425193, 46.606455121329887 ], [ -84.59205301670319, 46.576656007532648 ], [ -84.556859993405283, 46.552260013132681 ], [ -84.468550021665862, 46.633279966123204 ], [ -84.395470018101094, 46.636149990875587 ], [ -84.397200010743248, 46.664319986557871 ], [ -84.18949998827425, 46.703999990369624 ], [ -84.16296996204116, 46.670670032699498 ], [ -84.098129992772854, 46.691440027428399 ], [ -84.064850041332178, 46.671679972506077 ], [ -84.050799991247914, 46.703380034847839 ], [ -83.88067003792132, 46.709669997315416 ], [ -83.922299976452081, 46.756670001759531 ], [ -83.793610004265602, 46.794380008947719 ], [ -83.821849994339203, 46.819160009892229 ], [ -83.789660021986066, 46.826190011318069 ], [ -83.801490010540775, 46.877450000169411 ], [ -83.736519966629672, 46.883859977100805 ], [ -83.688620034614161, 46.848189965661625 ], [ -83.632670032403254, 46.87695003051806 ], [ -83.671179958836191, 46.909359984186459 ], [ -83.564900020923332, 46.976790026980488 ], [ -83.598200014954784, 47.031279964050583 ], [ -83.508840017436711, 47.058390043502925 ], [ -83.45776001469433, 46.90149996507602 ], [ -83.534929991288578, 46.882179981830731 ], [ -83.483469987293063, 46.843760028563587 ], [ -83.426379998956691, 46.866459993960412 ], [ -83.437339955198894, 46.815300004838868 ], [ -83.487910009453401, 46.792110033140254 ], [ -83.480149971531532, 46.755050015747067 ], [ -83.643730104302847, 46.662301931521874 ], [ -83.717533061183573, 46.661402311560565 ], [ -83.752251040132805, 46.553964684126477 ], [ -83.83665156050931, 46.542871131450305 ], [ -83.741946170097691, 46.490694043551237 ], [ -83.780846818170559, 46.476001468779785 ], [ -83.892999818180101, 46.541708701573221 ], [ -83.879888704900665, 46.47136040759348 ], [ -83.933828107840895, 46.465138863135593 ], [ -83.893751699700616, 46.412254934166384 ], [ -83.820834780316972, 46.398842342405857 ], [ -83.779500162091452, 46.32626061294031 ], [ -83.697060504699891, 46.326173910863865 ], [ -83.704092828827697, 46.27788951754966 ], [ -83.604625572544947, 46.287338927203834 ], [ -83.561934329716451, 46.251786033745582 ], [ -83.451202537546365, 46.266157247614778 ], [ -83.450945357183826, 46.243851743256954 ], [ -82.983578227562148, 46.180778966109251 ], [ -82.608750488154968, 46.202475173977156 ], [ -82.676854797984049, 46.158905766864009 ], [ -82.527602496714948, 46.170983163242845 ], [ -82.459779839386954, 46.212043136922453 ], [ -82.315791690745783, 46.193079849370953 ], [ -82.334410700392979, 46.159813865053103 ], [ -82.308226435470203, 46.140608725308347 ], [ -82.23322678370657, 46.157408007659292 ], [ -82.052417358065398, 46.101247393534585 ], [ -81.746422979486553, 46.117294869464182 ], [ -81.71259795728993, 46.107616949754679 ], [ -81.747902934423706, 46.079165109915763 ], [ -81.728836874285662, 46.066467846651911 ], [ -81.669115898123948, 46.067983989663325 ], [ -81.674491125262847, 46.111055932634244 ], [ -81.641082134272153, 46.123491250673659 ], [ -81.538996840906023, 46.087399307408653 ], [ -81.56400639405939, 46.063222293106655 ], [ -81.529968455743301, 46.042361874006176 ], [ -81.473483950377783, 46.057172343379072 ], [ -81.515923887897557, 46.020887081173719 ], [ -81.481351628093137, 46.015802556801873 ], [ -81.492576854287549, 45.97665937914315 ], [ -81.171134718278765, 46.009481380204804 ], [ -81.135605119016176, 45.980288776745674 ], [ -81.18041799048595, 45.94859937063304 ], [ -81.151115196610817, 45.92520696364803 ], [ -80.975163040735666, 45.97060466139159 ], [ -80.934944758752025, 45.926968813263066 ], [ -80.891677804387811, 45.950700437062046 ], [ -80.848308114824945, 45.922083559394906 ], [ -80.803909874644546, 45.958981896736631 ], [ -80.789250929177129, 45.944118867861732 ], [ -80.795941459080666, 45.917920369312938 ], [ -80.789559529852127, 45.905823361911956 ], [ -80.733066948856774, 45.958370997167158 ], [ -80.737298665339154, 45.878845028570694 ], [ -80.683069889003747, 45.847842354444118 ], [ -80.719033147023268, 45.829260889102699 ], [ -80.637940223486964, 45.803423712292926 ], [ -80.653649851078114, 45.783806126078346 ], [ -80.622602704586782, 45.774932286645907 ], [ -80.637654177631262, 45.739224721810011 ], [ -80.611175371071909, 45.705433298886732 ], [ -80.490537244394361, 45.626941566453041 ], [ -80.51971349982685, 45.606232850301247 ], [ -80.47711806887213, 45.606639929849287 ], [ -80.504398164059054, 45.565996143026709 ], [ -80.420514459027189, 45.580997099392029 ], [ -80.456673261437402, 45.61303907153529 ], [ -80.415728183854682, 45.628995103703083 ], [ -80.376889636829446, 45.598225823754071 ], [ -80.394582717034581, 45.461318403935721 ], [ -80.30001022885682, 45.420998981963734 ], [ -80.295981798760678, 45.356854961504105 ], [ -80.178612749505291, 45.343460890067242 ], [ -80.242493992262737, 45.400732329853462 ], [ -80.072444815689025, 45.408046090428527 ], [ -80.021981254070411, 45.338213808951096 ], [ -80.035847018852479, 45.288817016782765 ], [ -80.134268328902721, 45.235535131968767 ], [ -80.022140488413584, 45.203811623130967 ], [ -79.967872623703187, 45.140338899858079 ], [ -80.07782747218279, 45.086185469402714 ], [ -79.962898290052777, 45.061408967279455 ], [ -79.983200090482285, 45.021186807394493 ], [ -79.925178519246444, 45.012969994727797 ], [ -79.905090348270591, 44.971702602618258 ], [ -79.694226607826508, 44.925901632243104 ], [ -79.669090617829966, 44.821991869598925 ], [ -79.716460750188844, 44.790016013056338 ], [ -79.651367086111122, 44.738916914646303 ], [ -79.695516548374897, 44.717351298464514 ], [ -79.67459502663236, 44.739399423941101 ], [ -79.6984803018169, 44.728238250222589 ], [ -79.701777397225655, 44.754630443135653 ], [ -79.750549042059021, 44.728334372617006 ], [ -79.759113455462327, 44.754947978391591 ], [ -79.7892548787934, 44.727512784076239 ], [ -79.821843709762248, 44.756069675132302 ], [ -79.90145823310263, 44.744111623514257 ], [ -79.914972488209969, 44.772173627047863 ], [ -79.874463853550708, 44.782600711323298 ], [ -79.881250907476456, 44.807667262267032 ], [ -79.922386396000235, 44.797173188312193 ], [ -79.926404275248629, 44.765235716503213 ], [ -79.9798874283656, 44.767249910328587 ], [ -79.914176385969753, 44.852021383938045 ], [ -79.992790751797685, 44.846871407263571 ], [ -80.040844193157142, 44.793808565797924 ], [ -80.11344591472816, 44.796753390012114 ], [ -80.072276715512984, 44.742778982608854 ], [ -79.984176205232956, 44.710141255252132 ], [ -79.982695327941613, 44.645525764912193 ], [ -79.948127090254047, 44.628687837783318 ], [ -79.993638260911567, 44.589482139285245 ], [ -79.960744856055797, 44.566229507661134 ], [ -80.100863207980055, 44.454066333413536 ], [ -80.194750423026775, 44.503526432563866 ], [ -80.231359500619192, 44.469464259551941 ], [ -80.233950815023746, 44.507836123594444 ], [ -80.28066003799043, 44.526910015658352 ], [ -80.343239320552343, 44.504292686347391 ], [ -80.349200441460013, 44.537555110012946 ], [ -80.424216420490211, 44.526751941282747 ], [ -80.511725214543986, 44.594638224521624 ], [ -80.528731071339678, 44.575499076742403 ], [ -80.64931520437284, 44.624959039321865 ], [ -80.624990943412755, 44.63378502117822 ], [ -80.642589854511243, 44.718742543033606 ], [ -80.82155765128276, 44.689544522239238 ], [ -80.840376502169264, 44.647649981770485 ], [ -80.911161058340412, 44.614656801844603 ], [ -80.925524550444138, 44.566556705636444 ], [ -80.955412372920605, 44.612027909806791 ], [ -80.8967607309622, 44.773236407798628 ], [ -81.015409950140963, 44.801371800825322 ], [ -81.140516285282786, 44.735607690570852 ], [ -81.136524464337199, 44.793768011596967 ], [ -81.019168364045115, 44.880287415506977 ], [ -81.162263418895677, 44.88672262862999 ], [ -81.170718396872061, 44.912660082012358 ], [ -81.125971538729758, 44.948415146706211 ], [ -81.272480087518275, 44.990997053147041 ], [ -81.293519117631604, 45.061488778747659 ], [ -81.269208039744754, 45.082691752253737 ], [ -81.345149170365801, 45.12544843743153 ], [ -81.348924528670125, 45.16603454586415 ], [ -81.29296493856053, 45.240263375327132 ], [ -81.552537277421308, 45.245221965337443 ], [ -81.604950755810592, 45.218812969958016 ], [ -81.65214761930288, 45.252484607478891 ], [ -81.688902981466711, 45.248077855637824 ], [ -81.692538327838818, 45.200976122117169 ], [ -81.579901574098315, 45.201597817846341 ], [ -81.587000373799683, 45.160694543059932 ], [ -81.522249859009904, 45.162555544224453 ], [ -81.560993082422684, 45.132664259353426 ], [ -81.482250445068374, 45.095773176374735 ], [ -81.429383984522588, 44.989353052903276 ], [ -81.359934732384374, 44.995050936512698 ], [ -81.361225018137361, 44.908907926239607 ], [ -81.300697103780365, 44.882055912053239 ], [ -81.319658655535207, 44.831057441987092 ], [ -81.256176450221105, 44.823039964556678 ], [ -81.295157243665969, 44.812570051078865 ], [ -81.264275208008939, 44.81262338034724 ], [ -81.283356416069296, 44.803881287223518 ], [ -81.241650428268642, 44.760683818786205 ], [ -81.295765174941238, 44.691722975107396 ], [ -81.254550380143797, 44.643985242414487 ], [ -81.28585630851417, 44.575411602429227 ], [ -81.386304699396277, 44.486706979567295 ], [ -81.372443917658913, 44.438114689219461 ], [ -81.431954422124861, 44.420518350761192 ], [ -81.427882555125024, 44.390089913082747 ], [ -81.500920735241195, 44.402967786748754 ], [ -81.479317431104036, 44.351612222648868 ], [ -81.549319802004845, 44.359320509992671 ], [ -81.547857900213529, 44.31066420691041 ], [ -81.578211332123075, 44.338481664176278 ], [ -81.603755211966018, 44.323173203826201 ], [ -81.55119823619917, 44.274893785678479 ], [ -81.604448987776962, 44.27237811529583 ], [ -81.572973440242293, 44.262594368188843 ], [ -81.607678577801479, 44.247692292054836 ], [ -81.576408793002841, 44.221546477056414 ], [ -81.612355820243835, 44.225679806707141 ], [ -81.670587976965052, 44.12945870323577 ], [ -81.753921007298686, 44.077630506161867 ], [ -81.727156962073821, 44.067819584038375 ], [ -81.711412479193868, 43.936629986458193 ], [ -81.727944190019045, 43.748325998372877 ], [ -81.686090587978654, 43.729761802208543 ], [ -81.723754033536324, 43.724873005411851 ], [ -81.689999255408765, 43.705938455029163 ], [ -81.724582213878719, 43.702968983621737 ], [ -81.697138854191834, 43.659002835599296 ], [ -81.719319879279226, 43.645176779883158 ], [ -81.669387999880655, 43.631439610389272 ], [ -81.712890217169743, 43.621546267218619 ], [ -81.686772735718094, 43.576761638835279 ], [ -81.706135509421429, 43.537992196456003 ], [ -81.6594551888507, 43.521920072866052 ], [ -81.711604986012276, 43.50935368432949 ], [ -81.665242414505514, 43.48266757358796 ], [ -81.714379534034364, 43.478035418775491 ], [ -81.693386945734261, 43.456880984487128 ], [ -81.717058191148908, 43.455696832322396 ], [ -81.694916752255892, 43.43120893365726 ], [ -81.716236690948463, 43.429699463592293 ], [ -81.696377778629994, 43.419172206778157 ], [ -81.718185745237633, 43.337066692991954 ], [ -81.849162591584133, 43.25057022045705 ], [ -82.017810040473947, 43.20604467831992 ], [ -82.003038206302946, 43.15774980768505 ], [ -82.030470375936829, 43.164948256827152 ], [ -82.159351810201059, 43.052209976023249 ], [ -82.34774166927744, 43.017056940358835 ], [ -82.364759978825035, 42.956179993063195 ], [ -82.425087792114013, 42.946453401122426 ], [ -82.264909931624928, 42.871869981005837 ], [ -82.23601000475611, 42.884119977347737 ], [ -82.260171003057792, 42.900974863195934 ], [ -81.879229977485267, 43.067969987253072 ], [ -81.796390010878483, 43.05160003529754 ], [ -81.791460003535747, 43.007190006130401 ], [ -81.728519993344619, 42.972880001729713 ], [ -81.432049987482941, 43.055389970905345 ], [ -81.401950005502044, 43.117639973942715 ], [ -81.375140001065873, 43.065190014781088 ], [ -81.5056700458357, 42.931249950595124 ], [ -81.507449997078638, 42.864760000037002 ], [ -81.686459942722436, 42.811719988975824 ], [ -81.716609987382924, 42.750290010871637 ], [ -81.752470049799243, 42.751580008993052 ], [ -81.746219997018358, 42.679779981099976 ], [ -82.041420061857195, 42.563019998985638 ], [ -82.050860052918154, 42.524569968415982 ], [ -82.145410055905018, 42.488779967854455 ], [ -82.158899610019034, 42.433554287075722 ], [ -82.213652977830591, 42.39629431200359 ], [ -82.481706904850554, 42.305843349919165 ], [ -82.519811019680517, 42.230798133403454 ], [ -82.561341514682383, 42.236729486011114 ], [ -82.552749998981184, 42.147009979859696 ], [ -82.61890385984168, 42.092008787603341 ], [ -82.697489338778581, 42.077188821582624 ], [ -82.754475663633229, 42.114929710451783 ], [ -82.84364189883847, 42.107571200974576 ], [ -82.925361544267801, 42.088277682690446 ], [ -82.971540836612448, 42.040171691063655 ], [ -83.02152887519712, 42.050141902399432 ], [ -83.057328260108065, 42.139039682064784 ], [ -83.103068317852816, 42.130081189343578 ], [ -83.082203973177428, 42.121270654934818 ], [ -83.113261046214348, 42.051576177788782 ], [ -82.972011333266948, 42.031819017112539 ], [ -82.98648206567438, 42.012246786064104 ], [ -82.950374875573544, 41.990284764412927 ], [ -82.629336736786456, 42.044900356926647 ], [ -82.537465586118032, 42.006605373077711 ], [ -82.564201565763568, 42.003468784412853 ], [ -82.519405404772669, 41.941645522206414 ], [ -82.468410304880038, 42.078299708688903 ], [ -82.417456557530144, 42.127931172753541 ], [ -82.120479990772452, 42.252289998187877 ], [ -81.937750935374822, 42.262528375267024 ], [ -81.922848971000221, 42.305708952708997 ], [ -81.841054719426538, 42.334500350865426 ], [ -81.827388006129894, 42.376179216722043 ], [ -81.691623698646083, 42.47884713207592 ], [ -81.326453646992761, 42.655781611183237 ], [ -80.894679929681573, 42.670662469119215 ], [ -80.610723725123464, 42.580324221321483 ], [ -80.463589236811657, 42.575410388729345 ], [ -80.439844751958518, 42.582608061978569 ], [ -80.454202483193271, 42.634359408790772 ], [ -80.357281512722466, 42.687367856816806 ], [ -80.340458951150765, 42.669257501867875 ], [ -80.339047528156641, 42.706282359551196 ], [ -80.242429620597449, 42.78454163871173 ], [ -79.988088438031511, 42.795831209954329 ], [ -79.748450009397843, 42.86758912638097 ], [ -79.518083680857742, 42.853533111348476 ], [ -79.471020593615194, 42.8892220397804 ], [ -79.531670011743941, 42.932060014676061 ], [ -79.697100038694018, 42.956769996013549 ], [ -79.774340008493795, 42.938590019716692 ], [ -79.834970009151405, 42.973800007815527 ], [ -79.965701199927551, 43.163545924595056 ], [ -79.941973486342292, 43.198004790887609 ], [ -79.87664292661573, 43.131980403166963 ], [ -79.374835260663176, 43.024089697187144 ], [ -79.213365437446143, 43.063592206807549 ], [ -79.193031560908707, 43.132861422827588 ], [ -79.219905780011601, 43.222112613523841 ], [ -79.350660995358666, 43.174381159174416 ], [ -79.451460033730456, 43.198098179528948 ], [ -79.538714871645936, 43.174924957826107 ], [ -79.546671579448741, 43.20130087435318 ], [ -79.595123199021955, 43.187982341970084 ], [ -79.621581698185153, 43.22550497878089 ], [ -79.647991588690843, 43.20842580671092 ], [ -79.737890335645986, 43.245489995529951 ], [ -79.779498816901096, 43.222527340259212 ], [ -79.762490356599059, 43.251869620184529 ], [ -79.818156689079032, 43.360755510351865 ], [ -79.769975971616361, 43.338571834749303 ], [ -79.750646914111087, 43.35408471769275 ], [ -79.783863498391611, 43.382358119651123 ], [ -79.741458315540342, 43.360344757377035 ], [ -79.707351982669564, 43.393334334250142 ], [ -79.751039570362821, 43.416937694517749 ], [ -79.686491231381083, 43.416948375396643 ], [ -79.700220007052877, 43.448245412583688 ], [ -79.666848391251122, 43.440021904225212 ], [ -79.619835959657109, 43.486361758003191 ], [ -79.656357897459984, 43.505860524162941 ], [ -79.603306198885761, 43.514702507844198 ], [ -79.566821469283994, 43.563339835444395 ], [ -79.621076137563207, 43.609201633541204 ], [ -79.540958576501396, 43.584720318898277 ], [ -79.579543338032295, 43.656615527948979 ], [ -79.482445636704568, 43.620994899775575 ], [ -79.498422138234773, 43.672952164903037 ], [ -79.424853568466432, 43.689596746043286 ], [ -79.343221572539719, 43.64679243933972 ], [ -79.347792126765, 43.69424492586618 ], [ -79.290934350207664, 43.670766854987704 ], [ -79.224897592425037, 43.742029315303228 ], [ -79.152952420120286, 43.759801502553657 ], [ -79.104596903600751, 43.811746702669048 ], [ -79.032189454657527, 43.81680222107817 ], [ -79.027033755714683, 43.842220416399016 ], [ -78.711269545848893, 43.869624113920999 ], [ -78.610213306758737, 43.90754935913111 ], [ -78.482219348832174, 43.896991151843018 ], [ -78.253056528608951, 43.965155159699393 ], [ -77.879956254362014, 43.977344772428758 ], [ -77.740290191993182, 44.030714296899838 ], [ -77.634065365875728, 44.031585115920919 ], [ -77.592036735968591, 44.047681906062799 ], [ -77.598170734221142, 44.100030545573034 ], [ -77.36551996982719, 44.175769985215794 ], [ -77.152589688228815, 44.162494170967378 ], [ -77.023330381844445, 44.198791684333692 ], [ -77.054979586434698, 44.104774765037533 ], [ -76.968558159805426, 44.157112238614552 ], [ -76.97741687659412, 44.17867335418287 ], [ -76.88289210214522, 44.174257661742153 ], [ -76.879895675431243, 44.152006382955769 ], [ -76.984018984964919, 44.13939888842809 ], [ -77.062819973205976, 44.079207804896789 ], [ -77.018123889370671, 44.072748206646061 ], [ -77.046859078412623, 44.050533740891879 ], [ -76.974226835304236, 44.064993014515302 ], [ -76.939667558518238, 44.114134526635212 ], [ -76.636629701143875, 44.248418251744596 ], [ -76.596857851457443, 44.245691925331876 ], [ -76.599946350232898, 44.219674557318768 ], [ -76.573557966580879, 44.281293333986895 ], [ -76.430050010416522, 44.356889980522297 ], [ -76.407530054314179, 44.420429970766548 ], [ -76.547649979457987, 44.335839968199195 ], [ -76.585930017981639, 44.343439984584208 ], [ -76.600099985080476, 44.388279960400027 ], [ -76.473080019886254, 44.447649965597712 ], [ -76.570520004139709, 44.461179971846093 ], [ -76.562500048068785, 44.492339990619818 ], [ -76.598420017379695, 44.478469979213934 ], [ -76.613640004355261, 44.424990020047971 ], [ -76.635320013631272, 44.42556996926028 ], [ -76.643700032721853, 44.462360022429003 ], [ -76.601159999747793, 44.521650034923375 ], [ -76.624340021877003, 44.534620031315839 ], [ -76.560610028517843, 44.61651000019765 ], [ -76.483953885526262, 44.60894454135483 ], [ -76.435070027360709, 44.663429968819315 ], [ -76.318979957814861, 44.649769975217438 ], [ -76.251190038114146, 44.703729984872489 ], [ -76.16830994910859, 44.67804000803536 ], [ -76.119230000214941, 44.74710996852663 ], [ -76.078929967165649, 44.731960009799892 ], [ -76.073780032137066, 44.669799978850321 ], [ -76.01481003552442, 44.710279990741221 ], [ -75.949430012123884, 44.684169974496193 ], [ -75.871890026417077, 44.721449996488992 ], [ -75.886340057014039, 44.609369400799146 ], [ -75.794750020612099, 44.685490031217192 ], [ -75.766479985683148, 44.659050037429715 ], [ -75.690746408436937, 44.670134861454748 ], [ -75.677679975679894, 44.643620003212348 ], [ -75.555540037147026, 44.708289984414193 ], [ -75.559010038368257, 44.777639977285936 ], [ -75.456140004644638, 44.765029970206342 ], [ -75.336980025466929, 44.881189978519835 ], [ -75.276339981842085, 44.893659975320105 ], [ -75.201280016220096, 44.964119992385456 ], [ -75.183110040534928, 45.025240013053129 ], [ -75.080019977292437, 45.068519989755025 ], [ -75.081989976018065, 45.101949974975774 ], [ -74.975999986026906, 45.106439989441682 ], [ -74.832080020117672, 45.300060037291402 ], [ -74.72697004550659, 45.308729976815222 ], [ -74.620450035951208, 45.36464998622813 ], [ -74.472629963017539, 45.332890020333522 ], [ -74.44115880688814, 45.35230652813101 ], [ -74.464240004068358, 45.371430027222047 ], [ -74.425737944748306, 45.380379983845998 ], [ -74.267979067907831, 45.361039012173762 ], [ -74.191606885315053, 45.421345910113736 ], [ -74.146243770131761, 45.358457084355443 ], [ -73.948554871923747, 45.338044133156991 ], [ -73.852755903180665, 45.286362296032131 ], [ -73.75749214065867, 45.378133568405019 ], [ -73.702860193982829, 45.359373621785444 ], [ -73.67753533463511, 45.412084642750287 ], [ -73.518540321058651, 45.379925263638064 ], [ -73.41736634507528, 45.498542367407623 ], [ -73.448025506967582, 45.525249777806408 ], [ -73.425810458952384, 45.567466878051036 ], [ -73.364785945512821, 45.564081512879902 ], [ -73.326131869705108, 45.598996610310749 ], [ -73.345184792080914, 45.629843154842447 ], [ -73.314520272312862, 45.707280630378584 ], [ -73.341178362417779, 45.731399632252085 ], [ -73.257450682452827, 45.783425054150172 ], [ -73.120813108685567, 46.047460398819354 ], [ -73.100784301815253, 46.025950771287491 ], [ -73.123592857387209, 45.999629270334516 ], [ -73.086544690434508, 45.988280261971312 ], [ -73.129096196475757, 45.90631393276896 ], [ -72.983083530138785, 45.830027979639958 ], [ -73.127430606733313, 45.662080907866887 ], [ -73.104601434520163, 45.631363298635719 ], [ -73.047002589319661, 45.630453625583151 ], [ -73.045149535379778, 45.596324773017209 ], [ -73.083402761150538, 45.592237911015253 ], [ -73.041641681694699, 45.584494306684533 ], [ -73.053470126000519, 45.440739068334423 ], [ -73.111441953045471, 45.35078497776464 ], [ -73.096950844035675, 45.250875796023472 ], [ -73.033839036391441, 45.250716571274296 ], [ -73.020433512045557, 45.276856478062079 ], [ -72.800150495969447, 45.193874462557226 ], [ -72.818290378029715, 45.095409184321667 ], [ -72.761664284556957, 45.132653836542538 ], [ -72.738736483757549, 45.090248971676907 ], [ -72.699640608516063, 45.151891190654922 ], [ -72.504498069700986, 45.096748319390805 ], [ -72.437919914670047, 45.149037138586088 ], [ -72.456334198407717, 45.18066611672738 ], [ -72.40181767347795, 45.182974084758577 ], [ -72.415108555779483, 45.265254995142989 ], [ -72.347637372642765, 45.290865312381094 ], [ -72.376145937309957, 45.332275079315444 ], [ -72.318438202238397, 45.346666800393066 ], [ -72.324365278299368, 45.378036866839786 ], [ -72.25804459027438, 45.397855520224553 ], [ -72.249434512513787, 45.337788155494884 ], [ -72.211332653964362, 45.36939491794886 ], [ -72.128891891276695, 45.343779075829211 ], [ -72.126073034814425, 45.378749749026319 ], [ -72.054217975165841, 45.407816401487104 ], [ -72.001928158400418, 45.363786026392212 ], [ -71.989418858788312, 45.413339484476602 ], [ -71.817472062062976, 45.409054613061897 ], [ -71.790523689252225, 45.447959048324201 ], [ -71.819759692730216, 45.492020942418819 ], [ -71.678835596175247, 45.571708041396604 ], [ -71.612928369725353, 45.667574046217069 ], [ -71.556518232944711, 45.687836813491032 ], [ -71.578559610222982, 45.711171434485877 ], [ -71.54479067609283, 45.7289929981659 ], [ -71.591785042773097, 45.768291793793018 ], [ -71.532978289442212, 45.827438087879358 ], [ -71.543869342081422, 45.850241097998349 ], [ -71.411418818476534, 45.93008366298551 ], [ -71.411145442899766, 45.99374649700944 ], [ -71.306300597178421, 45.96709125098868 ], [ -71.345979272759166, 46.028925656149433 ], [ -71.294630567413265, 46.061824309457158 ], [ -71.228247665296649, 46.056621094522626 ], [ -71.177166241500345, 46.12190609602785 ], [ -71.23627630372853, 46.173913016386038 ], [ -71.106914032015112, 46.19330370024219 ], [ -71.137640593308419, 46.220521967972381 ], [ -71.112784565848344, 46.275601481346968 ], [ -71.161255741619527, 46.322437289567489 ], [ -71.273695721651819, 46.310225719542217 ], [ -71.33936297027924, 46.349323793706809 ], [ -71.397169979556253, 46.344429885325461 ], [ -71.394378001450846, 46.376800024115369 ], [ -71.3344149310538, 46.404726779096428 ], [ -71.342542667118281, 46.466399720223599 ], [ -71.446463125876789, 46.472577634981377 ], [ -71.516712154535412, 46.51370688683452 ], [ -71.584068374704657, 46.491495759121115 ], [ -71.545282733886211, 46.553593923573175 ], [ -71.4055316356541, 46.605433504745143 ], [ -71.392973389788636, 46.676282530551831 ], [ -71.311323233403357, 46.733341822457824 ], [ -71.208721002072537, 46.73327087575349 ], [ -71.216754921655067, 46.696434094217942 ], [ -71.175009229810044, 46.651024619722705 ], [ -71.217853810000022, 46.614532902045489 ], [ -71.182470366697046, 46.560190589366087 ], [ -71.098018619648926, 46.524943415820466 ], [ -70.896524066672086, 46.523113003593927 ], [ -70.885522654823419, 46.461839513153102 ], [ -70.81622074260639, 46.466825606577032 ], [ -70.829111693631887, 46.426981106216921 ], [ -70.730998597936164, 46.429206470079393 ], [ -70.691965939827185, 46.376247922829585 ], [ -70.624852538115036, 46.370705083039326 ], [ -70.654010508878912, 46.303967964462345 ], [ -70.533329068546536, 46.379562302390347 ], [ -70.429742496627924, 46.391562960248919 ], [ -70.429427104581578, 46.422209412803532 ], [ -70.331763951520713, 46.424777279885596 ], [ -70.388514589912802, 46.365135011485989 ], [ -70.293324476020899, 46.368604676907985 ], [ -70.291925693679275, 46.320955379096787 ], [ -70.250472662138122, 46.305701321214386 ], [ -70.303689773712961, 46.277429880044714 ], [ -70.285065029355749, 46.257485900493791 ], [ -70.333176433520762, 46.214775411808304 ], [ -70.336820630777765, 46.141234225896824 ], [ -70.26896775457277, 46.144930990004056 ], [ -70.310693420652441, 46.062299879490965 ], [ -70.279832968852688, 46.052205823167199 ], [ -70.317773594127758, 46.020680089165083 ], [ -70.286599152839273, 45.992217702619641 ], [ -70.315476264494137, 45.964474420225947 ], [ -70.239506602849659, 45.939847403991287 ], [ -70.264948770486413, 45.885388693573198 ], [ -70.418296525451453, 45.79419733595325 ], [ -70.398241571425956, 45.719441962418038 ], [ -70.557367420581116, 45.667071905957521 ], [ -70.68685545620076, 45.569678318233215 ], [ -70.717808627702411, 45.49015390453966 ], [ -70.621197079990864, 45.402537463541805 ], [ -70.651716479538862, 45.376946214402061 ], [ -70.753471937511947, 45.427724974318394 ], [ -70.81148985531749, 45.415768110785201 ], [ -70.838065862016037, 45.234618308290607 ], [ -70.894996774409165, 45.240026202278536 ], [ -70.917914798007914, 45.311765265690447 ], [ -71.010546518082421, 45.347713577288737 ], [ -71.008234712627996, 45.319397214425976 ], [ -71.09492329121592, 45.304110756449269 ], [ -71.146544289471038, 45.239586560346552 ], [ -71.22872625826021, 45.249473794048001 ], [ -71.28592382833196, 45.301438753775876 ], [ -71.386080207862165, 45.234525121617494 ], [ -71.485887999524024, 45.212874830102272 ], [ -71.571943466134002, 45.131756881199962 ], [ -71.632553427111361, 45.138873109852781 ], [ -71.615561401936617, 45.095144900162708 ], [ -71.683395352120797, 45.090549837282396 ], [ -71.72740190380452, 45.028984307022043 ], [ -71.656452618574079, 44.941200404101153 ], [ -71.848706101863399, 44.920045359290775 ], [ -71.872062295881818, 44.851264682497899 ], [ -71.828087613603671, 44.823292383973978 ], [ -71.893359688828056, 44.750347032552277 ], [ -71.983372236115116, 44.768611407779936 ], [ -72.025229073473923, 44.708785805986913 ], [ -72.192925327346188, 44.642228717895676 ], [ -72.167617611770737, 44.532473411597252 ], [ -72.223847433102065, 44.519247460359892 ], [ -72.270079770182704, 44.434889729435312 ], [ -72.229875066234584, 44.40489128933104 ], [ -72.222516447306646, 44.321836799006704 ], [ -72.335576320490688, 44.302984639703375 ], [ -72.314494824309946, 44.242821073832978 ], [ -72.355885363003267, 44.233007574757345 ], [ -72.325753851790836, 44.206503553592903 ], [ -72.39821613458173, 44.072401798476882 ], [ -72.493543932942814, 44.098063541570056 ], [ -72.539831763081821, 44.06911371197566 ], [ -72.580086232537866, 44.106906853724865 ], [ -72.635775560209268, 44.047851863002641 ], [ -72.710538105615228, 44.045160887991301 ], [ -72.710812907501051, 44.091320958140578 ], [ -72.781267297708112, 44.099353584149092 ], [ -72.815382019136834, 44.037764849928841 ], [ -72.917867596825886, 44.020104955457619 ], [ -72.981398332320666, 43.879565821578062 ], [ -72.97105172342232, 43.829597139702486 ], [ -72.830640523473278, 43.669609647628221 ], [ -72.810938944483198, 43.524887769076713 ], [ -72.769246742183967, 43.481850119067182 ], [ -72.798216136447451, 43.438368336708074 ], [ -72.785673916643432, 43.38086075853483 ], [ -72.875023124460697, 43.360773862492941 ], [ -72.979967167689338, 43.250486116524009 ], [ -73.143016627120545, 43.245741639656245 ], [ -73.181041304432981, 43.290426643491173 ], [ -73.241727529898625, 43.266136957347875 ], [ -73.253996021680862, 43.330097368487579 ], [ -73.324880404629155, 43.341881694831976 ], [ -73.391549712601304, 43.303612870256494 ], [ -73.447182322828567, 43.316323449571193 ], [ -73.49281330671829, 43.255782481570222 ], [ -73.491295641314011, 43.285632177767368 ], [ -73.538030640072321, 43.289736716835449 ], [ -73.528009778127569, 43.361902414367414 ], [ -73.582945198811061, 43.380325761800869 ], [ -73.668459248724176, 43.299054387331502 ], [ -73.741072205740053, 43.326979387696198 ], [ -73.778323700401486, 43.442833033316532 ], [ -73.762024683633896, 43.47178633730698 ], [ -73.71318147382172, 43.470998217559263 ], [ -73.707450996315458, 43.620345402176504 ], [ -73.650052625819256, 43.709563872367355 ], [ -73.56670262464803, 43.736573462418242 ], [ -73.597313990732417, 43.752689902371522 ], [ -73.572931974684209, 43.787166187168111 ], [ -73.614581936168577, 43.836353923116064 ], [ -73.546741966607229, 43.880031148598789 ], [ -73.585673415476762, 43.917207842693493 ], [ -73.558679470574688, 43.969226127557498 ], [ -73.616064567438485, 44.035217368441288 ], [ -73.557690463122213, 44.104926478038372 ], [ -73.645150203043954, 44.116252010288079 ], [ -73.774720291958445, 44.059916013480063 ], [ -73.828915286536741, 44.097746597028276 ], [ -73.879362930026488, 44.020922042468634 ], [ -73.940371639701709, 44.069304842098951 ], [ -73.913059121037335, 44.120411178208279 ], [ -74.057799666086382, 44.153047268996247 ], [ -74.187556429192881, 44.036024663860623 ], [ -74.311861353347609, 44.073226587679073 ], [ -74.376827831818389, 43.950672446047797 ], [ -74.297572616706205, 43.932829974241237 ], [ -74.322698931119504, 43.897913911822137 ], [ -74.399229798582965, 43.897587594887511 ], [ -74.397325633512779, 43.857338877200505 ], [ -74.489951706966053, 43.834114679006845 ], [ -74.461046095414389, 43.796973132126453 ], [ -74.504126512265245, 43.787531300067123 ], [ -74.493305174847919, 43.75418524482965 ], [ -74.545387989399828, 43.7157470666588 ], [ -74.518151208963687, 43.664655652419746 ], [ -74.693444453802883, 43.567281201568818 ], [ -74.872357041680118, 43.53831523171015 ], [ -74.821807303571362, 43.518158352694535 ], [ -74.827424069247741, 43.486609073435595 ], [ -74.902178514562749, 43.478819070213156 ], [ -74.883842290246093, 43.431757081143076 ], [ -75.005151898723184, 43.373399249233259 ], [ -75.151583400204544, 43.338942517786982 ], [ -75.222184588801383, 43.401247191951185 ], [ -75.27916304649824, 43.394219853311519 ], [ -75.260635490260753, 43.412307405748663 ], [ -75.303056621532093, 43.442833674480084 ], [ -75.304989079024196, 43.48870069146529 ], [ -75.357550820443464, 43.432209789448159 ], [ -75.414662202472741, 43.420349743326931 ], [ -75.428824834836263, 43.466717270722334 ], [ -75.457812722806338, 43.468964918112896 ], [ -75.43750974056222, 43.512374834647403 ], [ -75.491114703848311, 43.505960801067914 ], [ -75.485782533185557, 43.45323727602144 ], [ -75.542324350563149, 43.379340100932161 ], [ -75.445771778849007, 43.346576706462692 ], [ -75.491366483251895, 43.317283657448883 ], [ -75.449950144027341, 43.279416743685971 ], [ -75.447754874364691, 43.189917362777898 ], [ -75.523438265457855, 43.161169269957895 ], [ -75.485081913990811, 43.086690033411649 ], [ -75.506608344896335, 43.036665968907606 ], [ -75.45806429151007, 43.008044324905327 ], [ -75.469000011071174, 42.95809898159321 ], [ -75.562902490623586, 42.962656848884777 ], [ -75.587603064632731, 42.895400186195722 ], [ -75.692992232391205, 42.956793704054085 ], [ -75.745579536809188, 42.916416787801857 ], [ -75.734044353097417, 42.843127304065803 ], [ -75.874224228416637, 42.825038047533539 ], [ -75.889207363563187, 42.787596734531668 ], [ -75.973778316205099, 42.908870341128292 ], [ -76.016066634184767, 42.89987321313334 ], [ -76.054677326349903, 42.831692786642755 ], [ -76.018448075027791, 42.804648021871145 ], [ -76.072599582477594, 42.775558478944525 ], [ -76.102125258660422, 42.847802500047131 ], [ -76.188307371816293, 42.760539941956203 ], [ -76.249940757201983, 42.805967193140731 ], [ -76.224644957590129, 42.727246155418115 ], [ -76.26976201766837, 42.710490203062349 ], [ -76.248615841026478, 42.6404730332886 ], [ -76.27425163207856, 42.614984655550067 ], [ -76.244472608940953, 42.523010929601092 ], [ -76.180234552451097, 42.548612300175925 ], [ -76.172161516897347, 42.495846831055083 ], [ -76.310386213869535, 42.424980624860794 ], [ -76.314193594490675, 42.35045585326975 ], [ -76.504111410825828, 42.339507637469303 ], [ -76.500605107614959, 42.274574462259018 ], [ -76.638613743016734, 42.330682163268882 ], [ -76.66961736418321, 42.423648893292999 ], [ -76.721243608590612, 42.418558443786253 ], [ -76.759531257201175, 42.381988015238747 ], [ -76.721935721754718, 42.3014513373029 ], [ -76.762548461489544, 42.291535356775739 ], [ -76.825876814267318, 42.17171166693538 ], [ -76.907637280661319, 42.288676285145677 ], [ -77.00680495395315, 42.360065793347417 ], [ -76.981793477650484, 42.447523741911695 ], [ -77.004240134342808, 42.48889294352395 ], [ -77.07969649220199, 42.45363587003186 ], [ -77.078622957692019, 42.502274562783832 ], [ -77.181313219240451, 42.382644065490858 ], [ -77.301061935866855, 42.356370538823086 ], [ -77.324781195936993, 42.415371762078742 ], [ -77.192677818907455, 42.488805607165055 ], [ -77.238272831684014, 42.550070271298893 ], [ -77.209504326068526, 42.610121073493218 ], [ -77.255020498922832, 42.622164726895207 ], [ -77.315407292260602, 42.555908235031652 ], [ -77.358626057058359, 42.577955826387935 ], [ -77.430055443901011, 42.557312078122251 ], [ -77.478281008451688, 42.575597456401425 ], [ -77.531797458145689, 42.66445870743221 ], [ -77.581836420867361, 42.573117958821683 ], [ -77.550765504225978, 42.481827577123191 ], [ -77.657559490995794, 42.433909236049338 ], [ -77.690524181984316, 42.466999347015083 ], [ -77.751544253793796, 42.465722708081621 ], [ -77.757413962470537, 42.396376122941959 ], [ -77.861132269271295, 42.409545624442124 ], [ -77.898461523711703, 42.384771387573565 ], [ -77.843769875684799, 42.258487633032267 ], [ -77.710247754984465, 42.184961734093328 ], [ -77.718842068201155, 42.101243853759989 ], [ -77.677206058020261, 42.094224093200253 ], [ -77.708314641847963, 42.059607636598273 ], [ -77.664015320481525, 42.024222448165148 ], [ -77.756584194930809, 41.980047312149367 ], [ -77.727340527287325, 41.961195128780176 ], [ -77.753842268383849, 41.942438584143467 ], [ -77.727004915538345, 41.893336309860238 ], [ -77.863227908285964, 41.846183251688714 ], [ -77.867767420454044, 41.875905609358718 ], [ -77.928146261913909, 41.887443281538559 ], [ -77.922180113737454, 41.95520423402089 ], [ -77.999626252338729, 41.992428195121242 ], [ -77.953920191102355, 42.027157779935635 ], [ -77.997044354515168, 42.025697964813936 ], [ -78.033926297818553, 42.071184728397888 ], [ -78.077845525279628, 42.058544046124076 ], [ -78.1191116931561, 42.124579210268436 ], [ -78.167711748774821, 42.121577152087802 ], [ -78.226046092560665, 42.187478736686529 ], [ -78.216801675759385, 42.247001512076373 ], [ -78.287066531322949, 42.276801238183282 ], [ -78.284375559913855, 42.330885297947624 ], [ -78.376860969455649, 42.340648636112896 ], [ -78.360585863325639, 42.387493552127502 ], [ -78.442015661121189, 42.444617307533548 ], [ -78.470481733130839, 42.419124807489055 ], [ -78.559584996587375, 42.43818319322979 ], [ -78.597470375813842, 42.380499903185594 ], [ -78.646593889252784, 42.395018474996185 ], [ -78.669530920493273, 42.359667520514115 ], [ -78.648239781555148, 42.339776774821502 ], [ -78.721651856159198, 42.275779831822277 ], [ -78.870576038778637, 42.287395525819669 ], [ -78.916668658403779, 42.323597265508575 ], [ -78.899732432963248, 42.364823470149794 ], [ -79.014722583509055, 42.44715073787885 ], [ -79.15536848622051, 42.434496243899751 ], [ -79.223906979162138, 42.383963249579409 ], [ -79.19104836285932, 42.332796023099931 ], [ -79.279794760912353, 42.37716653206293 ], [ -79.347091848444961, 42.356585106171806 ], [ -79.379264387813208, 42.377755147987536 ], [ -79.491586722283998, 42.326447663572196 ], [ -79.492157618328775, 42.277579555191224 ], [ -79.559694324672151, 42.258582939388091 ], [ -79.562669423755338, 42.177027157922474 ], [ -79.626588052310808, 42.187671385546551 ], [ -79.669727129688724, 42.142586382352277 ], [ -79.698520570111043, 42.19201181740226 ], [ -79.754050020128744, 42.18882733967537 ], [ -79.87723778052252, 42.132269921202337 ], [ -79.898231616196284, 42.066849458046214 ], [ -79.94221511045329, 42.091630925211945 ], [ -79.947815052948158, 42.061642700659256 ], [ -79.995369133417597, 42.062566526058269 ], [ -79.986366369760859, 42.034176238252613 ], [ -80.073516625271964, 42.026038215633712 ], [ -80.018363877426566, 41.981775891921238 ], [ -80.032925811625589, 41.959926921451931 ], [ -80.094589595057258, 41.968757233583219 ], [ -80.192812498405829, 41.926370864157917 ], [ -80.32979892622123, 41.812763272837849 ], [ -80.310985825118479, 41.680322947330261 ], [ -80.335914743973788, 41.665086019448964 ], [ -80.385024871724482, 41.662572884956468 ], [ -80.444801514005007, 41.765329225301592 ], [ -80.506790089139756, 41.754511305030682 ], [ -80.544640845067349, 41.667701251704571 ], [ -80.68672000412829, 41.625068118241778 ], [ -80.694685968737716, 41.582672293563022 ], [ -80.74962443685699, 41.571885634107041 ], [ -80.77134721279468, 41.481628755321466 ], [ -80.807921636886874, 41.455958163418501 ], [ -80.800616701019806, 41.350391336349347 ], [ -80.856611440876961, 41.308738062066851 ], [ -80.946054050576734, 41.284684800702472 ], [ -81.010470419641123, 41.333750619456019 ], [ -81.120694638909129, 41.350478119031621 ], [ -81.101736460885121, 41.380754539036616 ], [ -81.107400859486901, 41.3853962808315 ], [ -81.146612798680067, 41.36310795472329 ], [ -81.189078648023369, 41.288658415330495 ], [ -81.174069749742443, 41.268614536436516 ], [ -81.253898519409589, 41.210308877645339 ], [ -81.220090508807132, 41.169993216048084 ], [ -81.233831740599499, 41.112745849207052 ], [ -81.196797943852658, 41.097895795130988 ], [ -81.249326768978705, 40.980623170418362 ], [ -81.312260774291488, 40.958247046729241 ], [ -81.39197886375419, 41.018786474532725 ], [ -81.463230472214462, 41.012636646572489 ], [ -81.56075874836479, 41.073505629755168 ], [ -81.550391644340365, 41.117632243064257 ], [ -81.638288883819925, 41.142793659838986 ], [ -81.684027731677716, 41.110954095367909 ], [ -81.782805411863308, 41.143049289880025 ], [ -81.767480398131724, 41.0827824273819 ], [ -81.831145850106893, 41.072559033644737 ], [ -81.909804617925559, 41.140194457265046 ], [ -81.986620515932856, 41.132786202105741 ], [ -81.97744795091549, 41.032642959457405 ], [ -82.019233681606977, 41.000572564160414 ], [ -82.204231291479658, 41.015994682648078 ], [ -82.216284090764304, 40.994837390342695 ], [ -82.277112631846791, 41.019619417347499 ], [ -82.33158555991885, 40.988877272745384 ], [ -82.341603343642547, 40.927233403813723 ], [ -82.427074952578209, 40.934210390192888 ], [ -82.502064702976028, 40.981897536227883 ], [ -82.701721030233898, 40.945333971411017 ], [ -82.774043904437036, 40.874316075599033 ], [ -82.672518130788035, 40.826032071497885 ], [ -82.650715210017339, 40.780854753643105 ], [ -82.755824585263483, 40.747706563288439 ], [ -82.806195106454723, 40.788269010689362 ], [ -82.974691607564594, 40.801036970737258 ], [ -83.069463022308057, 40.717079612619656 ], [ -83.129404694008585, 40.728677465455661 ], [ -83.223303545786578, 40.600922992841248 ], [ -83.334484135473105, 40.591809387031788 ], [ -83.639441467168439, 40.656789967848788 ], [ -83.718419962051485, 40.710627068111215 ], [ -83.890242500725506, 40.721922034806084 ], [ -83.902030982999804, 40.62251897045369 ], [ -83.948575157142884, 40.641324754086746 ], [ -84.023428741287219, 40.592926031548522 ], [ -84.098198201349319, 40.469390933211265 ], [ -84.162365867183013, 40.490744886737829 ], [ -84.243415226263849, 40.431300241259805 ], [ -84.283986594267915, 40.446875416960346 ], [ -84.28421728760668, 40.422992154945277 ], [ -84.410357137914446, 40.395486584373757 ], [ -84.431521297453898, 40.40757557696984 ], [ -84.406471489382298, 40.482610501110052 ], [ -84.424265005826584, 40.5532766452232 ], [ -84.618003558799771, 40.552245223841538 ], [ -84.688067310793429, 40.601517322248689 ], [ -84.77642612615368, 40.574608081381221 ], [ -85.097351997035929, 40.730603053054679 ], [ -85.063762896768267, 40.830970113129972 ], [ -85.093336304879827, 40.870741393338413 ], [ -85.208214941009672, 40.910376123245626 ], [ -85.189120770798738, 41.029825523051933 ], [ -85.227867261024883, 41.046291410803825 ], [ -85.191868600130519, 41.082149264819819 ], [ -85.221979333831456, 41.12706269005534 ], [ -85.150812531975419, 41.196158988593787 ], [ -85.302274385823736, 41.252793530039078 ], [ -85.317277556158942, 41.321066185652583 ], [ -85.41692025623739, 41.303708176626216 ], [ -85.442711992478195, 41.265592394001239 ], [ -85.576679969835311, 41.336213147842081 ], [ -85.640867800421688, 41.322410588882725 ], [ -85.649565306079509, 41.352799155537973 ], [ -85.910742508165271, 41.303588640946479 ], [ -85.892312624958123, 41.365703225038864 ], [ -85.976745413448455, 41.398604804132518 ], [ -85.968369530210438, 41.438356287744831 ], [ -86.055354116395634, 41.467429637002333 ], [ -86.001657889477926, 41.467634346472678 ], [ -85.965568073513339, 41.481503551784328 ], [ -86.193971105280866, 41.586105841194943 ], [ -86.226019380552131, 41.564561483347909 ], [ -86.306146533770644, 41.584052792565529 ], [ -86.276921204919276, 41.650384706656951 ], [ -86.358050406576979, 41.682428398481086 ], [ -86.347738378433306, 41.802995437131351 ], [ -86.388591890442669, 41.754138616629902 ], [ -86.437858636076498, 41.754821253807435 ], [ -86.453844617024842, 41.785881752165452 ], [ -86.51376101429247, 41.734185672745845 ], [ -86.677728779433409, 41.69560740583681 ], [ -86.694438126123231, 41.658838661047987 ], [ -86.783761679654987, 41.653817205173397 ], [ -86.835669686220797, 41.626878892146358 ], [ -86.838323830691763, 41.586899457140994 ], [ -86.980490620049338, 41.559577406749582 ], [ -86.999384095792109, 41.504991771828884 ], [ -87.052872501538218, 41.535659301555008 ], [ -87.014032960598982, 41.447913646338712 ], [ -87.031506770217931, 41.404346259770207 ], [ -87.161600866452105, 41.453368949391866 ], [ -87.255028984240695, 41.393868922030975 ], [ -87.259404405629439, 41.362277205306988 ], [ -87.326221976164433, 41.364196451006706 ], [ -87.365141943603433, 41.400692114111607 ], [ -87.436112860993561, 41.389005717491123 ], [ -87.440899867502509, 41.455996991264094 ], [ -87.485071419518775, 41.458118729140516 ], [ -87.427598053772954, 41.520485583035786 ], [ -87.336085419593573, 41.539837997807439 ], [ -87.359446103697209, 41.58029658375591 ], [ -87.252003468227286, 41.608838081874154 ], [ -87.471905690035499, 41.618303155496854 ], [ -87.609245129715404, 41.677591707905492 ], [ -87.539544828746457, 41.733924088886695 ], [ -87.624447125789416, 41.77894962496562 ], [ -87.612615676565071, 41.889202598641113 ], [ -87.67591780080032, 41.991389181816601 ], [ -87.683249056361987, 42.074695070883429 ], [ -87.721646357674985, 42.079367012807467 ], [ -87.840105265032804, 42.23671893090534 ], [ -87.884393942045847, 42.387435104150839 ], [ -87.866872047630949, 42.54584964932468 ], [ -87.885069469704703, 42.574074937687122 ], [ -87.922689277306745, 42.561624403085112 ], [ -87.938706579158321, 42.600257358188962 ], [ -87.925419690200599, 42.698790848872719 ], [ -87.970930524151584, 42.700893514329884 ], [ -87.9924742157541, 42.639557253443819 ], [ -88.017674075608028, 42.683489306385759 ], [ -88.085860146321338, 42.683318472196127 ], [ -88.060745450574188, 42.859375423582975 ], [ -88.126158542146115, 42.931501150181113 ], [ -88.085818549607524, 42.966524061364211 ], [ -88.088669026668981, 43.026469958964412 ], [ -88.142817364655855, 43.038797551196652 ], [ -88.109565756463766, 43.154866943797401 ], [ -88.202246052613887, 43.190672498310775 ], [ -88.18738549908268, 43.242446251199233 ], [ -88.2302160792715, 43.246409529236672 ], [ -88.215301553727329, 43.265327855515324 ], [ -88.291792297112167, 43.358117395230181 ], [ -88.263649858760402, 43.446343811502949 ], [ -88.33292730392337, 43.505172827655755 ], [ -88.356791098440112, 43.578796631426293 ], [ -88.457112925807607, 43.616129652673379 ], [ -88.467292997095441, 43.656403583052075 ], [ -88.624816504434904, 43.67137335449214 ], [ -88.648775643854194, 43.755804271719867 ], [ -88.71890600085068, 43.781804334030383 ], [ -88.826801190636488, 43.755030771604247 ], [ -88.868766151648359, 43.676634509621636 ], [ -88.969293752612515, 43.656570062092428 ], [ -88.948101859663765, 43.620317301491013 ], [ -89.293418062092201, 43.528426410434058 ], [ -89.420367558440901, 43.516292636722248 ], [ -89.645403838022176, 43.581278318999885 ], [ -89.623882891924353, 43.624615260290412 ], [ -89.713126109847877, 43.683424002392528 ], [ -89.670207564281824, 43.893986245419029 ], [ -89.614972196358536, 43.9105858142172 ], [ -89.555060898395581, 44.043323157522515 ], [ -89.347856134111893, 44.191189080854556 ], [ -89.391242205810414, 44.248397611531601 ], [ -89.353982105611948, 44.259144135437481 ], [ -89.416155569599965, 44.462702611761102 ], [ -89.428697862760401, 44.629695777230403 ], [ -89.379921207196261, 44.648309309966088 ], [ -89.412159889752445, 44.67783479434064 ], [ -89.367082753689004, 44.716507322828889 ], [ -89.374931197423109, 44.764981537915091 ], [ -89.302088100547479, 44.80348782337736 ], [ -89.335720497869104, 44.869522930676325 ], [ -89.28819008993878, 44.88213504290389 ], [ -89.3055216432207, 44.915682835571531 ], [ -89.266257228338347, 44.924645834574576 ], [ -89.267799854501803, 44.986862555920005 ], [ -89.193846806663231, 45.016536453549797 ], [ -89.216590928487335, 45.031533495425421 ], [ -89.174126788736842, 45.0782939874642 ], [ -88.891071818942606, 45.255517266392388 ], [ -89.243743326728307, 45.412973867919163 ], [ -89.209497816325467, 45.467917439241802 ], [ -89.137481213887995, 45.500659638078915 ], [ -89.14837296052967, 45.553394371836383 ], [ -89.055349414489285, 45.593930967061922 ], [ -88.96458761001999, 45.765921426060295 ], [ -88.994049508898883, 45.791700296845185 ], [ -88.961301220813638, 45.801705551262572 ], [ -89.00297558511356, 45.835991523959727 ], [ -88.95609140613638, 45.893663231818351 ], [ -89.022706284583592, 45.903651728864794 ], [ -89.030177457520821, 45.946663691144529 ], [ -88.991936722886976, 45.96569784677083 ], [ -89.028047363650373, 45.966057468843431 ], [ -89.048433472846781, 46.015137468303244 ], [ -88.967091484256343, 46.04425066957559 ], [ -88.918012639994046, 46.102929240942132 ], [ -88.99300818662752, 46.10592096419407 ], [ -88.986573707994026, 46.132809110013554 ], [ -89.036690010424479, 46.109314187620697 ], [ -88.995765404458936, 46.176741493310935 ], [ -89.25223257655567, 46.17899448392572 ], [ -89.250730977035147, 46.204463456284437 ], [ -89.297434434201108, 46.216143411984326 ], [ -89.322213515046201, 46.201581354302888 ], [ -89.30068945442639, 46.169178928687252 ], [ -89.339355460103633, 46.176257980499152 ], [ -89.411227836189667, 46.099493876287887 ], [ -89.425289186379516, 46.155732996673606 ], [ -89.593631817031692, 46.166336691512562 ], [ -89.631673610762704, 46.199542688590512 ], [ -89.774356113869885, 46.178034232650425 ], [ -89.897404060526739, 46.301098061045401 ], [ -90.064349901830596, 46.304097056959066 ], [ -90.1515603706696, 46.231416134262204 ], [ -90.279372522428559, 46.265847055080172 ], [ -90.304907067140761, 46.225599026913031 ], [ -90.423219571879557, 46.271359097855679 ], [ -90.461224979790174, 46.234477202881649 ], [ -90.685396619771367, 46.165733522071868 ], [ -90.725050584441377, 46.207767204436529 ], [ -90.962532561107025, 46.212328916256993 ], [ -90.978967436778504, 46.266576742652596 ], [ -91.064967622161845, 46.304084099282115 ], [ -91.135167146300091, 46.240802157154995 ], [ -91.174602215574282, 46.260340676820341 ], [ -91.267435974661367, 46.232034689588943 ], [ -91.315216135216332, 46.284441597915837 ], [ -91.272549196298868, 46.314416252598697 ], [ -91.294096381099195, 46.346824269050188 ], [ -91.463120428289102, 46.466892987868007 ], [ -91.548730800732315, 46.46275610497608 ], [ -91.706530000026362, 46.360972740434455 ], [ -91.708706095885887, 46.388121998174171 ], [ -91.779152405252887, 46.39507787512332 ], [ -91.791181793039854, 46.433640284935016 ], [ -91.904276704041379, 46.418092427011253 ], [ -91.925451798090066, 46.440289754347113 ], [ -91.947707256584764, 46.401560469248189 ], [ -92.01337854534026, 46.40412384832014 ], [ -92.046923337760617, 46.364871303919678 ], [ -92.11196968557806, 46.358582455363049 ], [ -92.155592230286047, 46.391168648986017 ], [ -92.329160731698622, 46.316069651223579 ], [ -92.367797052798835, 46.362314099444781 ], [ -92.523485558212357, 46.374282052823887 ], [ -92.638582901990134, 46.41814790460063 ], [ -92.65749181359223, 46.460881953194459 ], [ -92.624950809324361, 46.529705288303198 ], [ -92.661488709632891, 46.540444807793278 ], [ -92.581463429005765, 46.582147139100385 ], [ -92.573041925239266, 46.62817534650133 ], [ -92.604326100608588, 46.662224360604696 ], [ -92.566405860451908, 46.679113218158776 ], [ -92.617978969276678, 46.704716131078065 ], [ -92.65376425247922, 46.650418493755737 ], [ -92.705104762171402, 46.649085823448466 ], [ -92.787409382069583, 46.711086253766794 ], [ -92.766415522069451, 46.757371647261529 ], [ -92.809376428132893, 46.788942470887797 ], [ -93.088275652606143, 46.813664504526187 ], [ -93.213363193959154, 46.878658255678317 ], [ -93.206010748586223, 46.951442872507428 ], [ -93.079662302193128, 46.984153312189207 ], [ -93.190230023427659, 47.091462081326355 ], [ -93.158362197589426, 47.124244790841054 ], [ -93.174275133719277, 47.149789240530289 ], [ -93.119989118180243, 47.184164810358453 ], [ -93.153920575430746, 47.210863559416865 ], [ -93.135102678420338, 47.248802240611901 ], [ -93.017891821678006, 47.355141454613367 ], [ -93.015382294622057, 47.453605562442924 ] ] ] } }
]
}
